species,t_hours,treatment,fragment_name,day,time,type,Tank,Plug #,Notes,Extraction_Date,Extraction_Notes,RNA_Extraction_Status,DNA_QBIT_1,DNA_QBIT_2,DNA_QBIT_AVG,RNA_QBIT_1,RNA_QBIT_2,RNA_QBIT_AVG,Vol_in_tube,ng_RNA_total,RNA_Gel_quality_score,Lab_Notebook_Link,Re-extraction_Lab_Notebook_Link
MON,0,control,MON_R0_C1,"Wed, Jul 2",9:00 AM,bulk_rna,Tank_1,2732,No plug number written on sample tube,7/21/25,4 min bead beat + Pro K digestion for 30 mins,complete,49.2,50.4,49.8,-,10.2,10.2,60,612,2,https://github.com/nchampney/NEC_Putnam_Lab_Notebook/blob/master/_posts/2025-07-21-TimeSeries-DNA-RNA-Extractions.md,
MON,0,control,MON_R0_C2,"Wed, Jul 2",9:00 AM,bulk_rna,Tank_4,1708,No plug number written on sample tube,7/22/25,4 min bead beat + Pro K digestion for 30 mins,complete,37.6,39.2,38.4,15,15.8,15.4,60,924,2,https://github.com/nchampney/NEC_Putnam_Lab_Notebook/blob/master/_posts/2025-07-22-TimeSeries-DNA-RNA-Extractions.md,
MON,0,control,MON_R0_C3,"Wed, Jul 2",9:00 AM,bulk_rna,Tank_6,1291,No plug number written on sample tube,7/17/25,4 min bead beat + Pro K digestion for 30 mins,complete,56.8,57.8,57.3,-,10.4,10.4,80,832,2,https://github.com/nchampney/NEC_Putnam_Lab_Notebook/blob/master/_posts/2025-07-17-TimeSeries-DNA-RNA-Extractions.md,
MON,0,heat,MON_R0_H1,"Wed, Jul 2",9:00 AM,bulk_rna,Tank_2,1743,No plug number written on sample tube,8/6/25,4 min bead beat + Pro K digestion for 30 mins,Re-extracted 8/12/25,33.8,34.6,34.2,4.2,4.4,4.3,60,258,1,https://github.com/nchampney/NEC_Putnam_Lab_Notebook/blob/master/_posts/2025-08-06-TimeSeries-DNA-RNA-Extractions.md,https://github.com/nchampney/NEC_Putnam_Lab_Notebook/blob/master/_posts/2025-08-12-TimeSeries-RNA-Reextractions.md
MON,0,heat,MON_R0_H2,"Wed, Jul 2",9:00 AM,bulk_rna,Tank_3,2017,no plug number written on sample tube,7/29/25,4 min bead beat + Pro K digestion for 30 mins,complete,49,50.2,49.6,11,11.4,11.2,60,672,1,https://github.com/nchampney/NEC_Putnam_Lab_Notebook/blob/master/_posts/2025-07-29-TimeSeries-DNA-RNA-Extractions.md,
MON,0,heat,MON_R0_H3,"Wed, Jul 2",9:00 AM,bulk_rna,Tank_5,1493,No plug number written on the sample tube,7/31/25,4 min bead beat + Pro K digestion for 30 mins,complete,80.2,82.2,81.2,11.8,12.6,12.2,60,732,2,https://github.com/nchampney/NEC_Putnam_Lab_Notebook/blob/master/_posts/2025-07-31-TimeSeries-DNA-RNA-Extractions.md,
MON,1,control,MON_R1_C1,"Wed, Jul 2",10:00 AM,bulk_rna,Tank_1,1608,,7/28/25,4 min bead beat + Pro K digestion for 30 mins,complete,28.4,29.4,28.9,12.6,13,12.8,60,768,2,https://github.com/nchampney/NEC_Putnam_Lab_Notebook/blob/master/_posts/2025-07-28-TimeSeries-DNA-RNA-Extractions.md,
MON,1,control,MON_R1_C2,"Wed, Jul 2",10:00 AM,bulk_rna,Tank_4,2007,,7/29/25,4 min bead beat + Pro K digestion for 30 mins,complete,40,41.4,40.7`,10,10.4,10.2,60,612,1,https://github.com/nchampney/NEC_Putnam_Lab_Notebook/blob/master/_posts/2025-07-29-TimeSeries-DNA-RNA-Extractions.md,
MON,1,control,MON_R1_C3,"Wed, Jul 2",10:00 AM,bulk_rna,Tank_6,2419,,8/7/25,4 min bead beat + Pro K digestion for 30 mins,hs-Qubit 8/7/25,28.8,29.2,29,-,4,4,60,240,0,https://github.com/nchampney/NEC_Putnam_Lab_Notebook/blob/master/_posts/2025-08-07-TimeSeries-DNA-RNA-Extractions.md,
MON,1,heat,MON_R1_H1,"Wed, Jul 2",10:00 AM,bulk_rna,Tank_2,1074,,8/5/25,4 min bead beat + Pro K digestion for 30 mins,Concentrated original extraction and reextraction 8/18/25,25.6,26,25.8,-,-,-,30,#VALUE!,0,https://github.com/nchampney/NEC_Putnam_Lab_Notebook/blob/master/_posts/2025-08-05-TimeSeries-DNA-RNA-Extractions.md,https://github.com/nchampney/NEC_Putnam_Lab_Notebook/blob/master/_posts/2025-08-12-TimeSeries-RNA-Reextractions.md
MON,1,heat,MON_R1_H2,"Wed, Jul 2",10:00 AM,bulk_rna,Tank_3,1452,,7/24/25,4 min bead beat + Pro K digestion for 30 mins,complete,47.2,48.8,48,12.8,12.8,12.8,60,768,1,https://github.com/nchampney/NEC_Putnam_Lab_Notebook/blob/master/_posts/2025-07-24-TimeSeries-DNA-RNA-Extractions.md,
MON,1,heat,MON_R1_H3,"Wed, Jul 2",10:00 AM,bulk_rna,Tank_5,2515,,7/23/25,4 min bead beat + Pro K digestion for 30 mins,complete,31.2,32.6,31.9,10.8,11.2,11,60,660,2,https://github.com/nchampney/NEC_Putnam_Lab_Notebook/blob/master/_posts/2025-07-23-TimeSeries-DNA-RNA-Extractions.md,
MON,12,control,MON_R12_C1,"Wed, Jul 2",9:00 PM,bulk_rna,Tank_1,1728,No plug number on sample tube,7/17/25,4 min bead beat + Pro K digestion for 30 mins,complete,80.8,82,81.4,13.2,13.8,13.5,80,1080,3,https://github.com/nchampney/NEC_Putnam_Lab_Notebook/blob/master/_posts/2025-07-17-TimeSeries-DNA-RNA-Extractions.md,
MON,12,control,MON_R12_C2,"Wed, Jul 2",9:00 PM,bulk_rna,Tank_4,1774,No plug number written on sample tube,8/5/25,4 min bead beat + Pro K digestion for 30 mins,complete,97.6,99,98.3,13.6,13.8,13.7,60,822,2,https://github.com/nchampney/NEC_Putnam_Lab_Notebook/blob/master/_posts/2025-08-05-TimeSeries-DNA-RNA-Extractions.md,
MON,12,control,MON_R12_C3,"Wed, Jul 2",9:00 PM,bulk_rna,Tank_6,1238,No plug number written on sample tube,7/16/25,Bead beat for 1 min + Pro K digestion for 30 mins,hs-Qubit 8/7/25,15.8,16.3,16.05,6.04,6.14,6.09,80,487.2,1,https://github.com/nchampney/NEC_Putnam_Lab_Notebook/blob/master/_posts/2025-07-16-TimeSeries-DNA-RNA-Extractions.md,
MON,12,heat,MON_R12_H1,"Wed, Jul 2",9:00 PM,bulk_rna,Tank_2,1105,No plug number written on sample tube,7/31/25,4 min beat beat + Pro K digestion for 30 mins,hs-Qubit 8/7/25,31.4,32,31.7,5.76,5.82,5.79,60,347.4,2,https://github.com/nchampney/NEC_Putnam_Lab_Notebook/blob/master/_posts/2025-07-31-TimeSeries-DNA-RNA-Extractions.md,
MON,12,heat,MON_R12_H2,"Wed, Jul 2",9:00 PM,bulk_rna,Tank_3,1226,no plug number written on sample tube,7/23/25,4 min bead beat + Pro K digestion for 30 mins,complete,46.2,47.8,47,-,10.2,10.2,60,612,2,https://github.com/nchampney/NEC_Putnam_Lab_Notebook/blob/master/_posts/2025-07-23-TimeSeries-DNA-RNA-Extractions.md,
MON,12,heat,MON_R12_H3,"Wed, Jul 2",9:00 PM,bulk_rna,Tank_5,1409,no plug number written on sample tube,7/22/25,4 min bead beat + Pro K digestion for 30 mins,complete,68.2,71.6,69.9,15.2,16.4,15.8,60,948,3,https://github.com/nchampney/NEC_Putnam_Lab_Notebook/blob/master/_posts/2025-07-22-TimeSeries-DNA-RNA-Extractions.md,
MON,120,control,MON_R120_C1,"Mon, Jul 7",9:00 AM,bulk_rna,Tank_1,1582,,7/15/25,Dilluted DNA/RNA shield to half,Concentrated original extraction and reextraction 8/18/25,31.4,32.2,31.8,6.08,6.16,6.12,30,183.6,1,https://github.com/nchampney/NEC_Putnam_Lab_Notebook/blob/master/_posts/2025-07-15-TimeSeries-DNA-RNA-Extractions.md,https://github.com/nchampney/NEC_Putnam_Lab_Notebook/blob/master/_posts/2025-08-12-TimeSeries-RNA-Reextractions.md
MON,120,control,MON_R120_C2,"Mon, Jul 7",9:00 AM,bulk_rna,Tank_4,1182,,8/5/25,4 min bead beat + Pro K digestion for 30 mins,Concentrated original extraction and reextraction 8/18/25,36.8,37.2,37,-,-,-,30,#VALUE!,1,https://github.com/nchampney/NEC_Putnam_Lab_Notebook/blob/master/_posts/2025-08-05-TimeSeries-DNA-RNA-Extractions.md,https://github.com/nchampney/NEC_Putnam_Lab_Notebook/blob/master/_posts/2025-08-14-TimeSeries-RNA-Re-Extractions.md
MON,120,control,MON_R120_C3,"Mon, Jul 7",9:00 AM,bulk_rna,Tank_6,2736,,7/14/25,,re-extracted 8/14/25,39.8,41.2,40.5,6.58,6.58,6.58,80,526.4,0,https://github.com/nchampney/NEC_Putnam_Lab_Notebook/blob/master/_posts/2025-07-14-TimeSeries-DNA-RNA-Extractions.md,https://github.com/nchampney/NEC_Putnam_Lab_Notebook/blob/master/_posts/2025-08-14-TimeSeries-RNA-Re-Extractions.md
MON,120,heat,MON_R120_H1,"Mon, Jul 7",9:00 AM,bulk_rna,Tank_2,1607,,7/22/25,4 min bead beat + Pro K digestion for 30 mins,complete,63.2,61.6,62.4,15.8,16,15.9,60,954,2,https://github.com/nchampney/NEC_Putnam_Lab_Notebook/blob/master/_posts/2025-07-22-TimeSeries-DNA-RNA-Extractions.md,
MON,120,heat,MON_R120_H2,"Mon, Jul 7",9:00 AM,bulk_rna,Tank_3,2512,,7/15/25,Dilluted DNA/RNA shield to half,hs-Qubit 8/7/25,26.6,27.2,26.9,5,5.06,5.03,80,402.4,1,https://github.com/nchampney/NEC_Putnam_Lab_Notebook/blob/master/_posts/2025-07-15-TimeSeries-DNA-RNA-Extractions.md,
MON,120,heat,MON_R120_H3,"Mon, Jul 7",9:00 AM,bulk_rna,Tank_5,1636,,7/23/25,4 min bead beat + Pro K digestion for 30 mins,complete,103,106,104.5,30.6,31.2,30.9,60,1854,3,https://github.com/nchampney/NEC_Putnam_Lab_Notebook/blob/master/_posts/2025-07-24-TimeSeries-DNA-RNA-Extractions.md,
MON,24,control,MON_R24_C1,"Thu, Jul 3",9:00 AM,bulk_rna,Tank_1,2667,,7/29/25,4 min bead beat + Pro K digestion for 30 mins,complete,101,103,102,22.6,23.2,22.9,60,1374,3,https://github.com/nchampney/NEC_Putnam_Lab_Notebook/blob/master/_posts/2025-07-29-TimeSeries-DNA-RNA-Extractions.md,
MON,24,control,MON_R24_C2,"Thu, Jul 3",9:00 AM,bulk_rna,Tank_4,1706,,8/7/25,4 min bead beat + Pro K digestion for 30 mins,Concentrated original extraction and reextraction 8/18/25,52,52.4,52.2,-,-,-,30,#VALUE!,1,https://github.com/nchampney/NEC_Putnam_Lab_Notebook/blob/master/_posts/2025-08-07-TimeSeries-DNA-RNA-Extractions.md,https://github.com/nchampney/NEC_Putnam_Lab_Notebook/blob/master/_posts/2025-08-12-TimeSeries-RNA-Reextractions.md
MON,24,control,MON_R24_C3,"Thu, Jul 3",9:00 AM,bulk_rna,Tank_6,1214,,7/14/25,,hs-Qubit 8/7/25,41.6,43.4,42.5,5.02,5.14,5.08,80,406.4,1,https://github.com/nchampney/NEC_Putnam_Lab_Notebook/blob/master/_posts/2025-07-14-TimeSeries-DNA-RNA-Extractions.md,
MON,24,heat,MON_R24_H1,"Thu, Jul 3",9:00 AM,bulk_rna,Tank_2,2529,,7/15/25,Dilluted DNA/RNA shield to half,Concentrated original extraction and reextraction 8/18/25,7.24,7.42,7.33,-,-,-,30,#VALUE!,1,https://github.com/nchampney/NEC_Putnam_Lab_Notebook/blob/master/_posts/2025-07-15-TimeSeries-DNA-RNA-Extractions.md,https://github.com/nchampney/NEC_Putnam_Lab_Notebook/blob/master/_posts/2025-08-12-TimeSeries-RNA-Reextractions.md
MON,24,heat,MON_R24_H2,"Thu, Jul 3",9:00 AM,bulk_rna,Tank_3,1652,,7/21/25,4 min bead beat + Pro K digestion for 30 mins,hs-Qubit 8/7/25,22.2,23,22.6,4.4,4.6,4.5,60,270,1,https://github.com/nchampney/NEC_Putnam_Lab_Notebook/blob/master/_posts/2025-07-21-TimeSeries-DNA-RNA-Extractions.md,
MON,24,heat,MON_R24_H3,"Thu, Jul 3",9:00 AM,bulk_rna,Tank_5,2860,,8/7/25,4 min bead beat + Pro K digestion for 30 mins,Re-extracted 8/12/25,79.2,80.8,80,5.4,5.34,5.37,60,322.2,0,https://github.com/nchampney/NEC_Putnam_Lab_Notebook/blob/master/_posts/2025-08-07-TimeSeries-DNA-RNA-Extractions.md,https://github.com/nchampney/NEC_Putnam_Lab_Notebook/blob/master/_posts/2025-08-14-TimeSeries-RNA-Re-Extractions.md
MON,3,control,MON_R3_C1,"Wed, Jul 2",12:00 PM,bulk_rna,Tank_1,1767,,7/16/25,Bead beat for 1 min + Pro K digestion for 30 mins,hs-Qubit 8/7/25,10,10.3,10.15,4.2,4.2,4.2,80,336,1,https://github.com/nchampney/NEC_Putnam_Lab_Notebook/blob/master/_posts/2025-07-16-TimeSeries-DNA-RNA-Extractions.md,
MON,3,control,MON_R3_C2,"Wed, Jul 2",12:00 PM,bulk_rna,Tank_4,1741,,8/4/25,4 min bead beat + Pro K digestion for 30 mins,complete,52.2,54.6,53.4,-,10.2,10.2,60,612,1,https://github.com/nchampney/NEC_Putnam_Lab_Notebook/blob/master/_posts/2025-08-04-TimeSeries-DNA-RNA-Extractions.md,
MON,3,control,MON_R3_C3,"Wed, Jul 2",12:00 PM,bulk_rna,Tank_6,1467,,7/28/25,4 min bead beat + Pro K digestion for 30 mins,hs Qubit 8/7/25,22.6,23.4,23,4.6,4.8,4.7,60,282,1,https://github.com/nchampney/NEC_Putnam_Lab_Notebook/blob/master/_posts/2025-07-28-TimeSeries-DNA-RNA-Extractions.md,
MON,3,heat,MON_R3_H1,"Wed, Jul 2",12:00 PM,bulk_rna,Tank_2,1617,,7/24/25,4 min bead beat + Pro K digestion for 30 mins,Concentrated original extraction and reextraction 8/18/25,35,35.8,35.4,-,-,-,30,#VALUE!,1,https://github.com/nchampney/NEC_Putnam_Lab_Notebook/blob/master/_posts/2025-07-24-TimeSeries-DNA-RNA-Extractions.md,https://github.com/nchampney/NEC_Putnam_Lab_Notebook/blob/master/_posts/2025-08-14-TimeSeries-RNA-Re-Extractions.md
MON,3,heat,MON_R3_H2,"Wed, Jul 2",12:00 PM,bulk_rna,Tank_3,2063,,7/31/25,4 min bead beat + Pro K digestion for 30 mins,complete,49.4,50.2,49.8,-,10,10,60,600,2,https://github.com/nchampney/NEC_Putnam_Lab_Notebook/blob/master/_posts/2025-07-31-TimeSeries-DNA-RNA-Extractions.md,
MON,3,heat,MON_R3_H3,"Wed, Jul 2",12:00 PM,bulk_rna,Tank_5,1416,,8/6/25,4 min bead beat + Pro K digestion for 30 mins,hs-Qubit 8/7/25,44.4,45.2,44.8,4.2,4.2,4.2,60,252,1,https://github.com/nchampney/NEC_Putnam_Lab_Notebook/blob/master/_posts/2025-08-06-TimeSeries-DNA-RNA-Extractions.md,
MON,72,control,MON_R72_C1,"Sat, Jul 5",9:00 AM,bulk_rna,Tank_1,1687,,7/22/25,4 min bead beat + Pro K digestion for 30 mins,hs-Qubit 8/7/25,41.2,43.6,42.4,4.8,4.8,4.8,60,288,1,https://github.com/nchampney/NEC_Putnam_Lab_Notebook/blob/master/_posts/2025-07-22-TimeSeries-DNA-RNA-Extractions.md,
MON,72,control,MON_R72_C2,"Sat, Jul 5",9:00 AM,bulk_rna,Tank_4,1646,,8/4/25,4 min bead beat + Pro K digestion for 30 mins,complete,79.6,83.2,81.4,11.8,11.8,11.8,60,708,2,https://github.com/nchampney/NEC_Putnam_Lab_Notebook/blob/master/_posts/2025-08-04-TimeSeries-DNA-RNA-Extractions.md,
MON,72,control,MON_R72_C3,"Sat, Jul 5",9:00 AM,bulk_rna,Tank_6,1724,,7/28/25,4 min bead beat + Pro K digestion for 30 mins,complete,52.2,53.8,53,13,13.4,13.2,60,792,2,https://github.com/nchampney/NEC_Putnam_Lab_Notebook/blob/master/_posts/2025-07-28-TimeSeries-DNA-RNA-Extractions.md,
MON,72,heat,MON_R72_H1,"Sat, Jul 5",9:00 AM,bulk_rna,Tank_2,2182,bleached,7/23/25,4 min bead beat + Pro K digestion for 30 mins,complete,5.88,6.16,6.02,19.4,20.2,19.8,60,1188,3,https://github.com/nchampney/NEC_Putnam_Lab_Notebook/blob/master/_posts/2025-07-23-TimeSeries-DNA-RNA-Extractions.md,
MON,72,heat,MON_R72_H2,"Sat, Jul 5",9:00 AM,bulk_rna,Tank_3,2068,very bleached,7/14/25,,complete,4.42,4.58,4.5,13.2,13.8,13.5,80,1080,2,https://github.com/nchampney/NEC_Putnam_Lab_Notebook/blob/master/_posts/2025-07-14-TimeSeries-DNA-RNA-Extractions.md,
MON,72,heat,MON_R72_H3,"Sat, Jul 5",9:00 AM,bulk_rna,Tank_5,1596,,7/21/25,4 min bead beat + Pro K digestion for 30 mins,complete,89,91.6,90.3,12.6,13.4,13,60,780,2,https://github.com/nchampney/NEC_Putnam_Lab_Notebook/blob/master/_posts/2025-07-21-TimeSeries-DNA-RNA-Extractions.md,
POC,0,control,POC_R0_C1,"Wed, Jul 9",9:00 AM,bulk_rna,Tank_1,1537,,8/5/25,Pro K digestion for 30 mins,complete,80.2,81.2,80.7,26.2,26.4,26.3,80,2104,3,https://github.com/nchampney/NEC_Putnam_Lab_Notebook/blob/master/_posts/2025-08-05-TimeSeries-DNA-RNA-Extractions.md,
POC,0,control,POC_R0_C2,"Wed, Jul 9",9:00 AM,bulk_rna,Tank_4,1315,,7/14/25,,complete,32,32.8,32.4,17.8,18.4,18.1,80,1448,3,https://github.com/nchampney/NEC_Putnam_Lab_Notebook/blob/master/_posts/2025-07-14-TimeSeries-DNA-RNA-Extractions.md,
POC,0,control,POC_R0_C3,"Wed, Jul 9",9:00 AM,bulk_rna,Tank_6,1439,,7/31/25,Pro K digestion for 30 mins,complete,52.2,53,52.6,23.2,23.4,23.3,80,1864,3,https://github.com/nchampney/NEC_Putnam_Lab_Notebook/blob/master/_posts/2025-07-31-TimeSeries-DNA-RNA-Extractions.md,
POC,0,heat,POC_R0_H1,"Wed, Jul 9",9:00 AM,bulk_rna,Tank_2,2060,,7/29/25,Pro K digestion for 30 mins,complete,31,32.2,31.6,24,23.8,23.9,80,1912,3,https://github.com/nchampney/NEC_Putnam_Lab_Notebook/blob/master/_posts/2025-07-29-TimeSeries-DNA-RNA-Extractions.md,
POC,0,heat,POC_R0_H2,"Wed, Jul 9",9:00 AM,bulk_rna,Tank_3,1533,,8/7/25,Pro K digestion for 30 mins,complete,17,17,17,-,10,10,80,800,2,https://github.com/nchampney/NEC_Putnam_Lab_Notebook/blob/master/_posts/2025-08-07-TimeSeries-DNA-RNA-Extractions.md,
POC,0,heat,POC_R0_H3,"Wed, Jul 9",9:00 AM,bulk_rna,Tank_5,1290,,8/6/25,Pro K digestion for 30 mins,complete,11.7,11.9,11.8,11.4,11.4,11.4,80,912,2,https://github.com/nchampney/NEC_Putnam_Lab_Notebook/blob/master/_posts/2025-08-06-TimeSeries-DNA-RNA-Extractions.md,
POC,1,control,POC_R1_C1,"Wed, Jul 9",10:00 AM,bulk_rna,Tank_1,1118,,8/4/25,Pro K digestion for 30 mins,complete,26.8,28.2,27.5,19.4,19.6,19.5,80,1560,3,https://github.com/nchampney/NEC_Putnam_Lab_Notebook/blob/master/_posts/2025-08-04-TimeSeries-DNA-RNA-Extractions.md,
POC,1,control,POC_R1_C2,"Wed, Jul 9",10:00 AM,bulk_rna,Tank_4,1123,,7/28/25,Pro K digestion for 30 mins,complete,53,54,53.5,25.4,25.4,25.4,80,2032,3,https://github.com/nchampney/NEC_Putnam_Lab_Notebook/blob/master/_posts/2025-07-28-TimeSeries-DNA-RNA-Extractions.md,
POC,1,control,POC_R1_C3,"Wed, Jul 9",10:00 AM,bulk_rna,Tank_6,1562,,7/15/25,,complete,12.7,13,12.85,13.4,13.8,13.6,80,1088,2,https://github.com/nchampney/NEC_Putnam_Lab_Notebook/blob/master/_posts/2025-07-15-TimeSeries-DNA-RNA-Extractions.md,
POC,1,heat,POC_R1_H1,"Wed, Jul 9",10:00 AM,bulk_rna,Tank_2,2372,NOTE: PAXgene and Formalin sample are from the same plug; DNA/RNA shield sample from different plug,7/24/25,Pro K digestion for 30 mins,complete,58.4,59.4,58.9,24.4,24.8,24.6,80,1968,3,https://github.com/nchampney/NEC_Putnam_Lab_Notebook/blob/master/_posts/2025-07-24-TimeSeries-DNA-RNA-Extractions.md,
POC,1,heat,POC_R1_H2,"Wed, Jul 9",10:00 AM,bulk_rna,Tank_3,2737,,7/23/25,Pro K digestion for 30 mins,complete,52.2,54,53.1,22.4,23,22.7,80,1816,3,https://github.com/nchampney/NEC_Putnam_Lab_Notebook/blob/master/_posts/2025-07-23-TimeSeries-DNA-RNA-Extractions.md,
POC,1,heat,POC_R1_H3,"Wed, Jul 9",10:00 AM,bulk_rna,Tank_5,1177,,7/22/25,Pro K digestion for 30 mins,complete,14.7,15.7,15.2,13.8,14,13.9,80,1112,3,https://github.com/nchampney/NEC_Putnam_Lab_Notebook/blob/master/_posts/2025-07-22-TimeSeries-DNA-RNA-Extractions.md,
POC,12,control,POC_R12_C1,"Wed, Jul 9",9:00 PM,bulk_rna,Tank_1,1729,,8/4/25,Pro K digestion for 30 mins,complete,40.8,42.8,41.8,23.8,24.6,24.2,80,1936,3,https://github.com/nchampney/NEC_Putnam_Lab_Notebook/blob/master/_posts/2025-08-04-TimeSeries-DNA-RNA-Extractions.md,
POC,12,control,POC_R12_C2,"Wed, Jul 9",9:00 PM,bulk_rna,Tank_4,1555,,7/16/25,Pro K digestion for 30 mins,complete,44.2,45,44.6,21,21.4,21.2,80,1696,3,https://github.com/nchampney/NEC_Putnam_Lab_Notebook/blob/master/_posts/2025-07-16-TimeSeries-DNA-RNA-Extractions.md,
POC,12,control,POC_R12_C3,"Wed, Jul 9",9:00 PM,bulk_rna,Tank_6,3003,,7/14/25,,complete,33.6,34.4,34,28.4,28.8,28.6,80,2288,3,https://github.com/nchampney/NEC_Putnam_Lab_Notebook/blob/master/_posts/2025-07-14-TimeSeries-DNA-RNA-Extractions.md,
POC,12,heat,POC_R12_H1,"Wed, Jul 9",9:00 PM,bulk_rna,Tank_2,1174,,7/28/25,Pro K digestion for 30 mins,complete,18.1,18.1,18.1,20,20,20,80,1600,3,https://github.com/nchampney/NEC_Putnam_Lab_Notebook/blob/master/_posts/2025-07-28-TimeSeries-DNA-RNA-Extractions.md,
POC,12,heat,POC_R12_H2,"Wed, Jul 9",9:00 PM,bulk_rna,Tank_3,1470,,7/21/25,Pro K digestion for 30 mins,complete,17.6,18.2,17.9,11.8,11.8,11.8,80,944,3,https://github.com/nchampney/NEC_Putnam_Lab_Notebook/blob/master/_posts/2025-07-21-TimeSeries-DNA-RNA-Extractions.md,
POC,12,heat,POC_R12_H3,"Wed, Jul 9",9:00 PM,bulk_rna,Tank_5,1102,,7/22/25,Pro K digestion for 30 mins,complete,26,26,26,14,13.8,13.9,80,1112,3,https://github.com/nchampney/NEC_Putnam_Lab_Notebook/blob/master/_posts/2025-07-22-TimeSeries-DNA-RNA-Extractions.md,
POC,120,control,POC_R120_C1,"Mon, Jul 14",9:00 AM,bulk_rna,Tank_1,2758,,7/23/25,Pro K digestion for 30 mins,complete,24.2,24.4,24.3,19.8,19.4,19.6,80,1568,3,https://github.com/nchampney/NEC_Putnam_Lab_Notebook/blob/master/_posts/2025-07-23-TimeSeries-DNA-RNA-Extractions.md,
POC,120,control,POC_R120_C2,"Mon, Jul 14",9:00 AM,bulk_rna,Tank_4,1128,,7/24/25,Pro K digestion for 30 mins,complete,38,38.2,38.1,22.4,22.4,22.4,80,1792,3,https://github.com/nchampney/NEC_Putnam_Lab_Notebook/blob/master/_posts/2025-07-24-TimeSeries-DNA-RNA-Extractions.md,
POC,120,control,POC_R120_C3,"Mon, Jul 14",9:00 AM,bulk_rna,Tank_6,1824,,7/21/25,Pro K digestion for 30 mins,complete,27.4,28.4,27.9,14.4,15,14.7,80,1176,3,https://github.com/nchampney/NEC_Putnam_Lab_Notebook/blob/master/_posts/2025-07-21-TimeSeries-DNA-RNA-Extractions.md,
POC,120,heat,POC_R120_H1,"Mon, Jul 14",9:00 AM,bulk_rna,Tank_2,2997,,7/29/25,Pro K digestion for 30 mins,complete,8.52,8.76,8.64,16.2,16.6,16.4,80,1312,2,https://github.com/nchampney/NEC_Putnam_Lab_Notebook/blob/master/_posts/2025-07-29-TimeSeries-DNA-RNA-Extractions.md,
POC,120,heat,POC_R120_H2,"Mon, Jul 14",9:00 AM,bulk_rna,Tank_3,2729,,7/22/25,Pro K digestion for 30 mins,complete,26,26,26,17.8,17.4,17.6,80,1408,3,https://github.com/nchampney/NEC_Putnam_Lab_Notebook/blob/master/_posts/2025-07-22-TimeSeries-DNA-RNA-Extractions.md,
POC,120,heat,POC_R120_H3,"Mon, Jul 14",9:00 AM,bulk_rna,Tank_5,1130,,7/31/25,Pro K digestion for 30 mins,complete,25,24.8,24.9,22.2,21.8,22,80,1760,3,https://github.com/nchampney/NEC_Putnam_Lab_Notebook/blob/master/_posts/2025-07-31-TimeSeries-DNA-RNA-Extractions.md,
POC,24,control,POC_R24_C1,"Thu, Jul 10",9:00 AM,bulk_rna,Tank_1,1189,,7/24/25,Pro K digestion for 30 mins,complete,31,30.8,30.9,21,21,21,80,1680,3,https://github.com/nchampney/NEC_Putnam_Lab_Notebook/blob/master/_posts/2025-07-24-TimeSeries-DNA-RNA-Extractions.md,
POC,24,control,POC_R24_C2,"Thu, Jul 10",9:00 AM,bulk_rna,Tank_4,2070,,7/16/25,Pro K digestion for 30 mins,complete,44.2,45.2,44.7,29.2,29.4,29.3,80,2344,3,https://github.com/nchampney/NEC_Putnam_Lab_Notebook/blob/master/_posts/2025-07-16-TimeSeries-DNA-RNA-Extractions.md,
POC,24,control,POC_R24_C3,"Thu, Jul 10",9:00 AM,bulk_rna,Tank_6,1133,,7/29/25,Pro K digestion for 30 mins,complete,34,34.6,34.3,28.6,28.8,28.7,80,2296,3,https://github.com/nchampney/NEC_Putnam_Lab_Notebook/blob/master/_posts/2025-07-29-TimeSeries-DNA-RNA-Extractions.md,
POC,24,heat,POC_R24_H1,"Thu, Jul 10",9:00 AM,bulk_rna,Tank_2,1734,,7/15/25,,complete,41,43,42,25.8,25.8,25.8,80,2064,3,https://github.com/nchampney/NEC_Putnam_Lab_Notebook/blob/master/_posts/2025-07-15-TimeSeries-DNA-RNA-Extractions.md,
POC,24,heat,POC_R24_H2,"Thu, Jul 10",9:00 AM,bulk_rna,Tank_3,1566,,7/23/25,Pro K digestion for 30 mins,complete,48,47.8,47.9,30.2,30,30.1,80,2408,3,https://github.com/nchampney/NEC_Putnam_Lab_Notebook/blob/master/_posts/2025-07-23-TimeSeries-DNA-RNA-Extractions.md,
POC,24,heat,POC_R24_H3,"Thu, Jul 10",9:00 AM,bulk_rna,Tank_5,1478,,7/17/25,Pro K digestion for 30 mins,complete,11.1,11.4,11.25,14.6,15.2,14.9,80,1192,3,https://github.com/nchampney/NEC_Putnam_Lab_Notebook/blob/master/_posts/2025-07-17-TimeSeries-DNA-RNA-Extractions.md,
POC,3,control,POC_R3_C1,"Wed, Jul 9",12:00 PM,bulk_rna,Tank_1,2869,,7/14/25,,complete,17.3,17.9,17.6,20.8,20.6,20.7,80,1656,3,https://github.com/nchampney/NEC_Putnam_Lab_Notebook/blob/master/_posts/2025-07-14-TimeSeries-DNA-RNA-Extractions.md,
POC,3,control,POC_R3_C2,"Wed, Jul 9",12:00 PM,bulk_rna,Tank_4,1752,,7/16/25,Pro K digestion for 30 mins,complete,38,38.4,38.2,26.4,26.6,26.5,80,2120,3,https://github.com/nchampney/NEC_Putnam_Lab_Notebook/blob/master/_posts/2025-07-16-TimeSeries-DNA-RNA-Extractions.md,
POC,3,control,POC_R3_C3,"Wed, Jul 9",12:00 PM,bulk_rna,Tank_6,2378,,7/21/25,Pro K digestion for 30 mins,complete,23.4,24,23.7,17.4,18,17.7,80,1416,3,https://github.com/nchampney/NEC_Putnam_Lab_Notebook/blob/master/_posts/2025-07-21-TimeSeries-DNA-RNA-Extractions.md,
POC,3,heat,POC_R3_H1,"Wed, Jul 9",12:00 PM,bulk_rna,Tank_2,1727,,7/22/25,Pro K digestion for 30 mins,complete,31.2,32.6,31.9,14,14.6,14.3,80,1144,3,https://github.com/nchampney/NEC_Putnam_Lab_Notebook/blob/master/_posts/2025-07-22-TimeSeries-DNA-RNA-Extractions.md,
POC,3,heat,POC_R3_H2,"Wed, Jul 9",12:00 PM,bulk_rna,Tank_3,1615,,8/7/25,Pro K digestion for 30 mins,complete,28.2,28.8,28.5,17.2,17.4,17.3,80,1384,3,https://github.com/nchampney/NEC_Putnam_Lab_Notebook/blob/master/_posts/2025-08-07-TimeSeries-DNA-RNA-Extractions.md,
POC,3,heat,POC_R3_H3,"Wed, Jul 9",12:00 PM,bulk_rna,Tank_5,2985,,8/5/25,Pro K digestion for 30 mins + accidentally eluted DNA to 110 uL,complete,9.04,9.14,9.09,13.8,14,13.9,80,1112,3,https://github.com/nchampney/NEC_Putnam_Lab_Notebook/blob/master/_posts/2025-08-05-TimeSeries-DNA-RNA-Extractions.md,
POC,72,control,POC_R72_C1,"Sat, Jul 12",9:00 AM,bulk_rna,Tank_1,1584,,7/17/25,Pro K digestion for 30 mins,complete,16.7,17.2,16.95,12.8,13.2,13,80,1040,3,https://github.com/nchampney/NEC_Putnam_Lab_Notebook/blob/master/_posts/2025-07-17-TimeSeries-DNA-RNA-Extractions.md,
POC,72,control,POC_R72_C2,"Sat, Jul 12",9:00 AM,bulk_rna,Tank_4,2881,,7/28/25,Pro K digestion for 30 mins,complete,23.2,23.4,23.3,16.6,16.6,16.6,80,1328,2,https://github.com/nchampney/NEC_Putnam_Lab_Notebook/blob/master/_posts/2025-07-28-TimeSeries-DNA-RNA-Extractions.md,
POC,72,control,POC_R72_C3,"Sat, Jul 12",9:00 AM,bulk_rna,Tank_6,1298,,8/6/25,Pro K digestion for 30 mins,complete,49,49.2,49.1,22.4,22.4,22.4,80,1792,3,https://github.com/nchampney/NEC_Putnam_Lab_Notebook/blob/master/_posts/2025-08-06-TimeSeries-DNA-RNA-Extractions.md,
POC,72,heat,POC_R72_H1,"Sat, Jul 12",9:00 AM,bulk_rna,Tank_2,1496,,7/31/25,Pro K digestion for 30 mins,complete,24,23.6,23.8,29,28.8,28.9,80,2312,3,https://github.com/nchampney/NEC_Putnam_Lab_Notebook/blob/master/_posts/2025-07-31-TimeSeries-DNA-RNA-Extractions.md,
POC,72,heat,POC_R72_H2,"Sat, Jul 12",9:00 AM,bulk_rna,Tank_3,2738,,8/5/25,Pro K digestion for 30 mins,complete,29.6,30,29.8,26.2,26,26.1,80,2088,3,https://github.com/nchampney/NEC_Putnam_Lab_Notebook/blob/master/_posts/2025-08-05-TimeSeries-DNA-RNA-Extractions.md,
POC,72,heat,POC_R72_H3,"Sat, Jul 12",9:00 AM,bulk_rna,Tank_5,1557,,7/17/25,Pro K digestion for 30 mins,complete,32.4,33.2,32.8,23,23.6,23.3,80,1864,3,https://github.com/nchampney/NEC_Putnam_Lab_Notebook/blob/master/_posts/2025-07-17-TimeSeries-DNA-RNA-Extractions.md,
POR,0,control,POR_R0_C1,"Wed, Jun 25",9:00 AM,bulk_rna,Tank_1,1752,,7/16/25,Pro K digestion for 30 mins,complete,16.8,17.1,16.95,24,24,24,80,1920,2,https://github.com/nchampney/NEC_Putnam_Lab_Notebook/blob/master/_posts/2025-07-16-TimeSeries-DNA-RNA-Extractions.md,
POR,0,control,POR_R0_C2,"Wed, Jun 25",9:00 AM,bulk_rna,Tank_4,1219,,7/9/25,,complete,4.4,4.36,4.38,12.8,12.8,12.8,80,1024,1,https://github.com/nchampney/NEC_Putnam_Lab_Notebook/blob/master/_posts/2025-07-09-%20TimeSeries-DNA-RNA-Extractions.md,
POR,0,control,POR_R0_C3,"Wed, Jun 25",9:00 AM,bulk_rna,Tank_6,1559,,7/24/25,Pro K digestion for 30 mins,complete,9.54,9.54,9.54,24.6,25.2,24.9,80,1992,3,https://github.com/nchampney/NEC_Putnam_Lab_Notebook/blob/master/_posts/2025-07-24-TimeSeries-DNA-RNA-Extractions.md,
POR,0,heat,POR_R0_H1,"Wed, Jun 25",9:00 AM,bulk_rna,Tank_2,2208,,7/31/25,Pro K digestion for 30 mins,complete,-,-,-,20.2,20.8,20.5,80,1640,2,https://github.com/nchampney/NEC_Putnam_Lab_Notebook/blob/master/_posts/2025-07-31-TimeSeries-DNA-RNA-Extractions.md,
POR,0,heat,POR_R0_H2,"Wed, Jun 25",9:00 AM,bulk_rna,Tank_3,3003,,7/23/25,Pro K digestion for 30 mins,complete,12.7,13.3,13,23.8,24.2,24,80,1920,3,https://github.com/nchampney/NEC_Putnam_Lab_Notebook/blob/master/_posts/2025-07-23-TimeSeries-DNA-RNA-Extractions.md,
POR,0,heat,POR_R0_H3,"Wed, Jun 25",9:00 AM,bulk_rna,Tank_5,1100,,8/6/25,Pro K digestion for 30 mins,complete,4.94,4.96,4.95,22,22.2,22.1,80,1768,2,https://github.com/nchampney/NEC_Putnam_Lab_Notebook/blob/master/_posts/2025-08-06-TimeSeries-DNA-RNA-Extractions.md,
POR,1,control,POR_R1_C1,"Wed, Jun 25",10:00 AM,bulk_rna,Tank_1,1644,,7/9/25,,complete,3.02,3.14,3.08,15.2,15.2,15.2,80,1216,1,https://github.com/nchampney/NEC_Putnam_Lab_Notebook/blob/master/_posts/2025-07-09-%20TimeSeries-DNA-RNA-Extractions.md,
POR,1,control,POR_R1_C2,"Wed, Jun 25",10:00 AM,bulk_rna,Tank_4,2869,,8/6/25,Pro K digestion for 30 mins,complete,5.02,5.12,5.07,18,18,18,80,1440,2,https://github.com/nchampney/NEC_Putnam_Lab_Notebook/blob/master/_posts/2025-08-06-TimeSeries-DNA-RNA-Extractions.md,
POR,1,control,POR_R1_C3,"Wed, Jun 25",10:00 AM,bulk_rna,Tank_6,1566,,7/15/25,,complete,5.78,5.7,5.74,20,20.2,20.1,80,1608,2,https://github.com/nchampney/NEC_Putnam_Lab_Notebook/blob/master/_posts/2025-07-15-TimeSeries-DNA-RNA-Extractions.md,
POR,1,heat,POR_R1_H1,"Wed, Jun 25",10:00 AM,bulk_rna,Tank_2,1175,,7/9/25,,complete,4.32,4.42,4.37,10.4,10.4,10.4,80,832,0,https://github.com/nchampney/NEC_Putnam_Lab_Notebook/blob/master/_posts/2025-07-09-%20TimeSeries-DNA-RNA-Extractions.md,
POR,1,heat,POR_R1_H2,"Wed, Jun 25",10:00 AM,bulk_rna,Tank_3,1554,,7/17/25,Pro K digestion for 30 mins,complete,9.86,9.96,9.91,14.4,15,14.7,80,1176,1,https://github.com/nchampney/NEC_Putnam_Lab_Notebook/blob/master/_posts/2025-07-17-TimeSeries-DNA-RNA-Extractions.md,
POR,1,heat,POR_R1_H3,"Wed, Jun 25",10:00 AM,bulk_rna,Tank_5,1159,,7/15/25,,complete,2.84,2.94,2.89,11.6,12,11.8,80,944,0,https://github.com/nchampney/NEC_Putnam_Lab_Notebook/blob/master/_posts/2025-07-15-TimeSeries-DNA-RNA-Extractions.md,
POR,12,control,POR_R12_C1,"Wed, Jun 25",9:00 PM,bulk_rna,Tank_1,2378,,7/29/25,Pro K digestion for 30 mins,complete,9.28,9.32,9.3,25,24.4,24.7,80,1976,2,https://github.com/nchampney/NEC_Putnam_Lab_Notebook/blob/master/_posts/2025-07-29-TimeSeries-DNA-RNA-Extractions.md,
POR,12,control,POR_R12_C2,"Wed, Jun 25",9:00 PM,bulk_rna,Tank_4,1123,,7/21/25,Pro K digestion for 30 mins,complete,6.92,6.98,6.95,22.8,22.6,22.7,80,1816,3,https://github.com/nchampney/NEC_Putnam_Lab_Notebook/blob/master/_posts/2025-07-21-TimeSeries-DNA-RNA-Extractions.md,
POR,12,control,POR_R12_C3,"Wed, Jun 25",9:00 PM,bulk_rna,Tank_6,2073,,8/4/25,Pro K digestion for 30 mins,complete,7.38,7.88,7.63,18.2,18.8,18.5,80,1480,2,https://github.com/nchampney/NEC_Putnam_Lab_Notebook/blob/master/_posts/2025-08-04-TimeSeries-DNA-RNA-Extractions.md,
POR,12,heat,POR_R12_H1,"Wed, Jun 25",9:00 PM,bulk_rna,Tank_2,1616,,7/9/25,,complete,4.32,4.48,4.4,15.4,16,15.7,80,1256,3,https://github.com/nchampney/NEC_Putnam_Lab_Notebook/blob/master/_posts/2025-07-09-%20TimeSeries-DNA-RNA-Extractions.md,
POR,12,heat,POR_R12_H2,"Wed, Jun 25",9:00 PM,bulk_rna,Tank_3,1584,,8/5/25,Pro K digestion for 30 mins,complete,3.84,3.7,3.77,18.6,18.4,18.5,80,1480,2,https://github.com/nchampney/NEC_Putnam_Lab_Notebook/blob/master/_posts/2025-08-05-TimeSeries-DNA-RNA-Extractions.md,
POR,12,heat,POR_R12_H3,"Wed, Jun 25",9:00 PM,bulk_rna,Tank_5,2376,"Sampled 3rd - order messed up, make sure pictures reflect this",7/28/25,Pro K digestion for 30 mins,complete,6.14,6.3,6.22,20.8,21.2,21,80,1680,2,https://github.com/nchampney/NEC_Putnam_Lab_Notebook/blob/master/_posts/2025-07-28-TimeSeries-DNA-RNA-Extractions.md,
POR,120,control,POR_R120_C1,"Mon, Jun 30",9:00 AM,bulk_rna,Tank_1,1177,,7/17/25,Pro K digestion for 30 mins,complete,8.2,8.14,8.17,16.8,16.6,16.7,80,1336,1,https://github.com/nchampney/NEC_Putnam_Lab_Notebook/blob/master/_posts/2025-07-17-TimeSeries-DNA-RNA-Extractions.md,
POR,120,control,POR_R120_C2,"Mon, Jun 30",9:00 AM,bulk_rna,Tank_4,1315,,8/5/25,Pro K digestion for 30 mins,complete,3.94,3.92,3.93,21,20.6,20.8,80,1664,2,https://github.com/nchampney/NEC_Putnam_Lab_Notebook/blob/master/_posts/2025-08-05-TimeSeries-DNA-RNA-Extractions.md,
POR,120,control,POR_R120_C3,"Mon, Jun 30",9:00 AM,bulk_rna,Tank_6,1067,,7/8/2025,,complete,10.3,10.2,10.25,16,15.6,15.8,80,1264,2,https://github.com/nchampney/NEC_Putnam_Lab_Notebook/blob/master/_posts/2025-07-08-TimeSeries-DNA-RNA-Extractions.md,
POR,120,heat,POR_R120_H1,"Mon, Jun 30",9:00 AM,bulk_rna,Tank_2,1478,,7/8/25,,complete,16.7,16.4,16.55,17.4,18.2,17.8,80,1424,3,https://github.com/nchampney/NEC_Putnam_Lab_Notebook/blob/master/_posts/2025-07-08-TimeSeries-DNA-RNA-Extractions.md,
POR,120,heat,POR_R120_H2,"Mon, Jun 30",9:00 AM,bulk_rna,Tank_3,1533,,7/24/25,Pro K digestion for 30 mins,complete,12,12.3,12.15,19,19.4,19.2,80,1536,3,https://github.com/nchampney/NEC_Putnam_Lab_Notebook/blob/master/_posts/2025-07-24-TimeSeries-DNA-RNA-Extractions.md,
POR,120,heat,POR_R120_H3,"Mon, Jun 30",9:00 AM,bulk_rna,Tank_5,1614,,7/29/25,Pro K digestion for 30 mins,complete,13.3,13.3,13.3,23,23.8,23.4,80,1872,1,https://github.com/nchampney/NEC_Putnam_Lab_Notebook/blob/master/_posts/2025-07-29-TimeSeries-DNA-RNA-Extractions.md,
POR,24,control,POR_R24_C1,"Thu, Jun 26",9:00 AM,bulk_rna,Tank_1,1298,,7/14/25,,complete,3.42,3.44,3.43,33.8,33.6,33.7,80,2696,3,https://github.com/nchampney/NEC_Putnam_Lab_Notebook/blob/master/_posts/2025-07-14-25-TimeSeries-DNA-RNA-Extractions.md,
POR,24,control,POR_R24_C2,"Thu, Jun 26",9:00 AM,bulk_rna,Tank_4,1254,,7/21/25,ProK digestion for 30 mins,complete,8.42,8.44,8.43,17.6,17.6,17.6,80,1408,1,https://github.com/nchampney/NEC_Putnam_Lab_Notebook/blob/master/_posts/2025-07-21-TimeSeries-DNA-RNA-Extractions.md,
POR,24,control,POR_R24_C3,"Thu, Jun 26",9:00 AM,bulk_rna,Tank_6,1140,,7/31/25,ProK digestion for 30 mins,complete,6.48,6.68,6.58,13.6,14.2,13.9,80,1112,0,https://github.com/nchampney/NEC_Putnam_Lab_Notebook/blob/master/_posts/2025-07-31-TimeSeries-DNA-RNA-Extractions.md,
POR,24,heat,POR_R24_H1,"Thu, Jun 26",9:00 AM,bulk_rna,Tank_2,1186,,7/9/25,,complete,6.6,6.78,6.69,-,10,10,80,800,0,https://github.com/nchampney/NEC_Putnam_Lab_Notebook/blob/master/_posts/2025-07-09-%20TimeSeries-DNA-RNA-Extractions.md,
POR,24,heat,POR_R24_H2,"Thu, Jun 26",9:00 AM,bulk_rna,Tank_3,2201,,8/7/25,Pro K digestion for 30 mins,complete,16.8,17.5,17.15,29.4,29.2,29.3,80,2344,3,https://github.com/nchampney/NEC_Putnam_Lab_Notebook/blob/master/_posts/2025-08-07-TimeSeries-DNA-RNA-Extractions.md,
POR,24,heat,POR_R24_H3,"Thu, Jun 26",9:00 AM,bulk_rna,Tank_5,2079,,7/9/25,,complete,9.34,9.68,9.51,16.6,17,16.8,80,1344,3,https://github.com/nchampney/NEC_Putnam_Lab_Notebook/blob/master/_posts/2025-07-09-%20TimeSeries-DNA-RNA-Extractions.md,
POR,3,control,POR_R3_C1,"Wed, Jun 25",12:00 PM,bulk_rna,Tank_1,1306,,7/28/25,Pro K digestion for 30 mins,complete,5.96,6.24,6.1,21.6,22,21.8,80,1744,2,https://github.com/nchampney/NEC_Putnam_Lab_Notebook/blob/master/_posts/2025-07-28-TimeSeries-DNA-RNA-Extractions.md,
POR,3,control,POR_R3_C2,"Wed, Jun 25",12:00 PM,bulk_rna,Tank_4,1653,,7/14/25,,complete,6.36,6.4,6.38,19.2,18.8,19,80,1520,0,https://github.com/nchampney/NEC_Putnam_Lab_Notebook/blob/master/_posts/2025-07-14-25-TimeSeries-DNA-RNA-Extractions.md,
POR,3,control,POR_R3_C3,"Wed, Jun 25",12:00 PM,bulk_rna,Tank_6,1748,,7/17/25,Pro K digestion for 30 mins,complete,8.3,8.28,8.29,14.8,14.8,14.8,80,1184,2,https://github.com/nchampney/NEC_Putnam_Lab_Notebook/blob/master/_posts/2025-07-17-TimeSeries-DNA-RNA-Extractions.md,
POR,3,heat,POR_R3_H1,"Wed, Jun 25",12:00 PM,bulk_rna,Tank_2,1164,,7/23/25,Pro K digestion for 30 mins,complete,8.54,8.96,8.75,27.2,27.8,27.5,80,2200,3,https://github.com/nchampney/NEC_Putnam_Lab_Notebook/blob/master/_posts/2025-07-23-TimeSeries-DNA-RNA-Extractions.md,
POR,3,heat,POR_R3_H2,"Wed, Jun 25",12:00 PM,bulk_rna,Tank_3,1412,,7/8/25,,complete ,21.2,21,21.1,21,21,21,80,1680,3,https://github.com/nchampney/NEC_Putnam_Lab_Notebook/blob/master/_posts/2025-07-08-TimeSeries-DNA-RNA-Extractions.md,
POR,3,heat,POR_R3_H3,"Wed, Jun 25",12:00 PM,bulk_rna,Tank_5,1218,,8/4/25,Pro K digestion for 30 mins,complete,11.2,11.8,11.5,19.8,20.2,20,80,1600,2,https://github.com/nchampney/NEC_Putnam_Lab_Notebook/blob/master/_posts/2025-08-04-TimeSeries-DNA-RNA-Extractions.md,
POR,72,control,POR_R72_C1,"Sat, Jun 28",9:00 AM,bulk_rna,Tank_1,1439,,7/15/25,,complete,2.82,2.8,2.81,11.6,12.2,11.9,80,952,1,https://github.com/nchampney/NEC_Putnam_Lab_Notebook/blob/master/_posts/2025-07-15-TimeSeries-DNA-RNA-Extractions.md,
POR,72,control,POR_R72_C2,"Sat, Jun 28",9:00 AM,bulk_rna,Tank_4,3002,,7/9/25,,complete,9.98,10.3,10.14,25.6,26,25.8,80,2064,3,https://github.com/nchampney/NEC_Putnam_Lab_Notebook/blob/master/_posts/2025-07-09-%20TimeSeries-DNA-RNA-Extractions.md,
POR,72,control,POR_R72_C3,"Sat, Jun 28",9:00 AM,bulk_rna,Tank_6,1125,,7/16/25,Pro K digestion for 30 mins,complete,7.76,7.68,7.72,16.6,16.6,16.6,80,1328,1,https://github.com/nchampney/NEC_Putnam_Lab_Notebook/blob/master/_posts/2025-07-16-TimeSeries-DNA-RNA-Extractions.md,
POR,72,heat,POR_R72_H1,"Sat, Jun 28",9:00 AM,bulk_rna,Tank_2,1242,,7/8/25,,complete,6.76,6.66,6.71,10.6,10.8,10.7,80,856,1,https://github.com/nchampney/NEC_Putnam_Lab_Notebook/blob/master/_posts/2025-07-08-TimeSeries-DNA-RNA-Extractions.md,
POR,72,heat,POR_R72_H2,"Sat, Jun 28",9:00 AM,bulk_rna,Tank_3,1128,,7/16/25,Pro K digestion for 30 mins,complete,6.06,5.94,6,10,10.2,10.1,80,808,0,https://github.com/nchampney/NEC_Putnam_Lab_Notebook/blob/master/_posts/2025-07-16-TimeSeries-DNA-RNA-Extractions.md,
POR,72,heat,POR_R72_H3,"Sat, Jun 28",9:00 AM,bulk_rna,Tank_5,1734,,7/9/25,,complete,12.4,12.6,12.5,23.4,23,23.2,80,1856,3,https://github.com/nchampney/NEC_Putnam_Lab_Notebook/blob/master/_posts/2025-07-09-%20TimeSeries-DNA-RNA-Extractions.md,