"sample","ME25","ME9","ME22","ME27","ME7","ME17","ME1","ME23","ME6","ME8","ME13","ME18","ME15","ME19","ME28","ME14","ME26","ME16","ME3","ME2","ME4","ME10","ME12","ME20","ME24","ME21","ME5","ME11","ME0"
"POR_R0_C1",0.226639978671842,0.042937261897349,0.0158818695666198,0.238086098805617,-0.120865841712966,0.131729146587521,0.0218172273166126,0.0898033426734934,-0.0225239792556476,-0.0253010621799669,-0.0958034268815724,-0.14815353870129,0.110510518639931,0.0556644528646759,-0.238543318730385,-0.0887577959589635,0.211854568961207,0.0932444844978164,-0.0397326715275731,0.0788005909184823,-0.0603590230858869,0.34232361584528,0.219327486309497,-0.178542472638175,-0.189590962605575,-0.109539310260955,0.122551394952955,0.136336566104925,0.0113909460153327
"POR_R0_C2",0.259487006153768,0.179144153377556,0.173981228273771,-0.162252379790845,-0.167430872725045,-0.170598575587753,0.0775558056135605,0.168741256507141,0.0364974326926534,0.137753753125077,-0.242929276522271,-0.264347404833865,-0.1758378610991,-0.243991230891046,-0.232532286082532,-0.164693534474175,-0.181172037416693,-0.0343260288897024,-0.119952755363921,-0.0503442609511238,-0.149585518995978,0.138496543499607,0.0707511747518718,0.0900142755341625,-0.081718681837095,0.135079546717038,0.190506963934406,0.165700634401175,0.298092259650555
"POR_R0_C3",0.170822528882145,-0.148967064299357,0.127155731771952,0.173359870113655,0.185525186945103,0.132751983030061,0.116164140091727,-0.00230556986073271,0.15513158177736,0.079280222296087,0.0945604158443221,0.000989073324451112,0.000124909853107924,0.0925809822303798,0.0124123196360907,-0.16140944706818,-0.167686401590073,0.17201645792771,-0.104785101864257,-0.0190386641559139,-0.107777707666992,-0.0918139164703948,0.104678103182574,-0.124887158680241,-0.0582609186639192,-0.220374182872343,-0.101951447981856,-0.179162153776139,-0.0194341966957899
"POR_R0_H1",-0.133735198925286,0.217594403312936,0.224787633053717,0.320579029616241,0.00424557350119397,0.132118923578807,-0.132957786273413,-0.172939057592068,-0.191105985761299,0.0526248225314273,-0.235547602402515,-0.0482992389317989,-0.136886113488512,0.175328756338441,0.170305384291325,0.193075814897106,0.193169064130797,0.134936395120786,0.0839425249232709,0.0938802534740225,0.151949614523155,-0.19446848205987,-0.00109411158979315,-0.198882034173592,-0.258505974584715,0.0851899027573919,0.0531045159477576,-0.108991193624668,-0.0716429389411226
"POR_R0_H2",-0.0616168368273571,-0.149344505446898,0.125519196722164,0.163038618825164,0.0951066394448592,0.125580413301825,-0.167544989378129,-0.24317916219867,0.117136546768971,0.0287498240360764,0.0846994637747845,-0.0533871957742698,0.0312067055001137,0.185245911643239,-0.0990690892543862,-0.133207334929669,-0.152740646304257,-0.0378135140504256,0.179782232530539,0.190016099116518,0.166485210549947,0.128399753328373,0.154773889547836,-0.131057721107371,-0.0509962565276921,-0.207945387315885,0.0197376119332912,-0.194850281653694,-0.102688348503826
"POR_R0_H3",-0.101225894009246,0.182930956288418,0.190173596927343,0.280860881733806,0.0202158488085409,0.127811730191162,-0.115602097424261,-0.0986699295803844,-0.183768156175571,0.0388979617344411,-0.227289730601473,-0.0201735777377222,-0.134506735386325,0.142566001077064,0.257819902106797,0.157844280422209,0.202414915210569,0.129500880002821,0.118997532773642,0.112405649361883,0.105752413513187,-0.0983558762544336,0.0306633903600849,-0.167580704293597,-0.251728170698542,0.0868352465695404,-0.0122002951605136,-0.0923235720552092,-0.0755031655744796
"POR_R1_C1",-0.120805989003368,-0.0961265202225524,-0.186112309628247,-0.170059564550312,-0.189623833080301,-0.192690604537162,-0.192812582575963,-0.237878534838293,-0.163575617449604,-0.251198223709259,0.0925523102073687,-0.00884729185932741,0.218325538445549,0.177016835334479,0.172997612291431,0.181623041794638,0.0873473854895749,0.130306732076364,0.166761837686744,0.154824246829856,0.197690568586075,-0.101465960633645,-0.0983643811937256,0.17132023766635,0.186954260821007,0.0836573431451291,0.202434765853318,0.110757868617194,-0.104312321160367
"POR_R1_C2",-0.141166212210139,0.182419372897639,0.158028603053061,0.217627903330015,0.0518219035291586,0.143918915969792,-0.120248663164395,0.000132553003499359,-0.17951030349749,0.0412885946170379,-0.215509834036837,-0.0291567785138223,-0.139709826146395,0.0692393627828259,0.330371820586407,0.154080045496924,0.184228204044063,0.242883835579653,0.129159708406765,0.0525872452694739,0.12881858626913,-0.100000060319181,-0.0431355501684326,-0.175153107339251,-0.22548316013082,0.104034729268933,-0.0937679761577239,-0.10468091412016,-0.0528039420523871
"POR_R1_C3",0.373446863393493,0.0611528260474289,0.0270733990378837,0.206341897836315,-0.0987719432266397,0.169626847692854,0.164076939830052,0.325883057386912,0.00342899282418487,0.0182316305447766,-0.0841311109910312,-0.124380356397323,0.128483554545826,-0.00909347732251358,-0.238420351300261,-0.0850512507434823,0.220720830885432,-0.0571156161134337,-0.202469366258135,-0.0516666751453845,-0.143814698792268,0.173688345563384,0.0656259427480296,-0.183596714512848,-0.222559891380216,-0.0832372209867726,0.037554774667934,0.170625581073011,0.0802333240184021
"POR_R1_H1",-0.0519545190903429,0.241429082401999,0.247953853592854,-0.170432118009415,-0.209715719731228,-0.230640860853933,-0.181484858989845,-0.0235646896751738,0.102840157255291,0.137081798223085,-0.225721422862597,-0.284868788917446,-0.219407029254587,-0.289959833639974,-0.165375949595162,-0.179215455135382,-0.192721355156519,-0.0186315026855726,0.110009486471114,0.101191145865955,0.111754908428669,0.163206154861017,-0.0367958907245706,0.168319684920301,-0.0365997182050328,0.158913794336032,0.272462649063863,0.154459851886853,0.340831826063617
"POR_R1_H2",-0.137890666726661,0.189029439340005,0.239772858710399,-0.181301740389931,-0.210579617305455,-0.201207822455634,-0.173118247410966,0.0181529554202993,0.028953768499622,0.116087286416515,-0.230706095159551,-0.263386080199209,-0.212898492209309,-0.27219147639939,-0.123642907716991,-0.151048246492852,-0.192844468585154,0.105336507122491,0.123340982108033,0.137792708237354,0.149751302651562,0.0108509718837564,-0.051249033586199,0.120334392397837,-0.0628574266653477,0.116022038918663,0.271552579178494,0.134604969180513,0.248388030436441
"POR_R1_H3",-0.0626962635159309,0.281596588592458,0.280051943042437,-0.154743997084671,-0.121029120056919,-0.154410989047598,-0.076863430023644,0.275049056725582,0.142923136419385,0.200327133770637,-0.182764896706593,-0.235778317653389,-0.166076846503074,-0.254639266256379,-0.10765414226961,-0.124017172421404,-0.148607600712638,-0.0410033646406804,0.0467913771404283,0.0528387093579206,0.0865408669073627,-0.0983576799082895,-0.0499743837334715,0.183139078700531,-0.0123020838213161,0.210944890441481,0.0751040665439859,0.175862373540969,0.327286905944558
"POR_R3_C1",-0.0482289972462903,-0.0903889917431994,-0.12618199404062,-0.104350539303486,-0.123911590117287,-0.143941911942349,-0.133515428800155,-0.098359863609571,-0.147724701510661,-0.22810319166606,0.0752039007875144,0.0297824401918641,0.174977956395075,0.129563568030668,0.244022081213252,0.169102535521134,0.0957866318777501,0.15488715550445,0.158201628591028,0.143799771331369,0.153554057013879,-0.0892184332577654,0.0722094048461958,0.155269552491108,0.197625791650701,0.101034333887446,-0.0828525670127598,0.0965849586789084,-0.117189848668816
"POR_R3_C2",0.363559117532972,0.208818640382136,0.136590746791314,-0.0295898455556384,0.0290711271459551,-0.0250149506759285,0.178156025788578,0.37308370363726,0.182591589860268,0.224392009289876,-0.113698497968483,-0.225028060884307,-0.0963073645134997,-0.155111560167472,-0.192634305962378,-0.137190592910109,-0.0969041885601047,-0.137039132723336,-0.224529775556076,-0.132325565960105,-0.164433419271741,0.125505952162775,0.0882522675270838,0.107518020627067,0.000157957113179269,0.14097360563965,0.244009991710668,0.186376211665325,0.381722020503498
"POR_R3_C3",-0.00998481026610678,-0.0984866260299886,-0.160438074005771,-0.116244789668952,-0.129668049619584,-0.145616130734661,-0.187300701956669,-0.210100010843312,-0.162902687913274,-0.227982263736253,0.0777293769887469,-0.0172815565245964,0.214005212210331,0.138580045914111,0.0576643197238226,0.16637838543889,0.0988964749362029,-0.038105687484805,0.188913154474727,0.204836520960755,0.197403591754423,0.307966808787604,0.0992987123813072,0.201069598118711,0.213490369903362,0.0963419432870384,0.0436214087188855,0.111457476895981,-0.132701090027148
"POR_R3_H1",-0.137837238137121,-0.132600856460489,0.113935366038726,0.17671308793955,0.221740465984665,0.171651996175885,0.188161947310126,-0.0521646853287705,0.175342933771023,0.119701635732678,0.173479776066207,0.245026415901686,0.00700707523367424,0.0913033476928491,0.0145115890608479,-0.138691902329134,-0.134633813186847,0.202159851444883,-0.218516919580935,0.0450017819497667,-0.0858838902135422,-0.0929791645023454,0.0855110952956758,-0.121058429240761,-0.00782440624534942,-0.206184854787603,-0.0896722233591443,-0.18306618657592,-0.058111094498849
"POR_R3_H2",-0.206776934716217,0.243349413622721,0.0937998929570782,0.301100980635696,0.12764036137441,0.199701035422625,0.257565908933904,0.192587552221177,-0.136989812001839,0.135238037345569,-0.199866447502089,0.279674205151554,-0.124287172791966,0.074550138286855,0.131919983722222,0.202833719488065,0.2458910055976,0.149122548392956,-0.250561958317038,0.0150019608263313,-0.0629073768012383,0.180014770731469,0.368223651270129,-0.169578850754549,-0.215578052150521,0.160915172957114,-0.102911645649657,-0.0825008779430414,-0.000516811109690577
"POR_R3_H3",-0.113898214310693,-0.107074901251614,-0.182992592241827,-0.13239776289326,-0.128959027085233,-0.138021781194873,0.13181737279352,-0.177613128497348,-0.161270108594023,-0.217925215998046,0.143429744543846,0.283529170883669,0.210857798554574,0.0891716998082587,-0.0243436927674646,0.154949225301303,0.161495939355225,0.0904473023494006,-0.156342011409823,0.13243195458632,-0.0660321163050278,0.151693475326898,0.235164951541907,0.185140890360738,0.266882558690861,0.127663467357444,-0.0124822748209756,0.120472209379317,-0.102027655296815
"POR_R12_C1",0.273012128088861,-0.141137092778019,-0.153313001198,-0.139448698737135,-0.174814528570668,-0.196938406377816,0.0373881311194073,-0.211676679839062,-0.201177991941081,-0.245895415849962,0.0679682679788391,0.00578413088974988,0.227467796596063,0.158303984119376,0.120917059708743,0.123969995976668,0.165435308651687,0.154087137591427,-0.0922828470500692,0.0157757601560602,-0.154141063542122,-0.0106723956119686,0.0982365892291609,0.13800349167254,0.135887727053052,0.054638527819765,0.144211192518005,0.158242915449283,-0.0866167854322959
"POR_R12_C2",0.1907599376894,-0.138098379710051,-0.01457360063767,0.121170605036818,0.188637165816432,0.131875199001739,0.0545797917091713,-0.00930338195196924,0.163292213735506,0.0851577227443722,0.112853821188129,0.011527313409012,-0.0451970248973356,0.0299733129045993,-0.167160974671827,-0.163964557800335,-0.171008953482249,-0.169568599490265,-0.0108443273505306,-0.158896695079935,-0.116885844014657,-0.120336855671204,-0.0184513725441451,-0.152969517570346,-0.0520780251066967,-0.2303879197955,-0.130656378175197,-0.192490297689134,-0.0415006521961862
"POR_R12_C3",-0.0339730848329783,-0.104152479879213,-0.142705908055459,-0.158690806622543,-0.153524243658396,-0.185867281620186,-0.181620254695586,-0.199703898730085,-0.187697543290802,-0.245073235858402,0.0901732756815871,-0.013690600746382,0.20534598157694,0.117394738955809,0.0815058203372162,0.167874052130846,0.110605815352521,0.155196497809424,0.194942176086711,0.188952445695582,0.174309661790024,0.0726851523662221,-0.149340228939948,0.16511435249191,0.1933477356926,0.0823392474262181,0.0501396031997958,0.125135791111881,-0.143026758763762
"POR_R12_H1",0.0147980159309375,-0.169641233072833,0.0406927269969594,0.0742658804326407,0.267233326182769,0.186951554564411,0.309594193293892,0.0812741748032058,0.217718099043525,0.157728829598338,0.191153093909515,0.223427217179066,-0.0699400005205026,-0.00634499889296385,-0.0794738324535385,-0.163090444719011,-0.166705094092577,-0.00620254116751892,-0.309162756641742,-0.248812677160764,-0.208703402340463,-0.211242987121919,-0.0350817005630813,-0.128373424743512,-0.0571592745526842,-0.220753503844561,-0.198716351729567,-0.213347222564552,-0.0553030511344831
"POR_R12_H2",0.0739983412448049,-0.179966536374499,-0.10654875810525,0.0237996837171192,0.185851879548195,0.121754821801539,0.262958035443105,0.0027489107253752,0.149837859369444,0.100319073628197,0.138486524306734,0.171267870134677,-0.0822015640343543,-0.0466267228064429,-0.155713423229085,-0.180800159634164,-0.167918980723321,-0.108593256598913,-0.284446187298251,-0.279426737066477,-0.240848575671217,-0.162124154690085,-0.0141342774744109,-0.167124943489178,-0.105005824280872,-0.242943071106383,-0.166353540451599,-0.228571297966608,-0.0847874957146698
"POR_R12_H3",0.192744907979376,-0.0985863547564857,-0.200163647838025,-0.131626073062162,-0.0806014622507154,-0.135527362748642,0.286056692806015,0.0175207494579544,-0.134148022998513,-0.184106993827545,0.156762061494398,0.297661281468142,0.120167971062625,-0.00333060396304159,0.0226532909916913,0.140370907604244,0.156797028947589,-0.0693516051738604,-0.311417808160124,-0.196164466495499,-0.19294071257046,-0.0772832009041046,0.119116866129831,0.0944500508028566,0.213636300446694,0.10790702528605,-0.128133192747236,0.128626167328401,-0.0553153151334251
"POR_R24_C1",-0.0994350633479685,-0.124293102625769,0.203349743142483,0.166520335112137,0.16532502252874,0.148739956549894,-0.0809499428791626,-0.0777876702008797,0.152000615739067,0.0684825953540309,0.0891375935334453,-0.00727342759385381,-0.00368921550180297,0.10319860480579,0.181091266157648,-0.126985775489461,-0.150136236255262,0.286118569410331,0.103027192696003,0.0722942103404771,0.107134130575661,-0.17828621454628,-0.00904507475833692,-0.129455047119653,-0.0324984586265041,-0.208597783265986,-0.145782197513165,-0.178912955397038,-0.0675594410432707
"POR_R24_C2",-0.0730030246407341,-0.101909588873518,-0.163103549615557,-0.137110347767334,-0.143083751082177,-0.188146642565882,-0.166332310114936,-0.133612181318256,-0.170722629833932,-0.241500825557828,0.103566731855486,0.00247074840532844,0.204786154701611,0.124249585512256,0.0912002225466509,0.171391440500891,0.0901881584662074,0.0228318244067614,0.160229415395356,0.167684086891229,0.171266489173035,0.104069807239681,-0.0621382205710548,0.191684992831558,0.201169501317808,0.08849424375472,0.0739310382154501,0.114858812479271,-0.108664441002617
"POR_R24_C3",0.366257370717737,0.259475556271096,0.0952836526911851,-0.136797345481343,-0.112783091377273,-0.153046654489194,0.120306887266586,0.289129201539394,0.156148783350825,0.218037902298781,-0.212934876066931,-0.286337644927547,-0.137084491186238,-0.264370199866739,-0.21433929007457,-0.146033495753986,-0.111294832192377,-0.232632801028356,-0.175606913043947,-0.199908651233377,-0.173947994705148,0.201363626390094,-0.00384161579829661,0.130586951451896,-0.0109632983152098,0.171077957525497,0.305327974406174,0.21826109436152,0.422312812429536
"POR_R24_H2",-0.0487862922664708,-0.134907974842937,-0.118555354270595,0.0398300651054581,0.232599699813996,0.159528422989535,0.114037687268679,0.0597862383253766,0.203888214023965,0.112810498723039,0.169629855934104,0.129403731510749,-0.102737796867848,-0.0797288414046675,-0.144168989354252,-0.152627664657817,-0.157949711204104,-0.234015637368804,-0.0627500673385278,-0.23077679159648,-0.168817235495524,-0.0737012323358734,-0.0166008259852682,-0.136049795227002,-0.0205573493315154,-0.229076764603301,-0.208293296303938,-0.201999149802765,-0.0736082908891229
"POR_R24_H3",-0.0749955337265946,0.134344274661139,-0.137411892661426,0.0712581668811942,0.0970012147443083,0.133930131814188,0.191988312875683,0.140661134697338,-0.16373747900878,0.0771910441265437,-0.219180786620105,0.190570974797936,-0.1933900236499,-0.159490405475414,0.0374474865473549,0.10486725949031,0.158974923201418,-0.202585408948154,-0.178829135841706,-0.282183312925783,-0.19462987924057,-0.0333449285630774,-0.0575548784053379,-0.196480896476938,-0.254662956308857,0.0422330642009396,-0.214922178017768,-0.140593649884702,-0.051343892404859
"POR_R72_C1",-0.0636354957064128,0.254812888301812,0.251841232608111,-0.143476177076409,-0.144471470388178,-0.187504965427841,-0.160713196040968,0.160803809188133,0.110284371896323,0.143093331838998,-0.216607095564146,-0.253731951620338,-0.165959203659226,-0.241737702297861,-0.0156412728459982,-0.131157874986009,-0.144822675735793,0.0928900146737402,0.151698973217874,0.0591970660201201,0.128528817674546,0.0999431550450683,-0.135346317798653,0.171158162707854,-0.0503600093400393,0.153205202992365,0.10726647539869,0.163915732908644,0.268276188022285
"POR_R72_C2",-0.113129929253332,0.215524239254974,0.13427894973828,0.208770265947369,0.0578167383302391,0.170283151250857,-0.129229224944303,-0.0318400029291889,-0.153893323973895,0.0578567639815641,-0.214151853283316,-0.0391732336985081,-0.13832569836064,0.0582477482761891,0.271367443679289,0.174477293594819,0.17405781472811,0.122705256877623,0.1506145544283,0.0936904366719445,0.186899098491377,0.0154094204871715,-0.105440727359751,-0.152491807682393,-0.227441880713223,0.108827469535748,-0.0968045646688353,-0.0880975908757954,-0.0431819281371377
"POR_R72_C3",-0.00898235237868705,-0.0559397034071833,-0.121698089548735,-0.137984273350654,-0.111037226861707,-0.139586810440014,-0.155859269113541,-0.0360537436325401,-0.1108469952816,-0.198311581088285,0.10668949697031,0.00866060077949734,0.243518264321543,0.161581426921835,0.0703450298721925,0.210680473025992,0.136753924864295,-0.164420375724557,0.145396400634468,0.164810037328079,0.211219604122725,0.203865343618311,0.167854562162903,0.229297059459623,0.254638732133317,0.142672132737952,0.0689865682542549,0.158372777599323,-0.0754192412448394
"POR_R72_H3",0.0170466009165518,-0.130787943730401,-0.116937184248903,0.00487010943709191,0.275579950146375,0.181974923470072,0.101040512953187,0.105304621301287,0.251636368152555,0.130400078257415,0.197773660353852,0.112241917639195,-0.0950004207510192,-0.142701448459838,-0.0777497022279584,-0.154810175269609,-0.175772871497417,-0.28346151698711,0.00534677474953428,-0.219526117848409,-0.167130852910205,-0.159516853231161,-0.274300808875778,-0.119472530617757,0.0402839183414452,-0.219001050039415,-0.222070352397148,-0.188851485490639,-0.0453240023079285
"POR_R120_C1",-0.116243565928868,-0.0461662140057024,-0.087716642203673,-0.114141423482108,-0.123714133521884,-0.133206819955716,-0.178307356054091,-0.134699863735345,-0.126907143873974,-0.214869049104839,0.121673689201714,0.00992665260529343,0.286687318812172,0.227519819791519,0.114684104714371,0.221299803636605,0.123636231385451,-0.03403385042434,0.136078903397659,0.158615466685277,0.213500426587747,0.00103695440276654,0.029678377917906,0.236126161659391,0.241165137003579,0.148486590488998,0.232999701762324,0.163393274649743,-0.0731649295979396
"POR_R120_C2",-0.0826132982925786,-0.0841152809145871,-0.120132335732899,-0.137180991003314,-0.114693370280077,-0.133176834703195,-0.124228765621643,-0.0560226103000204,-0.161099518456244,-0.214264314017575,0.0739694288121765,0.0231744585997123,0.207273323952422,0.169538785756704,0.279278780291837,0.187502179512313,0.0934032908671688,0.192835597822002,0.118191195709985,0.144313129399267,0.178883158944787,-0.0885674708679768,0.0910907254345876,0.158622583190757,0.178019734698599,0.0972811092885737,-0.0480567750993486,0.0962832028218337,-0.111620472220534
"POR_R120_C3",-0.0945269511104021,-0.112816773566975,-0.192703346257123,-0.174977075004549,-0.195009979897489,-0.194995608183123,-0.194504502593618,-0.247983678399333,-0.184449518625027,-0.267406455501879,0.0735237427694525,0.0155620869521661,0.223889570919947,0.177896209689739,-0.00221573823268352,0.187590213532715,0.119788867601042,0.0465459506136665,0.162917859152345,0.178972029418119,0.178271616628881,0.279117420196571,0.195545762171674,0.156146522208678,0.197508375814231,0.0884224141947118,0.186187126355207,0.123246546726329,-0.146677604710447
"POR_R120_H1",-0.159542074670622,-0.137115601025031,-0.173669478201111,-0.0282643118096049,0.246881436807397,0.173074146581757,0.0942584565803099,0.108860577636689,0.217203914726361,0.118499545352788,0.165646214529743,0.0889992487490733,-0.103362311656069,-0.184780991599005,-0.132241698218031,-0.150337226806664,-0.143518120689215,-0.274621089544829,0.0262033158545234,-0.218586485223122,-0.156095141459046,-0.22654219606444,-0.332858084583177,-0.109964965149053,0.0267786221582618,-0.219044090004387,-0.222664986164288,-0.196150449065774,-0.0699444151055964
"POR_R120_H2",-0.140196858493399,-0.168335001072256,-0.205703427832434,-0.057196013160419,0.206546910798922,0.134859013660955,0.124961767898541,0.0647375485994552,0.166798688431617,0.0889311094937691,0.14001169546102,0.105482572379419,-0.139659946392591,-0.190196468957093,-0.109079056753585,-0.162934860497405,-0.187987399517038,-0.246373470964454,-0.0109345780212412,-0.261210513188128,-0.208760972163411,-0.256363683273256,-0.392832221776707,-0.154620925095841,-0.0442163895652943,-0.246465852982044,-0.257133963169344,-0.226259472724475,-0.101047871645059
"POR_R120_H3",-0.0856914975680821,-0.143600370560107,-0.169491038393015,-0.0699272067018014,0.195448421097965,0.172278699906025,0.0207077711626303,-0.018802100788569,0.210396251105316,0.0737746230347798,0.176168810976218,0.0881329345627538,-0.132170512451211,-0.204420090337823,-0.142515495738493,-0.173885699287861,-0.187020997652271,-0.288157999215187,0.0926179541948476,-0.210845692661661,-0.176018698940677,-0.234995525448777,-0.408423246378116,-0.155975013381806,-0.0185975531816601,-0.249640008669305,-0.166264196035393,-0.212726265650086,-0.107496311870759
