"sample","ME25","ME5","ME10","ME9","ME26","ME23","ME12","ME22","ME27","ME7","ME21","ME8","ME3","ME29","ME6","ME17","ME31","ME4","ME11","ME15","ME1","ME16","ME18","ME19","ME20","ME2","ME30","ME28","ME13","ME14","ME24","ME0"
"MON_R0_C1",0.0350612499194305,-0.0437170732481902,0.0386520581492796,-0.0226465958001306,-0.0384501152195463,-0.137388531543516,0.0608360916404042,-0.037487372186637,-0.00802290087443488,0.106031006627439,0.148882714304265,0.0521127433581667,0.123454279298391,0.0414078350009283,0.0753610814359827,0.0580041264040539,-0.176582906043179,-0.133425968795805,-0.110044635250896,-0.125225015734187,-0.105182243792754,-0.0550237711151543,0.0080151735783778,0.0176864846303895,-0.0278940461886794,0.157953197426661,0.0358004456180618,0.00542206574857162,0.0190382683972298,0.108332746431639,0.110059867555593,-0.0156862019499837
"MON_R0_C2",0.0856847628051667,0.144065573554406,0.0531024240411346,0.0138198302240645,0.0152084951246617,0.0513266918359956,0.0725255794816428,-0.0396743366802493,-0.00576677953748828,0.0626959962769744,0.122663297161584,-0.0326299486274286,0.0913817696396673,-0.0794320387490495,0.0470540222831994,0.00928378815968334,-0.165058549257141,-0.141724717138828,-0.121885701037059,-0.0527514634951937,-0.0984525354506722,-0.105339001330141,-0.0972433066468051,-0.0237579437903692,-0.0956090036544058,0.170659108795536,0.0428432935185828,-0.0059007170706224,0.0364022487777388,0.102875933753731,0.117649567472876,-0.0294582708092512
"MON_R0_C3",-0.0502792549369908,-0.0635862174423437,-0.0218258262278584,0.028025187828692,-0.114624940415139,0.109373301995687,-0.149760092193638,0.273910744475667,-0.0487438766107451,0.0619900689362119,0.0212001480854741,0.248914078899165,0.112180947689847,0.0568095394860469,0.130815794009593,0.045156621426841,-0.0270652568367832,0.184623761916548,-0.174992584459493,-0.1756576705197,-0.126358486770325,-0.108120555548402,-0.0911017938327104,-0.0612910432678605,0.0261680790375409,-0.0535128084882561,-0.199648037051089,0.0638905505634272,-0.121090501983731,0.177503526720082,-0.193817110231159,-0.0196748746598012
"MON_R0_H1",-0.0890744050457568,0.182450590305461,0.146753478682152,0.225461842592939,0.0253818881360984,0.256564288064063,-0.207844801518186,0.155334404400413,-0.197531724224019,-0.04308595959404,-0.0991776080571629,0.0429393870240548,0.0809902516793187,0.103308090884437,0.00759532220185389,0.128004571116771,-0.0538807678186324,0.12955841363216,-0.18961265141182,0.0374152950863719,-0.113270075218095,-0.0270272360669081,-0.0366415945455695,-0.134609974171092,0.00566539379790729,-0.0792365207213901,-0.187344774458573,-0.0157233239637116,-0.127047039875296,0.10808838497507,-0.203703603862004,-0.0233960152149897
"MON_R0_H2",-0.00283117708415753,0.0495091405407222,0.0369178194343354,0.0797229913011992,-0.0978475883531094,-0.165561960027817,0.0580118684596328,-0.0289037984804923,-0.00834099966849861,0.185720050772381,0.210001832485607,0.0224221859877924,0.106587081404343,0.0737053676673062,0.072261946979759,0.070853951811356,-0.163282226625184,-0.136145155098268,-0.119294103457061,-0.13880676390033,-0.113722703026106,-0.134767628581003,-0.0734231764673466,0.123160980528133,-0.0492502524987707,0.167104950348301,0.0105707677326782,-0.030696905753813,0.0179887663478395,0.100472850380371,0.124482661216169,-0.0152915726033045
"MON_R0_H3",0.0488647717627974,-0.156536075551411,0.0446158456437111,-0.10173921250264,-0.116729206104159,-0.142307270291422,-0.272361265975408,-0.175127877560829,-0.00760300213640789,0.0659314984634572,0.0530791647570838,0.173072056048971,0.141246193243945,0.115924700727608,0.17864564611352,0.0929401991924488,-0.0500857876542848,0.196947723870037,0.236857112902768,-0.0799434137922489,-0.0982857571960191,-0.0861896361903052,-0.0084187963634042,-0.0196095432582219,-0.0776142982647455,-0.160645291187531,-0.232860925808967,0.248499538591816,0.032184837731664,0.208723433589042,0.236443574092801,-0.223392388572631
"MON_R1_C1",-0.0323610438566391,-0.0348322244424331,0.0220584129577939,0.0444911154288342,-0.199058919711443,0.326135366902629,0.096711494198111,0.0114605702886806,-0.0143503498452594,0.182440236976248,0.134639343845364,-0.0628352341839701,0.0741402408085444,0.0252309469498107,0.0963694028637919,0.0753268455450036,-0.107623647720251,-0.126069067529975,-0.10999285624647,-0.0407947960966231,-0.0925586193041022,-0.16222366447477,-0.119890160086808,0.0643919525693607,-0.040327165497961,0.175989383434779,0.0828684817363507,-0.0748297828925335,0.0214815114621012,0.126618987876305,0.123236907599347,-0.01177715814139
"MON_R1_C2",0.0385253091039779,0.160405123220989,0.06268570437588,0.0626297975170022,-0.0640967034737845,-0.141919406598384,0.0520125712725008,-0.0699157090421964,-0.0496836805504128,0.155198066220486,0.23460671805335,-0.00162457938829266,0.126114969863455,0.0578213502487566,0.0960010590868617,0.0840578095522779,-0.178111784702271,-0.147729953992077,-0.121604609581549,-0.104187783725528,-0.135233123822971,-0.169115572586898,-0.169096045087418,0.0311007171909494,-0.117658526466488,0.162123161957502,0.036355023815174,-0.062761616670799,0.00990828311121401,0.117867353496821,0.114202287997343,-0.0158531946518949
"MON_R1_C3",0.165579756467526,0.0436806909304914,0.0767089670443364,0.246133968323967,0.0494931371663585,-0.091300304773503,-0.00051922487194596,-0.0789090181625619,-0.0675619162537925,-0.0512499523030528,-0.0742820916968248,0.0163173138926579,0.11656066577291,0.136410258620122,0.00661007372548662,0.138754651211292,-0.170873714314975,-0.148483706509332,-0.121729915770985,-0.119582181380619,-0.0981798456123189,0.045299094083496,0.0688269129508076,-0.139660358747543,-0.0147911570261365,0.12990622204519,0.0203988359584847,0.00398804592774727,0.00853308545671225,0.0627522985649523,0.0949619749817297,-0.0156744450896553
"MON_R1_H1",0.190990798899717,0.0484385742522057,0.147464908674847,0.0891816901773419,0.0918749196799408,0.224000845583575,-0.0431599336294599,-0.115543040400266,-0.142787086198168,-0.0483037741141718,0.00213787419355517,-0.0724510769401332,0.0307260050835111,0.0782096212551131,-0.122063734139064,0.0989341666445584,-0.135638992180792,-0.18229158282403,-0.159889144973104,0.0411951323266333,-0.0564786125813874,0.101188640600771,0.0636324253638485,-0.0666444518918304,-0.0838372195664241,0.0901043834695709,0.0265200319165397,-0.182221841031521,0.0360376860561686,0.0254815393213816,0.00265720202090273,-0.0158141074872981
"MON_R1_H2",0.0285184901708798,-0.118842095916172,0.00497640941526256,0.178320557416385,-0.218008150755049,0.211310717041311,-0.148627473086905,0.281101087075583,-0.106414121738205,0.162262581598922,0.120645498746552,0.122712847559742,0.0101496529650835,0.0988688177767323,0.0962372623358858,0.0271756677581292,-0.00970286902046593,0.198079447065082,-0.19619662171134,-0.0981565636357166,-0.0693417310823882,-0.132752201814274,-0.0464252892881361,0.0899694560927213,0.0665518114359353,-0.0444255943298374,-0.157010466534432,-0.110821389096242,-0.117134724115092,0.1720610464182,-0.226994083365467,-0.0134824061552253
"MON_R1_H3",0.101699595736404,-0.141295532032893,0.0180991618948982,0.0310919260049303,-0.022656016271186,0.0504485349730489,0.195392365800002,0.22496880154098,0.24248430564319,0.15775079680426,0.20823860240263,0.207769596938636,0.0455748639860814,0.100028658350547,0.152223067895041,0.0171814827289338,0.161806153170242,0.171146484936441,0.174849717219764,-0.192147614776492,-0.0838128246776011,-0.096607612035953,-0.00636176389151096,0.0993410516198685,-0.0174313232398923,-0.169464777664812,-0.12215210337253,-0.186176191378348,-0.235066692619625,-0.26636401286853,-0.245135208774608,0.266093582397591
"MON_R3_C1",0.27775948412447,-0.232448531406181,-0.0493639264622235,-0.012256210437247,0.193446426196937,-0.0583778274796456,0.1061374424805,0.154566470693982,0.251333259406326,-0.0972729612369685,-0.162567001590815,0.310043458713529,0.153446200786385,0.11232821456328,0.103852688447297,0.1469611137916,0.13766797257111,0.142784600653315,0.170280900199615,-0.305831491665342,-0.0989413680511575,0.140562101669431,0.123599201184642,-0.195522762238386,-0.0659879178162458,-0.198652392742214,-0.146813394830733,0.0735463232926954,-0.232445907622889,-0.287957669261107,-0.20345489472439,0.22966591556022
"MON_R3_C2",0.179238579246495,-0.055265084865275,0.0529799512812676,-0.0570087566057396,-0.100791729029635,-0.168051652449564,0.071353279116471,-0.0509016714763007,-0.0808366528657526,0.210645975403814,0.239292237032523,-0.0116849419273429,0.107755863839509,0.0273115424594562,0.0974719241908105,0.078222307992242,-0.188143562852164,-0.157201924743381,-0.127254860831374,-0.140438481979518,-0.114499701056155,-0.115235522310185,-0.0916053660008145,0.102490519149599,-0.0723463281664394,0.172042916353088,0.03341987751375,-0.0858857923789867,0.0197687086719854,0.113152982095733,0.116344722301866,-0.016606660684263
"MON_R3_C3",0.0655228571613661,0.19313207633675,0.136593227258023,0.114907883711496,0.165929549487618,-0.166878568797083,-0.0190716605108704,-0.100226291374185,-0.115334807482243,-0.044000846366061,-0.017883872558225,-0.0275204554537257,0.130818245233883,0.0915788420240405,-0.0197777931192338,0.141274111044951,-0.187622133263544,-0.166476788838719,-0.129653943203021,-0.0558261200240362,-0.117734295155657,0.0477794144913864,0.0066034174272634,-0.135496936967527,-0.0499144956522647,0.114021690478755,-0.0320198673811436,0.00598603280044379,0.0012782267560291,0.0522069759527424,0.0867691140206746,-0.0227398830326242
"MON_R3_H1",0.345171262328444,0.206067084191121,0.273111975022502,0.18139215670614,0.20305460438652,0.197968245570673,-0.0183003707000185,-0.145852267181459,-0.173712842568797,-0.345073247441897,0.0359052114036172,-0.0978180186789739,-0.222603863137548,-0.12711547233999,-0.394566102459954,-0.326984669493218,0.11145165805948,-0.195688826792019,-0.140615782888246,0.366790379161466,0.229158265914549,0.345298236879987,0.253676752092927,0.0393913569503073,-0.346599866971667,0.0901273264164137,0.277240263380558,-0.300183059227346,0.237821996816683,-0.0419048412068053,-0.0390883318349766,-0.0405106009819557
"MON_R3_H2",0.265245018618943,0.0301777192207879,0.0299359976488626,0.0568710483053113,0.042621560535137,-0.107698745174414,0.101890276194433,-0.0186313680068435,0.0804164809707235,-0.0921692034925946,0.25756551429434,-0.00635334014414681,-0.168367524933394,-0.0243222180305153,-0.232813815234186,-0.321840284265566,0.0579309609252921,-0.141644342663458,-0.101231139078884,0.00806588344856231,0.164301707544114,0.0729979938627862,-0.00451351326570591,0.193659371425539,-0.225568067929108,0.176018426048537,0.298253625548332,-0.2498445699902,0.210163537664361,0.0509345666247588,0.0529738787682799,-0.0214274974206445
"MON_R3_H3",0.187959008352495,-0.0273030589254574,0.162842857613866,0.380434026510859,0.240829074498643,0.0519283727980854,0.115370883702428,0.108563294894745,0.182703914522439,-0.27976719018605,-0.0985115265936392,0.0821873307259327,-0.180105095314991,0.133397097486746,-0.201981692685083,-0.187189692316876,0.362327097771662,0.139343876988727,0.15458161864859,0.107173289740803,0.172574046315507,0.223888058577261,0.206908477951337,-0.04336321516397,-0.2135809652246,-0.211842479340276,0.00306308845509527,-0.309537535330346,-0.17725991026484,-0.311576201912083,-0.279838391319511,0.239118295535126
"MON_R12_C1",0.133897449416924,-0.164343285412933,-0.0419187527824831,-0.0783037628581255,0.00370380859650862,-0.0780891063603036,0.207352113983364,0.214004078586146,0.310898820318743,0.0969472341058015,0.0715591612374646,0.254764215973863,0.0818884372632462,0.00768217007122381,0.198341396780099,0.0331963023423749,0.190801277187266,0.180400367171028,0.209329608908431,-0.200824592942522,-0.0822778698280869,-0.037528789050904,0.0453415474569126,-0.0139233837878654,-0.0177812957338717,-0.173117652617624,-0.111806114907891,-0.0539273692560048,-0.244064430216835,-0.262008607525898,-0.220103666937958,0.26590813461172
"MON_R12_C2",-0.0150471830851913,0.081926460248033,0.0476961808039169,-0.158488217466672,-0.101817472627547,-0.110882003185159,-0.256957444576383,-0.160581559517703,-0.021358933602178,0.121767277027515,0.184316418238061,0.159280689085779,0.130948716431656,0.00339332660660523,0.201430913543481,0.0492970710645156,-0.0559420316485433,0.206260226644725,0.259004930118164,-0.102224958661391,-0.129639349181014,-0.166386188075496,-0.151573300984737,-0.00293728060787842,-0.0707269149463508,-0.145810374518729,-0.225740798711822,0.187052498346191,0.0322837051728681,0.228574845933171,0.262185820746603,-0.230230532125955
"MON_R12_C3",0.187155496087086,0.205011983201014,0.0509473111078732,0.0540997597894078,0.172980782423248,0.177853986742934,0.00866477721884848,-0.0795809221807418,-0.0444693565504838,-0.138660688547048,-0.125113060788859,-0.00474529735774253,0.115504566372054,0.0308604035062424,-0.0216150473368066,0.068059364023509,-0.14247713042551,-0.14608794355009,-0.113810280827893,-0.0677318200476758,-0.0906118972555959,0.0635332027166374,0.0610251284293673,-0.221743607859781,-0.0646497819159938,0.127148744074597,0.0219389051571228,0.101451262813278,0.0185295832491357,0.0717860670687829,0.106227608728141,-0.0286312402421691
"MON_R12_H1",-0.284658687168282,-0.29219127874048,-0.345178293477209,-0.0239525600689691,0.00740625632020019,-0.301858688001058,-0.325777224621689,-0.287642446365797,-0.295051019905475,-0.332486561813029,-0.242997712140256,-0.117602012153445,-0.39034578664228,-0.5410665591355,-0.404354319218382,-0.492288435502957,0.279130465074277,0.186081036253476,0.23556468297042,0.244298057569554,0.457826847998932,0.467678415479915,0.501404740654666,0.261625194032541,0.431198603108843,-0.26055396019325,-0.0834240535447205,0.456649721385936,0.36659663370104,-0.00959412688461286,0.0983978848504979,-0.352406697685139
"MON_R12_H2",-0.165727837927494,-0.042594211881414,-0.236287517331744,-0.0199293292542206,-0.0702890202760916,-0.206221808219768,0.0556472431635747,-0.0926658785879127,-0.0953655554736854,0.179145566031202,0.132412144866709,-0.171569208986766,-0.22281680648799,-0.183797848304729,-0.153658423640067,-0.231400958048417,0.00699050753445618,-0.156928833183438,-0.12527603702013,-0.0566674434383112,0.181923239718523,0.00111657154721789,0.0881682730346736,0.322207556919478,0.139978457069524,0.121445751989547,0.269905545863998,-0.111083369414911,0.180725297918826,0.0223616572981864,0.00575158677585114,-0.0469664792554448
"MON_R12_H3",-0.209680266468626,-0.056171239485195,-0.192850796528051,-0.0192467475745911,-0.101563029756584,-0.0557283891336487,0.124140781894935,-0.0401875651119173,-0.0459750905395954,0.140521452427456,0.128201058300191,-0.146114535002221,-0.216262973262674,-0.23734093594378,-0.135155285601487,-0.276719379518877,-0.00264870534122908,-0.137126540413824,-0.114301428667765,-0.00621448699880027,0.185036681178942,-0.0601805668549966,-0.00124640546833042,0.272435024177851,0.104879102793229,0.167676222272554,0.331477420566872,-0.0970376865690653,0.192791823827201,0.0493303297461094,0.0338601315677756,-0.047450153108487
"MON_R24_C1",-0.119411722245006,-0.0239435047138579,0.0210225040567849,-0.0126801733461741,-0.0226484891273672,0.12051530701292,0.198656059952577,0.22049380268086,0.241994538470005,0.0344154701544869,0.0725079164742722,0.120413397935213,0.0206396351464645,0.0224230443653544,0.158336498938391,-0.0205298894496923,0.196571850130887,0.186531219336034,0.193036637085674,0.00437011477236988,-0.052678450201864,-0.116833320199603,-0.0444008686192315,-0.020143335642862,0.0991604507656872,-0.16608524295619,-0.0940965430006378,-0.0555349825611534,-0.225108978505414,-0.263381675618002,-0.225764759470157,0.241706174044044
"MON_R24_C2",0.0270181453392543,0.180984256188235,0.20733631395829,0.0406696961060997,0.11699635347236,-0.0561337897110488,0.0107920627329388,-0.0885338750741718,-0.0601761122877961,-0.105488242418062,-0.0504121008563815,-0.0341026477791284,0.147233493571461,0.0788888938992043,-0.00470131407362524,0.108723835377195,-0.153756252176597,-0.149640723626158,-0.118139591923179,0.116984965398969,-0.116041445480504,0.0103481514963014,-0.0906785408157798,-0.224246999886106,-0.0897660587984776,0.150888906499994,0.0174311363174251,0.0570283565525029,0.0273578575008176,0.0771772909707191,0.105505958556251,-0.0245413403840774
"MON_R24_C3",-0.012062413474788,0.000429534747911854,0.0868453131343039,0.283427629229419,0.160855145724342,0.125432579958923,0.146129606558099,0.189088214394346,0.215087092802633,-0.110385361942384,-0.125783475990175,0.147641224399736,0.051194853613225,0.0856352362062602,0.0777265781065603,0.0298949871905427,0.184025364039031,0.166623824507878,0.186089578330853,-0.0578622457169812,-0.0741031479593251,0.0133589524196977,0.0624773988649027,-0.176346817686407,0.0124083894117848,-0.168815423187269,-0.11986668692569,-0.00888049474929885,-0.223007867708921,-0.25625176222201,-0.217333767613552,0.237578135462257
"MON_R24_H1",-0.187334054973892,-0.055976259601888,-0.188547315957445,0.0257998841827927,0.0626554184594944,-0.211206102744618,0.0205891283974899,-0.0911977734123605,-0.0678046253181584,-0.0913934288317962,-0.261812028961473,-0.198888741001469,-0.163853306439002,-0.204869553011663,-0.150250538102688,-0.0750938585727521,-0.0870232429060379,-0.155244966832329,-0.118972081896454,0.111558784543383,0.136460021134951,0.164549675506715,0.132962072929448,-0.0539679086417179,0.230386173474869,0.111120226547391,0.219478713535098,0.0393866348033209,0.141284823725876,0.00280442872466408,0.0423288023724533,-0.0375510289347276
"MON_R24_H2",-0.0881421236959409,-0.120864883242794,-0.206827493246916,-0.0221993806726743,0.0457933339477534,-0.0541508751411186,0.00192944698031469,-0.0815594149610257,-0.114007043616209,-0.0184357450059984,-0.1848150783627,-0.130675671929685,-0.116202908047839,-0.123206498115215,-0.129736784104355,-0.0211678043751445,-0.0948218684010599,-0.151472342957649,-0.119663742801087,-0.0411384875949058,0.12462572196442,0.122630358085531,0.0803996850179467,0.00881004144783699,0.258807122396227,0.108424724112905,0.160274978639102,0.0336088111704688,0.115135121801965,0.00924683616381039,0.0361019722515302,-0.0392918456748299
"MON_R24_H3",-0.240543451168319,-0.0527195098711238,-0.248651789023648,-0.20731709738724,0.0245743214303125,-0.254236424005344,-0.326103652229504,-0.285906808423192,-0.303999736802682,-0.259318615645513,-0.281436294661147,-0.256539953220539,-0.329213574126237,-0.465094573525836,-0.340357639774624,-0.326645001163068,0.264519334667627,0.148220397102415,0.197625752468207,0.462144390929557,0.432247380820549,0.448165271020576,0.435080163212676,0.255611258759336,0.327774790694554,-0.260760669056535,-0.105608836929806,0.354916522100145,0.322849110719319,-0.0155072932799303,0.0772194518072442,-0.336682026089136
"MON_R72_C1",-0.0837591765729328,0.254726121687269,0.12871051178826,0.0639259260582994,0.266768616214604,0.013389578007676,-0.322501729300186,-0.237055916770851,-0.227586649163316,-0.025549823629985,0.13389175799275,0.0760010249688586,0.15753556619709,0.070625119854104,0.0113847760614019,0.115025441708427,-0.0775902192643124,0.124967579171082,0.191622180356444,-0.0480341584544092,-0.162007619576604,-0.093184323396895,-0.281725034982755,-0.111701483685867,-0.117563746950146,-0.184746484474474,-0.249404981531666,0.250717644303237,0.0201926146851367,0.127008903581329,0.177274232886911,-0.217438149558251
"MON_R72_C2",-0.0307469628520127,0.00981036290584584,-0.0677278855462787,-0.139867999471924,-0.0950198272696246,0.145699548624008,-0.113908051107169,0.207191504729101,0.162870058245812,0.132331867672082,0.0669025299495289,0.096145784927665,0.0873682140552232,0.167283810253174,0.209176752283322,0.144928361581196,0.0155165522076227,0.0970619659282773,0.0566344507345507,-0.152273873363794,-0.0844966070439223,-0.154051935482229,-0.112443893369088,-0.0021487451856822,-0.0205334589294452,-0.0565299519667525,-0.105895353358814,0.107363674687137,-0.0968244566471328,0.0331012060349021,0.018594646804531,-0.0270708138622106
"MON_R72_C3",0.00956636589523687,-0.0141634445816369,0.0706831391150589,-0.00725808028784951,0.0396308975515393,0.0783547402775837,0.185908184151753,0.222754250612539,0.282603196993605,0.0539968236489476,0.126117563664664,0.206776791195501,0.116127685006039,0.0843261527685882,0.170518294622229,0.0431543242361834,0.141862492490402,0.17602288651585,0.193391809878341,-0.0708589337527338,-0.117228421567644,-0.140190988116299,-0.176433598756802,-0.0420722423092244,-0.0946935613155609,-0.15047303857824,-0.120414214997084,-0.0442274122130204,-0.232654565987587,-0.252254913727048,-0.207464641913064,0.249604785817471
"MON_R72_H3",-0.207122430187858,-0.0495759757976966,-0.190379204974876,-0.250873338065495,-0.221948260757387,-0.0547429451963531,0.100359901895183,-0.00782893337458207,-0.00813609721408716,0.145704593604099,-0.0571251628511289,-0.237034502296511,-0.150716779994612,-0.181514358372411,-0.0112736195933326,-0.0269070041113305,-0.0728987694485291,-0.128514719798608,-0.105704594378697,0.0628319535130669,0.119297409953142,-0.132161448818864,-0.109107464438467,0.140078940265811,0.149041825874961,0.173543373060529,0.242936704769386,-0.0425222311578861,0.125061060479819,0.0595642305805254,0.0794692268969047,-0.0235814630949311
"MON_R120_C1",-0.00842202045340347,0.217874151916797,0.239680960233899,-0.0733400944282321,0.063176572026622,0.150288277747831,-0.292523240122893,-0.208914816409928,-0.103312984578968,-0.168546818818928,-0.090962919933672,0.0663747145403629,0.13999458433272,0.0855446690592155,0.0253702005455939,0.0858676778818359,-0.0658773906974253,0.156393154359804,0.220377023524843,0.158667524315578,-0.0919675432131906,-0.00244776769542325,-0.149273772927027,-0.259149090401998,-0.0984368934755575,-0.154513886403433,-0.208491491973006,0.175210062393934,0.0337715381119789,0.149721379531955,0.196525046695888,-0.217026531260804
"MON_R120_C2",0.0947759434385648,0.278705181240326,0.285277640013061,-0.0465574674397801,0.186849455729347,0.231043409381342,0.0113591263390524,-0.0840278527007664,-0.0835422533023165,-0.124122862764406,-0.0775519201939393,-0.0629818038730775,0.14742553383762,0.0757944695312644,-0.0245610243822372,0.0961904393201819,-0.155194948554736,-0.152564667695599,-0.103965082806478,0.196598959206941,-0.109719815001618,-0.00141985270389147,-0.16758696487471,-0.235664490796164,-0.201445428364984,0.157326415396946,0.036494337704548,0.0125297557490778,0.0460665201742787,0.0675024767120711,0.115995445700849,-0.0199973557874023
"MON_R120_C3",0.0755741890656605,0.212340061779205,0.0997572520126274,0.0913488000165617,0.330481915730518,-0.0489030651679374,0.0577002950796256,-0.00229520501784706,0.139133585896896,-0.257412418928574,-0.0787863622954422,0.137239885461007,0.147354949258018,0.0335718735373645,-0.0600721830677587,-0.0411268052834091,-0.108614653864419,-0.127843023578811,-0.0763547494353991,-0.00925957200314814,-0.083831460207621,0.0545714322654944,-0.2640712023071,-0.299445832011049,-0.176089527902115,0.185125727201477,0.0377245519186862,0.134397744183822,0.0567810594807204,0.0977219942533681,0.148102015243078,-0.0273387638911186
"MON_R120_H1",-0.271568306678911,-0.38148772412502,-0.262982546287352,-0.342262753566956,-0.356808539463772,0.109667503013916,0.220642240900264,0.220126072231953,0.24282016518464,0.203548070666991,-0.157507843458159,-0.199294280237318,-0.210979831199963,0.114008823849522,0.153124983832492,0.110969865324361,0.294087398365067,0.179857871464588,0.181122015503986,0.0369713520905567,0.146119352820412,-0.161696241905512,0.0427440283109109,0.217381401488861,0.223034556737921,-0.188712362652495,-0.00233511019433547,-0.131552524316579,-0.218963495109508,-0.285166866401662,-0.242057724693984,0.252889220875662
"MON_R120_H2",-0.186501889693975,-0.0503709148531182,-0.234821763577296,-0.310956722567861,-0.203796089384111,-0.174689267813817,0.0432707806097321,-0.0524542253060624,-0.0436958902172607,-0.0712080063465118,-0.388018738806336,-0.347220702205185,-0.202176607240683,-0.1738797429976,-0.0939044003454165,0.0178295139064495,-0.0461223634798392,-0.143172138625325,-0.100653078923313,0.291201595244993,0.208295921287487,0.0913946809991681,0.132907075268682,-0.0146540822348273,0.244167297307651,0.106374129523971,0.270124460876312,0.00302048073156421,0.144376586759474,-0.000387346490684972,0.0559898103043057,-0.0373122004118348
"MON_R120_H3",-0.258534126370663,-0.321506560330057,-0.258093213938845,-0.38487121762922,-0.363558434843228,0.155025436283322,0.174032562240377,0.178042647161881,0.188826670671425,0.244887076008296,-0.130021907693252,-0.323441776249532,-0.220698409552478,0.229260921517236,0.13493403059565,0.232625183764393,0.271950690303484,0.154573097670254,0.160471199731047,0.196172256351406,0.158788952663172,-0.155876427348264,-0.0205106207091309,0.258760222985645,0.130875248589695,-0.187226076374938,0.0298132649707828,-0.155316931122931,-0.223741923901312,-0.27061895540205,-0.234555215475563,0.231737654517341
