"module","treatment_time","correlation","pvalue","label"
"ME25","0hr-Control",0.0423012105681447,0.795505065785751,""
"ME25","1hr-Control",0.103097974910068,0.526692596726688,""
"ME25","3hr-Control",0.313669426260824,0.0487272206126515,"0.31"
"ME25","12hr-Control",0.18369532808874,0.256526720987565,""
"ME25","24hr-Control",-0.0627049545476386,0.700693834009003,""
"ME25","72hr-Control",-0.0629953696810266,0.699372375354042,""
"ME25","120hr-Control",0.0972054821283217,0.550705947809863,""
"ME25","0hr-Heat",-0.0258374081556398,0.874256125930933,""
"ME25","1hr-Heat",0.192821765881921,0.233234742091373,""
"ME25","3hr-Heat",0.479264865950986,0.00175461350484624,"0.48"
"ME25","12hr-Heat",-0.396238243615009,0.0113699696594011,"-0.4"
"ME25","24hr-Heat",-0.309766699993098,0.0517561976931516,""
"ME25","72hr-Heat",-0.209761038857283,0.193914546279998,""
"ME25","120hr-Heat",-0.430177736313406,0.00559561338064409,"-0.43"
"ME5","0hr-Control",0.0220684066815948,0.892482732469393,""
"ME5","1hr-Control",0.101602968016162,0.532736176091684,""
"ME5","3hr-Control",-0.0567773197214001,0.727851120661666,""
"ME5","12hr-Control",0.0735939009759964,0.651771771932407,""
"ME5","24hr-Control",0.0945294482796061,0.561779468578864,""
"ME5","72hr-Control",0.15029899229981,0.354599358336295,""
"ME5","120hr-Control",0.425564472420181,0.00618770319164267,"0.43"
"ME5","0hr-Heat",0.0452768372579285,0.781459341591257,""
"ME5","1hr-Heat",-0.12708298960624,0.434547955389177,""
"ME5","3hr-Heat",0.12542777626632,0.440604336880531,""
"ME5","12hr-Heat",-0.234691413121918,0.144923399051918,""
"ME5","24hr-Heat",-0.137805311519525,0.396451014200759,""
"ME5","72hr-Heat",-0.0502075423519144,0.758337046749189,""
"ME5","120hr-Heat",-0.452245298793259,0.00339208840575429,"-0.45"
"ME10","0hr-Control",0.0419781879213929,0.797033736520413,""
"ME10","1hr-Control",0.0969203229093625,0.55188102078413,""
"ME10","3hr-Control",0.0841676455952572,0.605602445286395,""
"ME10","12hr-Control",0.0340518736730345,0.834765058479693,""
"ME10","24hr-Control",0.189217110909054,0.242255978505035,""
"ME10","72hr-Control",0.0790389885933376,0.627821983619157,""
"ME10","120hr-Control",0.375017066789734,0.0171091625254047,"0.38"
"ME10","0hr-Heat",0.137040823806696,0.399101363113502,""
"ME10","1hr-Heat",0.102375488538612,0.529609053689557,""
"ME10","3hr-Heat",0.279674370333092,0.0804997808683074,""
"ME10","12hr-Heat",-0.464822433750952,0.00251228230646548,"-0.46"
"ME10","24hr-Heat",-0.386609311943119,0.0137296849708629,"-0.39"
"ME10","72hr-Heat",-0.192804515552148,0.233277361689994,""
"ME10","120hr-Heat",-0.453765453758035,0.00327313343162583,"-0.45"
"ME9","0hr-Control",0.0115248172014992,0.943731799112422,""
"ME9","1hr-Control",0.212058984774904,0.188964512681298,""
"ME9","3hr-Control",0.0273994531543282,0.866720381919361,""
"ME9","12hr-Control",-0.109670181127429,0.500529360357329,""
"ME9","24hr-Control",0.186943786466505,0.248064913898485,""
"ME9","72hr-Control",-0.0499450710026431,0.759562874032647,""
"ME9","120hr-Control",-0.0171378281682547,0.916407768740169,""
"ME9","0hr-Heat",0.122128452334761,0.452813911952798,""
"ME9","1hr-Heat",0.179246149650998,0.268425054722982,""
"ME9","3hr-Heat",0.371404087405827,0.0182958690547426,"0.37"
"ME9","12hr-Heat",-0.0378961349455281,0.816414236456447,""
"ME9","24hr-Heat",-0.1222911171789,0.452207685561327,""
"ME9","72hr-Heat",-0.254069305610616,0.113648365328719,""
"ME9","120hr-Heat",-0.62316607723177,1.74821332218621e-05,"-0.62"
"ME26","0hr-Control",-0.082761327320016,0.611661560748616,""
"ME26","1hr-Control",-0.128261638471283,0.430263601190104,""
"ME26","3hr-Control",0.155228181496931,0.338853912479971,""
"ME26","12hr-Control",0.0449427480299949,0.783033012126843,""
"ME26","24hr-Control",0.153198424413191,0.345284686407785,""
"ME26","72hr-Control",0.126891273403958,0.435247067201456,""
"ME26","120hr-Control",0.348479049198166,0.0275470365013383,"0.35"
"ME26","0hr-Heat",-0.113573744868958,0.485309197509273,""
"ME26","1hr-Heat",-0.0893182186874836,0.583635219537973,""
"ME26","3hr-Heat",0.292049204778985,0.0674587337527635,""
"ME26","12hr-Heat",-0.0987168469967629,0.544497783966625,""
"ME26","24hr-Heat",0.0798537811798427,0.624269560649715,""
"ME26","72hr-Heat",-0.224775741124757,0.163183096065134,""
"ME26","120hr-Heat",-0.554775295243896,0.00020322316280866,"-0.55"
"ME23","0hr-Control",0.0139938760610401,0.931702793860422,""
"ME23","1hr-Control",0.0557772889385635,0.732466315479814,""
"ME23","3hr-Control",-0.236102910218514,0.142451552906238,""
"ME23","12hr-Control",-0.00667361132179689,0.967399830687588,""
"ME23","24hr-Control",0.113945445329448,0.483872576799063,""
"ME23","72hr-Control",0.142537606775063,0.380273250658275,""
"ME23","120hr-Control",0.199556976622154,0.216997824762475,""
"ME23","0hr-Heat",-0.0307983683890223,0.850364049415506,""
"ME23","1hr-Heat",0.291601895975222,0.0678990624288611,""
"ME23","3hr-Heat",0.085361415299772,0.600479442677597,""
"ME23","12hr-Heat",-0.338454600841097,0.0326639004045171,"-0.34"
"ME23","24hr-Heat",-0.311912036161241,0.0500729890577068,""
"ME23","72hr-Heat",-0.0554403356704505,0.734023476019955,""
"ME23","120hr-Heat",0.0540292242592144,0.74055598705003,""
"ME22","0hr-Control",0.118108490381407,0.467934839803306,""
"ME22","1hr-Control",-0.0824597343294351,0.612964319942248,""
"ME22","3hr-Control",0.00206413703276076,0.989914384386028,""
"ME22","12hr-Control",-0.0157028952788625,0.923385226238901,""
"ME22","24hr-Control",0.192725271939302,0.23347321335185,""
"ME22","72hr-Control",0.115791813530457,0.476769315585926,""
"ME22","120hr-Control",-0.17723136232329,0.273930922519938,""
"ME22","0hr-Heat",-0.029232983132062,0.857889778489092,""
"ME22","1hr-Heat",0.234433354926072,0.145378705533979,""
"ME22","3hr-Heat",-0.033568992870793,0.837076449167692,""
"ME22","12hr-Heat",-0.252423777496883,0.116086908429812,""
"ME22","24hr-Heat",-0.27533610056246,0.0855101418310908,""
"ME22","72hr-Heat",-0.00792866903071444,0.961273210821133,""
"ME22","120hr-Heat",0.207532488651529,0.198801691410646,""
"ME27","0hr-Control",-0.0375389083624934,0.818115571234227,""
"ME27","1hr-Control",-0.0789970764074575,0.628004941968002,""
"ME27","3hr-Control",0.0331136403964723,0.839257308605788,""
"ME27","12hr-Control",0.147115894445559,0.364998854575901,""
"ME27","24hr-Control",0.238262472424827,0.138730012412641,""
"ME27","72hr-Control",0.130797378692859,0.421126522171298,""
"ME27","120hr-Control",-0.0286473184325558,0.860708640613202,""
"ME27","0hr-Heat",-0.128149526407264,0.430670109322381,""
"ME27","1hr-Heat",-0.00403215795916113,0.980299821463134,""
"ME27","3hr-Heat",0.0536713741539742,0.742215474965582,""
"ME27","12hr-Heat",-0.261966015321049,0.102481566886835,""
"ME27","24hr-Heat",-0.291632696262687,0.0678686702263323,""
"ME27","72hr-Heat",-0.00823974594312581,0.959755001009432,""
"ME27","120hr-Heat",0.232887040028741,0.148129001039762,""
"ME12","0hr-Control",-0.00984397586199811,0.951927902550525,""
"ME12","1hr-Control",0.088967399185281,0.585120097677106,""
"ME12","3hr-Control",0.0950989980440048,0.559414021389993,""
"ME12","12hr-Control",-0.024576623409822,0.880346532409993,""
"ME12","24hr-Control",0.213453390936661,0.186004765045968,""
"ME12","72hr-Control",-0.150376164642107,0.354349480580386,""
"ME12","120hr-Control",-0.134145380689436,0.409231736659289,""
"ME12","0hr-Heat",-0.253443272753012,0.114571491443037,""
"ME12","1hr-Heat",0.00216405774969968,0.989426186847999,""
"ME12","3hr-Heat",0.11943620655838,0.462911220075078,""
"ME12","12hr-Heat",-0.0876373493727437,0.590764906680926,""
"ME12","24hr-Heat",-0.18224218999769,0.260373498094043,""
"ME12","72hr-Heat",0.101638423525906,0.532592457957679,""
"ME12","120hr-Heat",0.262898832545292,0.101219879702107,""
"ME0","0hr-Control",-0.0389110688521648,0.811585045703958,""
"ME0","1hr-Control",-0.0259958799208353,0.873491103025127,""
"ME0","3hr-Control",0.114248761775127,0.482701902955446,""
"ME0","12hr-Control",0.00422993284158451,0.979333742354299,""
"ME0","24hr-Control",0.272982306766578,0.0883280156563283,""
"ME0","72hr-Control",0.0030590233324411,0.985053710328332,""
"ME0","120hr-Control",-0.158696958890085,0.328036054510104,""
"ME0","0hr-Heat",-0.15732666884465,0.332283512709381,""
"ME0","1hr-Heat",0.142149333697446,0.381585734826809,""
"ME0","3hr-Heat",0.10636131223745,0.513618357985588,""
"ME0","12hr-Heat",-0.268228145647559,0.0942381152255259,""
"ME0","24hr-Heat",-0.248239091010132,0.12246592192296,""
"ME0","72hr-Heat",-0.0238818760096673,0.883705540622047,""
"ME0","120hr-Heat",0.268523100120942,0.0938628148070084,""
"ME7","0hr-Control",0.138499510180566,0.394053204350738,""
"ME7","1hr-Control",0.171918991532601,0.288801055722833,""
"ME7","3hr-Control",0.0416441279525671,0.798615426648033,""
"ME7","12hr-Control",0.0480563277256705,0.768400860589396,""
"ME7","24hr-Control",-0.10892935882597,0.503445025177062,""
"ME7","72hr-Control",0.0965155904803517,0.553550853165932,""
"ME7","120hr-Control",-0.330214408809002,0.0374331416393377,"-0.33"
"ME7","0hr-Heat",0.125201970428369,0.441434139024677,""
"ME7","1hr-Heat",0.163107336640344,0.31459610744464,""
"ME7","3hr-Heat",-0.430421049026387,0.00556579626921423,"-0.43"
"ME7","12hr-Heat",-0.007695574762432,0.962410915251724,""
"ME7","24hr-Heat",-0.221599501154358,0.169369803453031,""
"ME7","72hr-Heat",0.147560777907798,0.363534488771145,""
"ME7","120hr-Heat",0.226449537286262,0.159989456457924,""
"ME21","0hr-Control",0.175735585501483,0.278066047365549,""
"ME21","1hr-Control",0.177066937734441,0.27438349572052,""
"ME21","3hr-Control",0.035322483389304,0.82868966082872,""
"ME21","12hr-Control",0.0784967694137124,0.630190613109808,""
"ME21","24hr-Control",-0.0622437258706644,0.702794322029791,""
"ME21","72hr-Control",0.196245258136164,0.224881180683092,""
"ME21","120hr-Control",-0.148454967503739,0.360601890732101,""
"ME21","0hr-Heat",0.0983912414370938,0.545832432606704,""
"ME21","1hr-Heat",0.198712566340311,0.218989518325204,""
"ME21","3hr-Heat",0.117034051124729,0.472021269949844,""
"ME21","12hr-Heat",0.0105745832300857,0.948364672560204,""
"ME21","24hr-Heat",-0.437056624162684,0.00480396394525595,"-0.44"
"ME21","72hr-Heat",-0.0578529012704036,0.722897812077378,""
"ME21","120hr-Heat",-0.405531910646822,0.00942926702689604,"-0.41"
"ME8","0hr-Control",0.161118703679696,0.320612524911058,""
"ME8","1hr-Control",-0.0288999533987638,0.859492472504496,""
"ME8","3hr-Control",0.162584149207267,0.316172008807456,""
"ME8","12hr-Control",0.245702646672673,0.126458296224984,""
"ME8","24hr-Control",0.140441423008958,0.387390611668174,""
"ME8","72hr-Control",0.227467923064463,0.158068686529497,""
"ME8","120hr-Control",0.0844218991845846,0.604509754996819,""
"ME8","0hr-Heat",0.143131761217521,0.378269986115546,""
"ME8","1hr-Heat",0.154896288050695,0.33990035545802,""
"ME8","3hr-Heat",-0.0131970170172739,0.935583502434077,""
"ME8","12hr-Heat",-0.261302137433285,0.10338678797268,""
"ME8","24hr-Heat",-0.351838582984334,0.0259884065386697,"-0.35"
"ME8","72hr-Heat",-0.240054171832761,0.1356973633114,""
"ME8","120hr-Heat",-0.522235238146359,0.000547231954070161,"-0.52"
"ME3","0hr-Control",0.196308376715925,0.224729119108649,""
"ME3","1hr-Control",0.190184641972907,0.239811778228081,""
"ME3","3hr-Control",0.235329880286962,0.143801423229822,""
"ME3","12hr-Control",0.197103608494699,0.222819332929234,""
"ME3","24hr-Control",0.131506559124797,0.418590823838821,""
"ME3","72hr-Control",0.216727269894421,0.1791852929735,""
"ME3","120hr-Control",0.260995570883226,0.103806855652342,""
"ME3","0hr-Heat",0.197392836901465,0.222127510660129,""
"ME3","1hr-Heat",0.0518962678450071,0.750464204545161,""
"ME3","3hr-Heat",-0.342817341575955,0.0303484626953852,"-0.34"
"ME3","12hr-Heat",-0.49790435428209,0.0010783348400158,"-0.5"
"ME3","24hr-Heat",-0.365744791304472,0.0202933046708904,"-0.37"
"ME3","72hr-Heat",-0.152636816380631,0.347077102787805,""
"ME3","120hr-Heat",-0.380503207986565,0.0154314616395506,"-0.38"
"ME29","0hr-Control",0.0112768412737027,0.944940637721487,""
"ME29","1hr-Control",0.131743421678219,0.417745839586159,""
"ME29","3hr-Control",0.138800577075357,0.393015923813625,""
"ME29","12hr-Control",0.0251741303239455,0.877459318407185,""
"ME29","24hr-Control",0.11222443093303,0.49054286275807,""
"ME29","72hr-Control",0.193437792813748,0.231716225729977,""
"ME29","120hr-Control",0.117005124471901,0.472131547375908,""
"ME29","0hr-Heat",0.175850842981455,0.277745971783774,""
"ME29","1hr-Heat",0.16634745295975,0.30494714234813,""
"ME29","3hr-Heat",-0.0108297719706395,0.947120326902384,""
"ME29","12hr-Heat",-0.577612084310195,9.51714506715141e-05,"-0.58"
"ME29","24hr-Heat",-0.476140504591265,0.00189879125065172,"-0.48"
"ME29","72hr-Heat",-0.183826736414673,0.256180731881818,""
"ME29","120hr-Heat",0.101684856566744,0.532404271131751,""
"ME6","0hr-Control",0.152014564931058,0.349069691360653,""
"ME6","1hr-Control",0.119448060374349,0.462866499737816,""
"ME6","3hr-Control",0.108982596639284,0.503235209657964,""
"ME6","12hr-Control",0.227007890127311,0.15893426476269,""
"ME6","24hr-Control",0.138886518411502,0.39272011756245,""
"ME6","72hr-Control",0.234765305793413,0.144793219392789,""
"ME6","120hr-Control",-0.0355755963900107,0.827480567751296,""
"ME6","0hr-Heat",0.155179358263336,0.339007725001612,""
"ME6","1hr-Heat",0.0758759050968993,0.641690757184798,""
"ME6","3hr-Heat",-0.497865961472651,0.00107944732272952,"-0.5"
"ME6","12hr-Heat",-0.416108923577388,0.00757229668663021,"-0.42"
"ME6","24hr-Heat",-0.372393220371628,0.0179643072184525,"-0.37"
"ME6","72hr-Heat",-0.0114172383716936,0.944256211683638,""
"ME6","120hr-Heat",0.116551058555084,0.473864372593548,""
"ME17","0hr-Control",0.0675004802762665,0.678987055777675,""
"ME17","1hr-Control",0.178973092714331,0.269166939543152,""
"ME17","3hr-Control",0.219984539478841,0.1725793956395,""
"ME17","12hr-Control",0.0903768421820881,0.579164739939429,""
"ME17","24hr-Control",0.0708888131429338,0.663801299149407,""
"ME17","72hr-Control",0.181955877209953,0.261135925060713,""
"ME17","120hr-Control",0.0846010982807337,0.603740132461326,""
"ME17","0hr-Heat",0.175166838598454,0.279649012810415,""
"ME17","1hr-Heat",0.0860178099415493,0.597670597116284,""
"ME17","3hr-Heat",-0.501859780299404,0.000969029781123601,"-0.5"
"ME17","12hr-Heat",-0.600545611753787,4.18855977509271e-05,"-0.6"
"ME17","24hr-Heat",-0.253870965699176,0.113940219872804,""
"ME17","72hr-Heat",-0.0272497823138265,0.867441943371349,""
"ME17","120hr-Heat",0.216963246554374,0.178700744856195,""
"ME31","0hr-Control",-0.221334722324107,0.169893061158605,""
"ME31","1hr-Control",-0.274102573609267,0.0869780457947711,""
"ME31","3hr-Control",-0.142930117060492,0.378949153686089,""
"ME31","12hr-Control",-0.00457301801299209,0.977657929899214,""
"ME31","24hr-Control",0.136172680566377,0.402123443646616,""
"ME31","72hr-Control",0.0478972498753167,0.769146571162579,""
"ME31","120hr-Control",-0.197911176209327,0.220891361966957,""
"ME31","0hr-Heat",-0.160429504074619,0.322714359559524,""
"ME31","1hr-Heat",0.00988351817653663,0.951735027317163,""
"ME31","3hr-Heat",0.319185462703356,0.0446914057425492,"0.32"
"ME31","12hr-Heat",0.170168465875141,0.293813259668492,""
"ME31","24hr-Heat",0.0496293549005409,0.761038140062328,""
"ME31","72hr-Heat",-0.0738274536324815,0.650737176614288,""
"ME31","120hr-Heat",0.312105526909391,0.0499233693758367,"0.31"
"ME4","0hr-Control",-0.054343332873603,0.739100299304152,""
"ME4","1hr-Control",-0.253496416730101,0.114492907925322,""
"ME4","3hr-Control",-0.108590776726273,0.504780447946684,""
"ME4","12hr-Control",0.144415816128471,0.373962001671893,""
"ME4","24hr-Control",0.122169692255632,0.452660175554985,""
"ME4","72hr-Control",0.238950964335108,0.1375587919103,""
"ME4","120hr-Control",-0.0744459544363819,0.648000454522508,""
"ME4","0hr-Heat",0.114273740604024,0.482605561064738,""
"ME4","1hr-Heat",0.112216731906558,0.490572808756649,""
"ME4","3hr-Heat",-0.118853016852536,0.465114245677952,""
"ME4","12hr-Heat",-0.0648170190219632,0.691103495874759,""
"ME4","24hr-Heat",-0.0951457323778936,0.559220131085495,""
"ME4","72hr-Heat",-0.130151915989777,0.423441897494255,""
"ME4","120hr-Heat",0.114812719023992,0.480529197883883,""
"ME11","0hr-Control",-0.244275920958715,0.128746286913427,""
"ME11","1hr-Control",-0.21210250673885,0.188871632670239,""
"ME11","3hr-Control",-0.0520027501795539,0.749968609363537,""
"ME11","12hr-Control",0.212820992031171,0.187342983801908,""
"ME11","24hr-Control",0.156670328854025,0.334329978065475,""
"ME11","72hr-Control",0.265121658567673,0.098261265443309,""
"ME11","120hr-Control",0.0240463409475498,0.882910191694879,""
"ME11","0hr-Heat",-0.043251416296948,0.791012703430011,""
"ME11","1hr-Heat",-0.10879604130577,0.503970637278127,""
"ME11","3hr-Heat",-0.0523853812331894,0.748188568367654,""
"ME11","12hr-Heat",-0.00240887436892968,0.988230066227018,""
"ME11","24hr-Heat",-0.0246183555942314,0.880144828219074,""
"ME11","72hr-Heat",-0.107051204008917,0.510875296177968,""
"ME11","120hr-Heat",0.144636418084672,0.373224829949734,""
"ME15","0hr-Control",-0.212286659728421,0.188478990261671,""
"ME15","1hr-Control",-0.158818285726744,0.327661617048139,""
"ME15","3hr-Control",-0.301408398095285,0.0587520654976071,""
"ME15","12hr-Control",-0.22258014089784,0.167441961432438,""
"ME15","24hr-Control",0.0381147628207541,0.815373403797655,""
"ME15","72hr-Control",-0.162781590495689,0.315576709377778,""
"ME15","120hr-Control",0.207708026901566,0.198413635475858,""
"ME15","0hr-Heat",-0.108855370862885,0.503736692719018,""
"ME15","1hr-Heat",-0.149540216461455,0.357061896763633,""
"ME15","3hr-Heat",0.289362448823312,0.0701377794683038,""
"ME15","12hr-Heat",0.108904141970279,0.503544422788044,""
"ME15","24hr-Heat",0.319698702060181,0.0443300848370881,"0.32"
"ME15","72hr-Heat",0.0636323928334537,0.696476831173309,""
"ME15","120hr-Heat",0.314764543849351,0.0479034495907367,"0.31"
"ME1","0hr-Control",-0.198095031898468,0.220454037854436,""
"ME1","1hr-Control",-0.195680818125038,0.226244133266842,""
"ME1","3hr-Control",-0.198804645743667,0.218771722488538,""
"ME1","12hr-Control",-0.181608296619523,0.262063492438512,""
"ME1","24hr-Control",-0.145766727778863,0.369461312647693,""
"ME1","72hr-Control",-0.218348790615464,0.175874571371319,""
"ME1","120hr-Control",-0.1713970109943,0.290289796562674,""
"ME1","0hr-Heat",-0.195264778073477,0.227252359360975,""
"ME1","1hr-Heat",-0.125842838162132,0.439081289028594,""
"ME1","3hr-Heat",0.339790349534313,0.0319400525250974,"0.34"
"ME1","12hr-Heat",0.495119683100312,0.00116171533879047,"0.5"
"ME1","24hr-Heat",0.416208030419195,0.00755650597481085,"0.42"
"ME1","72hr-Heat",0.120817183450665,0.457716860964958,""
"ME1","120hr-Heat",0.308076612897935,0.053113967854468,""
"ME16","0hr-Control",-0.161170602253749,0.320454599621527,""
"ME16","1hr-Control",-0.171709962242509,0.289396634238134,""
"ME16","3hr-Control",0.0438855445711021,0.788018378944541,""
"ME16","12hr-Control",-0.0842712107904243,0.605157256918587,""
"ME16","24hr-Control",-0.0559036886059225,0.731882457484154,""
"ME16","72hr-Control",-0.232572663615189,0.14869279039495,""
"ME16","120hr-Control",0.0304375096811406,0.852097774634569,""
"ME16","0hr-Heat",-0.148865151696232,0.359261425959802,""
"ME16","1hr-Heat",-0.0769411841642159,0.637006242982086,""
"ME16","3hr-Heat",0.385503373490797,0.0140255405844904,"0.39"
"ME16","12hr-Heat",0.24529132844426,0.127114772379524,""
"ME16","24hr-Heat",0.441427951949768,0.00435308154944405,"0.44"
"ME16","72hr-Heat",-0.133845102029677,0.410290665129608,""
"ME16","120hr-Heat",-0.135774697281734,0.403513249403505,""
"ME18","0hr-Control",-0.108252095726828,0.50611805144319,""
"ME18","1hr-Control",-0.132161672698875,0.416256127510291,""
"ME18","3hr-Control",0.023169939434063,0.887149738888147,""
"ME18","12hr-Control",-0.0271375472265782,0.867983097072173,""
"ME18","24hr-Control",-0.0435830032943133,0.789446592673799,""
"ME18","72hr-Control",-0.342532825515971,0.0304952202365862,"-0.34"
"ME18","120hr-Control",-0.348733574466042,0.027426304254762,"-0.35"
"ME18","0hr-Heat",-0.0711257121770428,0.662744424521635,""
"ME18","1hr-Heat",0.00651047936442019,0.968196309651502,""
"ME18","3hr-Heat",0.273779954283894,0.087365166482966,""
"ME18","12hr-Heat",0.353172595398967,0.0253901443077788,"0.35"
"ME18","24hr-Heat",0.389259831293512,0.0130420844322978,"0.39"
"ME18","72hr-Heat",-0.110497424479517,0.497283754320736,""
"ME18","120hr-Heat",0.0931308668028611,0.567607646759,""
"ME19","0hr-Control",-0.0404377253766371,0.804334005548465,""
"ME19","1hr-Control",-0.0265138736450546,0.870991282396733,""
"ME19","3hr-Control",-0.137186118249757,0.398596865783664,""
"ME19","12hr-Control",-0.143234198365731,0.377925238324126,""
"ME19","24hr-Control",-0.252568607820006,0.115870710600602,""
"ME19","72hr-Control",-0.0936002945616353,0.565648348891153,""
"ME19","120hr-Control",-0.476794104606911,0.00186779509310026,"-0.48"
"ME19","0hr-Heat",-0.0186444466957782,0.909088390892248,""
"ME19","1hr-Heat",0.0736364609320845,0.651583191130165,""
"ME19","3hr-Heat",0.113869456896378,0.484166091569666,""
"ME19","12hr-Heat",0.514017738231401,0.000692023317731237,"0.51"
"ME19","24hr-Heat",0.126335218348251,0.437278296093713,""
"ME19","72hr-Heat",0.141863457306548,0.382553789360992,""
"ME19","120hr-Heat",0.277031075527781,0.0835245480499448,""
"ME20","0hr-Control",-0.058430204893203,0.720243766388068,""
"ME20","1hr-Control",-0.103717981356264,0.524196112360142,""
"ME20","3hr-Control",-0.113005761994755,0.48750872306654,""
"ME20","12hr-Control",-0.0919407774447992,0.572588767488827,""
"ME20","24hr-Control",0.0130882145715277,0.936113487037254,""
"ME20","72hr-Control",-0.139744349968859,0.389774605723994,""
"ME20","120hr-Control",-0.285726008583506,0.0738964305136069,""
"ME20","0hr-Heat",-0.0727558812190101,0.655489333420613,""
"ME20","1hr-Heat",-0.0208404616594194,0.898433238082001,""
"ME20","3hr-Heat",-0.471685241686222,0.00212241947681738,"-0.47"
"ME20","12hr-Heat",0.405836666871358,0.00937075865348041,"0.41"
"ME20","24hr-Heat",0.490426126336495,0.00131524635780752,"0.49"
"ME20","72hr-Heat",0.150940524405602,0.352525376275728,""
"ME20","120hr-Heat",0.359025819391537,0.0228986588641041,"0.36"
"ME2","0hr-Control",0.165142290438698,0.308513819030231,""
"ME2","1hr-Control",0.280951771484767,0.0790689747686934,""
"ME2","3hr-Control",0.0524735718021567,0.747778478581298,""
"ME2","12hr-Control",-0.1151251468083,0.479327742392459,""
"ME2","24hr-Control",-0.11046230075115,0.497421339638171,""
"ME2","72hr-Control",-0.235167298071335,0.144086519677176,""
"ME2","120hr-Control",0.112819377515229,0.488231624749501,""
"ME2","0hr-Heat",-0.0436879663832919,0.788951013757092,""
"ME2","1hr-Heat",-0.0743087567866819,0.648607129879124,""
"ME2","3hr-Heat",0.0325982670851695,0.841727060375606,""
"ME2","12hr-Heat",0.0171493852786953,0.916351595899814,""
"ME2","24hr-Heat",-0.0247418050345337,0.87954820371558,""
"ME2","72hr-Heat",0.175754205794884,0.278014321596149,""
"ME2","120hr-Heat",-0.161819515697486,0.318484103408501,""
"ME30","0hr-Control",-0.0726389072867162,0.656008899483433,""
"ME30","1hr-Control",0.0838153230496876,0.60711800213137,""
"ME30","3hr-Control",-0.0872916875795857,0.592235842457603,""
"ME30","12hr-Control",-0.189459558551123,0.241641928227479,""
"ME30","24hr-Control",-0.117978260050028,0.468429142474493,""
"ME30","72hr-Control",-0.285571551422553,0.0740595092964872,""
"ME30","120hr-Control",-0.0806038734271021,0.621006618319089,""
"ME30","0hr-Heat",-0.245903942245412,0.12613794738666,""
"ME30","1hr-Heat",-0.151661372447633,0.350203788713165,""
"ME30","3hr-Heat",0.347307883807501,0.0281082538856457,"0.35"
"ME30","12hr-Heat",0.310930852043513,0.0508372669189677,""
"ME30","24hr-Heat",0.16456921833725,0.310219075904155,""
"ME30","72hr-Heat",0.246031564629539,0.125935159109236,""
"ME30","120hr-Heat",0.178650917192789,0.270044013247084,""
"ME28","0hr-Control",0.0380661773941758,0.81560467990858,""
"ME28","1hr-Control",-0.0802021232732689,0.622753368715618,""
"ME28","3hr-Control",-0.00381396923310965,0.98136564903744,""
"ME28","12hr-Control",0.14081626088336,0.386112200258435,""
"ME28","24hr-Control",-0.00443449025448539,0.978334562964991,""
"ME28","72hr-Control",0.188406570914474,0.244316487894702,""
"ME28","120hr-Control",0.193379251206204,0.23186024127903,""
"ME28","0hr-Heat",0.121308254623004,0.455877361431375,""
"ME28","1hr-Heat",-0.28767552664442,0.0718622219934688,""
"ME28","3hr-Heat",-0.515997161841571,0.000654331251986733,"-0.52"
"ME28","12hr-Heat",0.149191813806386,0.35819606085382,""
"ME28","24hr-Heat",0.25687565079528,0.109579186521963,""
"ME28","72hr-Heat",-0.0430639374698229,0.791898539236077,""
"ME28","120hr-Heat",-0.170394603436467,0.2931626393277,""
"ME13","0hr-Control",-0.0394097006642665,0.809214995715742,""
"ME13","1hr-Control",0.0239657138721656,0.883300088400442,""
"ME13","3hr-Control",-0.126902850613024,0.435204832114069,""
"ME13","12hr-Control",-0.11600870393721,0.475938518686986,""
"ME13","24hr-Control",-0.252581715674458,0.115851158636616,""
"ME13","72hr-Control",-0.185664700339618,0.251374101997244,""
"ME13","120hr-Control",0.0820124871604568,0.614898408016301,""
"ME13","0hr-Heat",-0.0461471408191634,0.777363970332156,""
"ME13","1hr-Heat",-0.189793158722504,0.240798734823516,""
"ME13","3hr-Heat",0.162516653181058,0.316375676263687,""
"ME13","12hr-Heat",0.444290454059362,0.00407818473188314,"0.44"
"ME13","24hr-Heat",0.347735344909416,0.0279023304670427,"0.35"
"ME13","72hr-Heat",0.126654259237144,0.436112222994263,""
"ME13","120hr-Heat",-0.179086865180456,0.268857660282966,""
"ME14","0hr-Control",0.233344025338537,0.147312260444255,""
"ME14","1hr-Control",0.18443542474118,0.254582156725115,""
"ME14","3hr-Control",-0.0735954336484347,0.651764980374754,""
"ME14","12hr-Control",0.0230228976137421,0.887861353138331,""
"ME14","24hr-Control",-0.265606524601303,0.0976247999523006,""
"ME14","72hr-Control",-0.0553145466575965,0.734605053851141,""
"ME14","120hr-Control",0.189062064975506,0.242649217166219,""
"ME14","0hr-Heat",0.250496080734733,0.118993560806725,""
"ME14","1hr-Heat",-0.0413135182032436,0.800181562333612,""
"ME14","3hr-Heat",-0.18161871796916,0.262035649879441,""
"ME14","12hr-Heat",0.0372773594375298,0.819361751702597,""
"ME14","24hr-Heat",-0.00207465462164584,0.989862996860826,""
"ME14","72hr-Heat",0.0603230411789469,0.711564625508684,""
"ME14","120hr-Heat",-0.333870878170463,0.0352510551484621,"-0.33"
"ME24","0hr-Control",0.0203455702079585,0.900833004544689,""
"ME24","1hr-Control",0.199540497550869,0.217036573537477,""
"ME24","3hr-Control",-0.000204737435432723,0.998999603557919,""
"ME24","12hr-Control",0.0890303838483615,0.584853384806755,""
"ME24","24hr-Control",-0.202656894908715,0.209793489420168,""
"ME24","72hr-Control",-0.00696093867286245,0.965997053855001,""
"ME24","120hr-Control",0.276511795062687,0.0841290176082508,""
"ME24","0hr-Heat",0.0943807810622101,0.562397674356481,""
"ME24","1hr-Heat",-0.281824201417863,0.0781032380012127,""
"ME24","3hr-Heat",-0.15965155237434,0.32509719732726,""
"ME24","12hr-Heat",0.0828471958754931,0.611290858804327,""
"ME24","24hr-Heat",0.0934368659771768,0.566330113285961,""
"ME24","72hr-Heat",0.0804816145501995,0.621537965409702,""
"ME24","120hr-Heat",-0.252500159577244,0.11597284994629,""
