"","MEdarkmagenta","MEgrey60","MEivory","MEorangered4","MEsienna3","MEdarkturquoise","MEfloralwhite","MEyellow","MEpurple","MEturquoise","MEroyalblue","MElightsteelblue1","MEdarkorange","MEsteelblue","MEdarkgreen","MEtan","MEorange","MEsalmon","MEdarkolivegreen","MElightcyan","MEmagenta","MEbrown","MEred","MEblack","MEdarkgrey","MEplum1","MEviolet","MEgreenyellow","MEpaleturquoise","MEsaddlebrown","MEskyblue","MEwhite","MEyellowgreen","MElightyellow","MEpink","MEdarkred","MElightcyan1","MEcyan","MElightgreen"
"POR_R0_C1",-0.0635769974634617,0.0345290058580184,-0.00243586943094343,0.0344348309823478,0.131769416005488,-0.0347026196238356,-0.00993325864949386,-0.0122382368106809,-0.0305138082405743,0.0413836636411972,0.0482864653156043,0.305086078450576,0.118817639771642,0.285819250857578,0.150905737084831,0.120289680367414,0.209272753709973,0.154229416057885,-0.0256957166593495,-0.0285287532313594,0.00675641450582681,-0.0233307355879052,0.0101629017912648,-0.02130759826047,-0.000695520650722477,-0.0560293258388291,0.049741449310579,-0.0336202049572594,-0.0859122478776587,-0.00870528688487798,-0.0870238532504235,-0.0367561942424176,0.00600071348584072,-0.00841222726203847,-0.0425443754599619,-0.0400825520129119,-0.0966789953889292,-0.137908745392791,-0.0223667334797045
"POR_R0_C2",-0.189432443724216,0.103644051196538,-0.0217399469830675,0.0901435205774782,0.195795836470727,-0.122546146879947,-0.143679437409783,-0.100371731682759,-0.10719509031424,-0.0460066729002034,-0.0696035182628791,0.300231081031664,0.193120460088368,0.29277559816309,0.152830318579552,0.186448660012711,0.228640588706043,0.0926499385485792,0.0499004122736916,0.00141090218180917,0.0561549325431474,-0.0332963923657132,0.0530138973791811,-0.0461200844424651,-0.0273309131857807,0.0024882565003882,0.164730241023818,0.264791330825538,0.0919478149636448,-0.257795224751248,-0.235663592568579,0.0903801074656961,0.107510826473625,-0.134935382238908,-0.0845333318232704,0.0116098589308621,-0.0980642807716542,-0.131783775834993,-0.0200396519935593
"POR_R0_C3",-0.168211810114364,-0.138845914288778,-0.132825809173766,-0.200822437583818,-0.112070620592491,-0.0939552108218079,-0.136857336446155,-0.0937348204213565,-0.0259906834768548,-0.0211974632771808,-0.0380232550535755,0.0137396927128021,0.144474126316622,0.192903861420704,0.207408661716603,0.206034817635354,0.221886244649025,0.127012663193161,0.118606535424236,0.0335566217735682,0.090681975268029,0.0773930061720525,0.129403419991556,-0.00670130926825374,-0.0169922930205361,0.0081754338773124,0.0234069467321162,-0.0490125206689138,0.00310178726353638,0.0452457472092639,0.103315932426875,0.126602976502509,0.126365697858884,0.162104286991166,0.213084117906853,0.0505217956182303,-0.0787218468803877,-0.096125275340019,0.0565390362068502
"POR_R0_H1",-0.0406960238943831,0.0118098168114159,0.0846321900217705,-0.0223754604688688,0.050133374285779,-0.0932047087575112,0.158000636964688,0.0680537441109805,0.0658180709594361,0.12815905683545,0.354395763213199,-0.122542426971212,-0.170135123084937,-0.100126519566958,-0.0662453835881804,-0.116340604179273,-0.00857658477544424,0.083726362776869,0.00104440378295293,0.0747358958880662,-0.0387167640659797,0.0248600041867034,-0.0699387403942751,0.0376072330000642,0.0782665658679887,0.0515837069579668,0.273094412967355,-0.0633868646365018,-0.0628455688300815,-0.0179628902483739,-0.0800883173815773,0.0213247589343164,-0.0441691602812367,0.125071925218983,-0.125043007281904,-0.165075925837711,-0.166207986671359,-0.131716954153544,-0.10438889842633
"POR_R0_H2",0.167351326092448,-0.011918451383287,0.10400179527151,-0.149367498592475,-0.047709113330309,-0.0656676486686364,-0.137258290807358,0.170653324202192,0.125448368600596,0.153585889433346,-0.0544897836439263,-0.098479674508095,-0.123241998927629,-0.0857951962270569,-0.0972763742097107,-0.156091853854589,-0.0361984835741934,0.118797121038666,-0.0944107401558055,0.0390188073135914,-0.0750698599632784,0.0102814912700897,-0.0824552287570107,0.0720287125811125,0.098327078165989,0.052505971190773,0.026187117868145,-0.0667272776428367,0.0306816234364605,0.0943639029177729,0.0645167473477726,0.0747992770758372,-0.0802093369056657,0.125947098103262,0.164568558457471,-0.164113761211695,-0.132634110985495,-0.124435523167527,-0.138859660586686
"POR_R0_H3",0.0106719988790605,-0.0271914243276171,0.0696691680418282,-0.0189031946158456,0.0288681036443712,-0.087170288827697,0.16537645341589,0.0956596742524449,0.0743337213552941,0.11911466757638,0.374975058908237,-0.0971489902701108,-0.142572408128423,-0.0738468641881922,-0.00494341800720145,-0.07454196705623,0.0442161119022908,0.0943712404893916,-0.0467966288559225,0.046089452961297,-0.0387510048974145,0.0276102388907146,-0.0465797143242222,0.0370847039936214,0.0888109211479968,0.0196685828487527,0.236746941072798,-0.0614019768797282,-0.0634259090013138,-0.0277697144562676,-0.0691053600664663,0.0265136048256019,-0.0679777834114424,0.130087732033374,-0.10896843425896,-0.142939003482275,-0.152133663415247,-0.134990675642715,-0.0798555119513954
"POR_R1_C1",0.0863780781659582,0.154701627472609,0.236327121391639,0.169949222307671,0.0971556001852534,0.250199875195417,0.176555821219837,0.150807251999078,0.140800401976883,0.179947470838024,-0.0723554959924213,-0.0726597293216188,-0.174480699884644,-0.119559284703968,-0.143212741605089,-0.164155400429813,-0.0775539387958794,0.0357988878406719,-0.0184560853016861,0.0873546150093409,-0.0630521684650445,-0.0111608289145636,-0.130195195757699,0.0613082443250092,0.119004316211211,0.0135753424995428,-0.180554283112177,-0.113567110822081,-0.0771993822434338,0.149570989758156,0.0270849989120632,-0.220285791888349,-0.194772881761305,-0.162951107108177,-0.122186312256414,-0.172513433768926,-0.109222360513163,-0.140014804746516,-0.151246260862767
"POR_R1_C2",0.00196757709948399,-0.0917706724557757,0.00541037402409365,-0.0243892469209731,0.00115836042972374,-0.0804861916891781,0.159047285125189,0.107848069389589,0.131732049942866,0.101974231693533,0.378943306690767,-0.110564059257005,-0.127723263456242,-0.0931515404007217,-0.056421389248704,-0.109692830221848,0.0120872988556566,0.0518363666620423,0.0124791722382156,0.114535369078288,0.000473614986622314,0.0975834144512474,0.00777582922520815,0.0741131618131937,0.13776571717693,0.0745382150082069,0.227507756253748,-0.0425676853368496,0.0125511556035387,-0.0107642923870618,-0.0497024155539464,0.0454853796719227,-0.0277844844020396,0.162399034760947,-0.103586140289452,-0.130501024772451,-0.118543942543882,-0.124858162419841,-0.0981578971960624
"POR_R1_C3",-0.233119908351697,-0.0625129644188579,-0.189171706329189,-0.00719624172632073,0.0919159765872741,-0.0524531053722842,0.0158794337278475,-0.15211476818642,-0.0959824971882685,-0.0405460019930326,0.0478281733087524,0.380103474225552,0.247763951748205,0.383937744843028,0.277179435121087,0.277764818929036,0.340243951474709,0.110937758437475,0.11515983763554,-0.022050112164809,0.103670627809629,0.0106623063290904,0.117125261846959,-0.0421170648474146,-0.0584721909303861,-0.0287527795949,0.0556101248706329,-0.0158623849111755,-0.035950297659624,-0.0229022170538892,-0.0697199426194706,-0.0145632168178782,0.118609103022824,0.0124515712450862,-0.0292905900726535,0.050424996777921,-0.0942946810775804,-0.105163361236093,0.0724633062897905
"POR_R1_H1",0.0545159392674083,0.231660344503943,0.19028636697955,0.143640042741638,0.231258015371982,-0.109431660658415,-0.166871988092362,0.119040519460158,0.027823106536548,0.103997362855006,-0.0858479237703195,0.0417396232478972,-0.119817967152636,-0.0890909284005137,-0.15084085862064,-0.176381785583206,-0.0480621112688428,0.0198090469456327,-0.080875764859208,0.0611190071911969,-0.06950899494028,-0.0819559191880658,-0.103219478595543,0.0380196183287973,0.0907036584196454,0.0428084652300999,0.198092683002534,0.323838239815994,0.38591927184045,-0.265037843538665,-0.241793175744769,0.178665799961618,-0.0500771837073531,-0.175854759383632,-0.0853245588769053,-0.155358428204712,-0.0964643152699375,-0.121768806999911,-0.160062947039562
"POR_R1_H2",0.0611285596605144,0.224890449591828,0.223646771300253,0.117972093062184,0.184910944579462,-0.101337197057314,-0.141843372764684,0.132587495327795,0.0429510784768465,0.128797083781793,-0.078262627882214,0.0181522995143778,-0.139047474264671,-0.108969739145039,-0.146053586729219,-0.159024659446834,-0.0592613284200233,0.0414060146083461,-0.0921197344686792,0.0505394361380325,-0.0565949319061287,-0.0579837080981986,-0.111769622170013,0.0369229031263898,0.118129255830174,0.029836288338654,0.217752170519754,0.286161575168887,0.192861456716664,-0.264129303970776,-0.228932704075597,0.131467932944977,-0.0594924304310354,-0.155653725106965,-0.104865849441193,-0.15527532546774,-0.0953832716260322,-0.121008111103532,-0.139206273520364
"POR_R1_H3",-0.0215627399616364,0.0527150570244155,-0.0166820227623424,0.096456703357656,0.168591350089885,-0.0820483264955302,-0.111985718495029,0.0618334310752586,0.0697048412581133,0.0958714297331662,-0.0294241905707571,0.137266653519331,-0.0644489902788966,-0.0471999365972804,-0.0551368747293319,-0.0786850951063613,0.0226118146016076,0.0488520516306053,-0.00191944536323688,0.0893217219730029,0.0252096765486622,0.0923197841675064,0.0733685670711047,0.0513266547988968,0.0749132914719874,0.0997244126781713,0.276674070181303,0.38715806247639,0.30972541106207,-0.222982504500204,-0.16514445005339,0.223946637499139,0.0833540619196551,-0.10210227758418,-0.034791562630952,-0.111527882002459,-0.0734630759873363,-0.0336357743715972,-0.0576536349403609
"POR_R3_C1",0.0722790389851911,-0.082711841721177,0.0415748493184807,0.115034678303625,0.0278641086810293,0.229911338693423,0.167163215493996,0.145281878608205,0.161577071714122,0.165744684946936,-0.0412900632366,-0.0306277624919438,-0.133857169609901,-0.0950886911890721,-0.0434642468655851,-0.117613877685123,0.000241268901352632,0.0913384866876825,-0.00743356862174375,0.0850042777061038,-0.0226913532705095,0.062172803192802,-0.0178372174779383,0.0784662555643135,0.109752486858917,0.00191762765634002,-0.11364289904787,-0.0941360370492053,-0.0209238690201584,0.131736663121795,0.0475107015003392,-0.159363338235072,-0.159381670892461,-0.106454160077591,-0.0979576985869952,-0.131643864364094,-0.119162339735057,-0.117320083199098,-0.0986021376396286
"POR_R3_C2",-0.304479043264376,0.115094337368448,-0.168537780430499,0.0614651301926137,0.216105920643818,-0.0991691955355187,-0.120374595813954,-0.194334552139431,-0.119508719330956,-0.0925577558614013,-0.0724055399667632,0.402523288107671,0.330515662031657,0.3793072852707,0.177090935949422,0.262187165433402,0.290699369770608,0.0849151313322085,0.146247475408993,0.0392674162559127,0.139272696736951,0.0619653376433575,0.19466007770998,-0.0462196470622292,-0.0564377934163251,0.0601716727986314,0.13157703787667,0.330305190382085,0.203344483681957,-0.188303689660439,-0.121549975067166,0.163150383969877,0.280025951583629,-0.0586900870697202,0.00276739951369804,0.102036073503471,-0.043443763209577,-0.110740009047629,0.0098442726788767
"POR_R3_C3",0.163049640424091,0.0268189957264815,0.111427017817343,0.177215716677298,0.110674118426228,0.249186386104269,0.157565481646993,0.204777069500588,0.157510518660314,0.193530106187806,-0.0693098171046737,-0.0117754423934311,-0.140380494422302,-0.0939727771573714,-0.109822084670055,-0.16995511607367,-0.0287947388791894,0.0852789696456315,-0.103707100352129,0.0372727535847078,-0.0803737390891682,-0.0123567275119954,-0.107004680747061,0.074980718568669,0.0954113659796489,-0.045302926228107,-0.156622606237891,-0.107966436737063,-0.0554059189932868,0.158669546505647,0.0279493284274338,-0.187208007425181,-0.214823063520527,-0.124844616027429,-0.107661147298148,-0.179210961443581,-0.116308016812644,-0.137916215891855,-0.166841906744697
"POR_R3_H1",-0.110546755057604,-0.169884955121998,-0.135632289277231,-0.207732491011664,-0.127080629405331,-0.103155245548683,-0.141798772138126,-0.132517792859668,-0.087899786502301,-0.0157621930033085,-0.045769596179792,-0.125612651733555,-0.0701008733232078,-0.0201075612464752,0.249803449822328,0.14963179883224,0.0795020025715654,0.0959105650415293,0.072299688323909,-0.0688910401353484,0.0880324106266247,0.0167260030319549,0.113167856134139,-0.0591435153749835,-0.107186174126465,-0.0423264661577357,-0.0126223539250191,-0.0720817261096706,-0.0357987068293279,0.0632783548618567,0.186270122228799,0.140170912135098,0.0421055120953145,0.167318093928417,0.21971631229511,0.00163399219997217,-0.0619776478865648,0.220870333297022,0.320460076086854
"POR_R3_H2",-0.206406105040169,-0.145495893796144,-0.246210824215912,-0.0163349229536442,0.0629592812735515,-0.103450941264634,0.226773562252709,-0.149703384900428,-0.0716440114337088,0.0227109275245191,0.419308937288219,-0.0816584555217606,-0.0884362390520247,-0.0122781731188696,0.365823291471584,0.217516787617949,0.146699027352616,0.238579589891908,0.180395529383516,-0.0320178177011597,0.157153510830466,0.0924773604920971,0.227501053393976,-0.0724307039342624,-0.0958744925229774,-0.0474112517340926,0.221457540341011,-0.0207431383380469,-0.022229387218391,-0.0134264305532497,0.0370642307747815,0.0857058695497146,0.0675720496172461,0.228031934184082,-0.0755700107084036,0.0257040375293681,-0.0815187965968035,0.289766401403615,0.453127766587221
"POR_R3_H3",-0.0551065496874824,-0.0674024624377391,-0.0590378555822767,0.144643893917967,0.0624387932703792,0.182540551519015,0.186566131448479,-0.0483520141904428,-0.0524776706871912,0.0485381793596953,-0.0557821383002032,-0.0435439085134231,-0.0921994914365622,-0.033348628684826,0.267176952673273,0.112738903328602,0.0560957016512234,0.135283816764341,0.00680327945377915,-0.0907842781773396,0.0441765042404288,-0.0297661362125783,0.0583276673740863,-0.0549058078670817,-0.0935009249053442,-0.137085483823833,-0.149168833478584,-0.099063161558076,-0.0954038372317703,0.132437055506295,0.129223149481021,-0.192634063761695,-0.184627174259408,-0.105181496893735,-0.0978830602884879,-0.00277307901412945,-0.0550723100976267,0.207418766341476,0.293073785345233
"POR_R12_C1",-0.134169200506156,0.0487315130934001,0.0614339927921795,0.121435853210833,0.0736799720140683,0.158357789029579,0.139125210802573,-0.077141976632575,-0.105468917602819,-0.0160676921948898,-0.0948894067106037,0.167982052793362,0.180202060091353,0.263078671863068,0.147716835283136,0.152398344606196,0.181195049142286,0.087619376300592,-0.0375848971366877,-0.081665016658653,-0.0254728875599278,-0.123405957343532,-0.0761539376699593,-0.0495141652490964,-0.0791676410278071,-0.162846897667946,-0.169030039717119,-0.130917572454804,-0.198629043296024,0.0853515807858525,0.00553309189302381,-0.237617202817052,-0.162596598528291,-0.171207689971524,-0.134204706710063,0.0622743297039395,-0.0759404110758944,-0.157529275353856,-0.0360754083356566
"POR_R12_C2",-0.0809333738074024,-0.139088284648445,-0.120855481347937,-0.208963260480825,-0.15633941776118,-0.0970917016790081,-0.150467625519056,-0.0647534943283961,0.01209367626767,-0.105553971875599,-0.0574841365848668,0.00914360623714033,0.243787410351822,0.15215389666549,0.00629689191898827,0.0638274776182812,0.0530561612315141,-0.0108024016368022,0.0584823279876458,0.0681036453635539,0.0532793999908482,0.0887005796567713,0.0802805108477723,0.0397973186152035,0.0163835678519432,0.0708000571120305,-0.00712184777274101,-0.0566929111763783,0.0345879667884914,0.0427590179195079,0.115902422484499,0.130392681450605,0.142553020422534,0.167142979857928,0.221208274087636,0.127110251807873,0.082241772525914,-0.0430962679308097,-0.0224505490953265
"POR_R12_C3",0.136327668944591,0.0303942931587824,0.138682573050841,0.166603111780975,0.0601515022937975,0.235393215979914,0.157777621310509,0.186561052144828,0.130193469562121,0.167559235707393,-0.078740073162164,-0.0619734421848776,-0.136650105747952,-0.0937857051191194,-0.104223301274838,-0.153034595935631,-0.0444337981708676,-0.00663699590985205,-0.11687511300302,0.0269661999239215,-0.0844665577222659,-0.0535884300262966,-0.138592837602938,0.059529017414527,0.101157390024067,-0.049575985681456,-0.170358812337084,-0.111589040519461,-0.0954934706504126,0.139892509385222,0.0151372127757151,-0.196868087062311,-0.220952976717759,-0.149245579073014,-0.124955723273217,-0.146144171351841,-0.124378673871615,-0.133739194238539,-0.131366472005829
"POR_R12_H1",-0.245395163468606,-0.222252942417258,-0.258785185973367,-0.229986387201873,-0.198789765064189,-0.107806243288359,-0.136006013568618,-0.274441999238681,-0.133994974792078,-0.170798785985001,-0.0525975164931644,-0.118003763678345,0.154994429750772,0.0548374285084217,0.179034397741761,0.241609810632637,0.0626761687197808,0.00105935479349709,0.201378351142152,-0.00495037358713418,0.16245558871588,0.10263155368064,0.237955095842306,-0.0612668852654693,-0.138744981050396,0.0469237042949248,-0.0242941082563183,-0.0635433960749979,0.0357447207095233,0.0441334794949044,0.212993629481354,0.156000736358847,0.258510217588913,0.200482862125823,0.271479088952394,0.250312255177218,0.114368452547515,0.27945621748619,0.306607076313904
"POR_R12_H2",-0.187489730365499,-0.174611399373536,-0.199090337647648,-0.239212623497132,-0.202409664596767,-0.123871620938447,-0.158955128843226,-0.263054777696587,-0.145521472360914,-0.206208547727108,-0.0734327120184771,-0.106842002432845,0.198742948077663,0.0751257128166712,0.127109056019031,0.220417876892051,0.0152910756876843,-0.042033434589803,0.162523908855348,-0.0255255236135499,0.123048323488316,0.0469846079038105,0.153589622536238,-0.0572438890926011,-0.138080467790724,0.017262132814324,-0.0730089742284547,-0.0898918557597884,-0.0471757605591527,0.026058865376476,0.146004202349506,0.0793956837865039,0.183095315868003,0.136102154520941,0.196406474977802,0.283677000074819,0.173360091043522,0.182788860538215,0.193623188048244
"POR_R12_H3",-0.272202964926713,-0.139676076913474,-0.257527360702253,0.0499907695777588,-0.0570956470115825,0.133860519635245,0.166640103349229,-0.249770431512308,-0.141702225963956,-0.122916650351276,-0.0459724092489952,0.0636552233367536,0.17876355509135,0.158482098601521,0.254114175672316,0.262637857392323,0.119652941297031,0.0431590283035442,0.124780569961284,-0.0701410678989505,0.116746280727903,0.0242215181092066,0.146728664516264,-0.0816645805816969,-0.152219328419805,-0.094038470259428,-0.145494759641366,-0.102382069505222,-0.0870961333961236,0.0959904326776401,0.138031658331622,-0.160555995181198,-0.026521313711978,-0.0833405238730928,-0.0787158660667441,0.210846038567071,0.0780996307607212,0.228679174422052,0.285935420269415
"POR_R24_C1",0.0293889257836892,-0.147155944738147,-0.039160563425553,-0.187323652854559,-0.116194181282515,-0.0662598892729538,-0.123525837378333,0.0786414708136495,0.126526668928062,0.099180485014859,-0.0179066920657763,-0.09942096396322,-0.110952775436682,-0.0772584286203331,-0.0329138211136029,-0.0794493288370612,0.0124379206636634,0.0718958322546798,0.0246441157163036,0.102461476043233,0.0193685852459691,0.11306865328035,0.0506493996979384,0.0729832519678716,0.0949891604893625,0.104216048803605,0.064520521328623,-0.0360369439925801,0.0816630796737458,0.0762385794203074,0.0999286396631292,0.142823803848547,0.0183916027193477,0.187957256752424,0.222620798337747,-0.106456287334012,-0.117264922907849,-0.0615693148454616,-0.0538459699624775
"POR_R24_C2",0.114820561273682,0.0423299706359824,0.113498025075774,0.165804404166822,0.10193900538359,0.243372231070924,0.155177728125473,0.163725640732585,0.139532081160316,0.172213934693194,-0.0682978427746482,-0.0405153497905949,-0.149670796959922,-0.0968915678505785,-0.0885592443558491,-0.140914039173765,-0.0395074146763194,0.0430489783099297,-0.0624311243166143,0.0651496334672384,-0.0571219504173451,0.0147621214380396,-0.0874559832893988,0.0608923596212892,0.0950671256415981,-0.0192601827819994,-0.152844943756006,-0.103831873037234,-0.0439927265445924,0.139010043866572,0.0384639306930239,-0.200634108312932,-0.20521526255473,-0.144373183246018,-0.122086135672933,-0.163864022912285,-0.108348311515302,-0.124498226943286,-0.135197707144157
"POR_R24_C3",-0.272812014256577,0.218082965812441,-0.0821637460012453,0.0917008111832469,0.238586932055348,-0.111838839214873,-0.152137141360424,-0.184058254775026,-0.131133631143963,-0.137492509141303,-0.0948601336882011,0.447490084405669,0.378018756069927,0.33959745684443,0.0639858610298154,0.189850571162295,0.203197189240073,-0.00101628303081102,0.108308416813351,0.0390721826083094,0.0979019183735084,0.00567191214414861,0.139403987801698,-0.0419899385102978,-0.0434128336730223,0.0660752508439603,0.130657823044253,0.361802852876364,0.276943904795445,-0.290737328733503,-0.233543576111349,0.150822021940886,0.263575897821877,-0.156501657590286,-0.0750901013947078,0.179860885780342,0.0542447024286425,-0.111699299212312,-0.0493464835648957
"POR_R24_H1",0.0856077759322843,0.44673917081748,0.291933883541787,-0.183380525342151,-0.179659087585669,-0.232148844707585,-0.168349143082714,-0.411776955753839,-0.508570484454675,-0.279224681464504,-0.142984691730649,-0.121880597072567,-0.0428088360490765,-0.16576718161835,-0.325620143612311,0.0926323500820017,-0.422763242366434,-0.410546269116836,0.121567434143077,-0.471540081034519,-0.855997711749377,-0.609384373794911,-0.4564423658328,-0.929028382090856,-0.556623452681498,-0.596445290859756,-0.19905927613376,-0.0739690477597051,-0.381362270437025,-0.389512572204479,-0.403039277394894,-0.200666711841793,0.00326614139114189,-0.172330760839537,-0.166371327956571,0.328218538681963,0.230317975992709,0.0549042038542184,-0.0324037567616714
"POR_R24_H2",0.0559724094647856,-0.167585077861398,-0.129319185985648,-0.206411079931388,-0.203595319512441,-0.0971472353589804,-0.149073181460478,-0.0907116456062221,-0.0157551565489675,-0.171819387762767,-0.0627830545327163,-0.116852239144779,0.0909555027587641,-0.0352399816282888,-0.0182340522893921,0.0166914836798317,-0.0774142676052345,-0.0679180033679119,0.0538476482297726,0.0331577757863436,0.0750501286464151,0.10679064464391,0.126271186829114,0.0307257793638587,-0.0321794692694828,0.0703424361885572,-0.0455948373493317,-0.0503116167127198,0.0685029023321112,0.0658146693752431,0.183584370599157,0.148428981481685,0.162162507660244,0.203900177100672,0.255207727586554,0.154290555344716,0.20965907168976,0.212827560808821,0.0921180456730272
"POR_R24_H3",-0.0839377242078962,-0.148962580923567,-0.197713649711921,-0.102228068254756,-0.129120368495222,-0.119952563299886,0.102618955727379,-0.174115295966215,-0.0814042574996813,-0.188117221007326,0.27184155573678,-0.082651423528434,0.0767086922042412,-0.00779969923293169,0.0776732132136589,0.134156969790986,-0.0368149274944473,-0.0959215881366031,0.140284459137975,0.0398621455859326,0.124972823291016,0.0829079635130711,0.13590114328868,-0.014935436275874,-0.0469370958017022,0.0343675131208981,0.0733872486812467,-0.0515827045822861,-0.0568077942569424,-0.0528721157659851,0.0153134043832832,0.0170651377178554,0.152001506204486,0.144857689206402,-0.0830382666151723,0.233676963283488,0.202731437738717,0.212055196929056,0.230199442611418
"POR_R72_C1",0.091413075600843,0.0981318642738811,0.0795766201715066,0.108524172847534,0.161264540710116,-0.0892406591970944,-0.132505849048122,0.14393945523803,0.109614230839536,0.100076617145604,-0.0512414826459823,0.111012018434676,-0.116196633134753,-0.093452886374553,-0.149664068955054,-0.164087842586596,-0.0397050968064923,-0.0151237131057944,-0.0748107291682426,0.0985417107762463,-0.0287040231627135,0.0369163906871215,-0.0351234545909841,0.0729447041696601,0.132844552009587,0.108317911222901,0.231601407144503,0.347397742818916,0.260114345870929,-0.230673871690532,-0.201654325808843,0.17088721875497,0.00626572674553758,-0.125539528894776,-0.0476903016214048,-0.132892878799105,-0.0815960192575093,-0.0928194223113496,-0.146651407822473
"POR_R72_C2",0.047089822835006,-0.0895411461624875,-0.0279605236207972,0.00259435745546987,0.0273782865109493,-0.0714453322419731,0.177042814836422,0.141697843384507,0.159150444597555,0.145758234961919,0.397435464077685,-0.0775267633645833,-0.126201155448137,-0.0891395853150405,-0.0774504173093992,-0.121704991461178,6.17896025417285e-05,0.0316503194384058,0.000570130763279758,0.115804753201537,-0.00552045360895432,0.108266755366867,0.0280988353069553,0.0831891088545601,0.142000452187836,0.0722422499369399,0.232311756514292,-0.018886423595225,0.0145159797758143,-0.00435248869433998,-0.0416580163471423,0.0657654031372304,-0.0235051456624749,0.18015845379554,-0.0950130450637276,-0.136370564963851,-0.106306103738234,-0.0932679096196649,-0.101318590570536
"POR_R72_C3",0.105070323166254,0.0491044351406814,0.0463599108130457,0.183928686597239,0.164037230381163,0.285085145113864,0.212249199094674,0.177321674437559,0.193431394663273,0.203953188238305,-0.0289201625417748,0.00721452867751433,-0.119666611056633,-0.0781097665306821,-0.0741160149987018,-0.150052643114278,-0.0019081321246037,0.12486823550539,-0.0200191670056623,0.0881570930943472,-0.0274572507237568,0.102034849913707,-0.00101211063867061,0.0832187896090966,0.115552581007117,0.0288445353583623,-0.109616235449866,-0.0562052132647486,0.0308823015367027,0.181254087411443,0.0774050683520551,-0.137171392789085,-0.159992216771337,-0.114437169014678,-0.0820609440558966,-0.164276460686554,-0.10682973519109,-0.091226031418883,-0.122673506670835
"POR_R72_H1",0.301151992230481,0.196154905388696,0.197360235980672,0.188131397006604,-0.170186786546503,0.148936028559546,0.0247771203538524,0.1064905583371,-0.0216682189786375,-0.24853944378079,-0.111843894003545,-0.093988275476884,-0.00980576208837894,-0.118539373449228,-0.184637102876535,-0.123121965057097,-0.299864797838077,-0.365273579457669,-0.229531778437765,-0.589816690189435,-0.117479840764124,-0.18086466247344,-0.227508744277153,0.0307628085931594,-0.576974596308484,-0.576293680307454,-0.225193814895412,-0.157271139440381,-0.284646422075901,0.156396786230988,0.0587340713284768,-0.26579351354713,-0.209860028759613,-0.198077854485671,-0.131712727862235,0.0817816498010873,0.258000100940824,0.162824336166297,-0.0681659015555388
"POR_R72_H2",0.360159142419018,0.328056419797296,0.309257732709336,0.0852299616292718,-0.0802301771753805,-0.180848024519424,-0.190973562147109,0.121367670538881,-0.530553317857667,-0.26192864452373,-0.122746465287933,-0.0468551498240351,-0.00898278356609163,-0.14422306436569,-0.196460484531281,-0.112896704893179,-0.368803314156143,-0.381443122147659,-0.78345728294635,-0.494638182056395,-0.0348253482850617,-0.616035288218954,-0.486365594580125,0.0747327680703376,0.175225492629193,0.325692326736905,-0.11275084678871,0.129279360998217,-0.372940453996612,-0.315313761956588,-0.364694893370737,-0.146571981844642,-0.115862125762834,-0.196709463423401,-0.127172296140384,0.209510407864676,0.373661378050888,0.1094067295071,-0.0530131765566656
"POR_R72_H3",0.109469407306519,-0.170743372014272,-0.167759321954802,-0.203940466848511,-0.225835671180725,-0.0844819957967259,-0.151958686916067,-0.0461978656311819,0.0239166769156765,-0.177934339827852,-0.0533871364448492,-0.0780570334257166,0.144019028709059,0.00838488940974424,-0.0537769858786224,-0.00137609036500303,-0.090617393858658,-0.206223828427656,0.0463537032054888,0.0588297948016255,0.0893339409140864,0.131472905137583,0.128946725301592,0.0530651077851404,0.00302062751258778,0.114498627379456,-0.0471683855548291,-0.0220270611461382,0.0968816035806586,0.0904499620298271,0.210143345405607,0.184595400196232,0.20823747346288,0.228358071475632,0.305479350089781,0.138597126589685,0.276894284672495,0.218367120722053,0.0584979310305284
"POR_R120_C1",0.0833865083381193,0.14669109874629,0.20246997522272,0.205763230310133,0.147377788181047,0.270460436577227,0.192690907371409,0.134139023864991,0.12178187099502,0.17726065292581,-0.0845186649017573,-0.0477701821439508,-0.183621229050646,-0.134794150388694,-0.142332857473866,-0.184659716899431,-0.0904008462267253,0.0687075693452988,-0.0629259895821804,0.0813189904140207,-0.0671009573097738,-0.058130193294364,-0.13928627348882,0.0455383142169393,0.0916459184345355,-0.0422398029754975,-0.164002041083499,-0.106415076723959,-0.0807716084564109,0.151314119169164,0.0324851747832031,-0.203283718051852,-0.186834688082995,-0.165963483257735,-0.129969197238868,-0.187032277505896,-0.133216213679784,-0.101245374380825,-0.14511406903106
"POR_R120_C2",0.0491867696975439,-0.0628402958516004,0.0392076591003823,0.142010153045115,0.0654009357295293,0.246849304196919,0.178549780404087,0.127164201991604,0.163153174981642,0.189249419452878,-0.0445449252221782,-0.0280041986849037,-0.124161809489735,-0.0925125702816205,-0.0433067716283471,-0.107715618409819,0.00132190176931823,0.12381048369689,0.0162790745166602,0.100164946266992,-0.00414585572014659,0.0933535839568162,0.00858535577660056,0.0729676753205776,0.107409011440089,0.0259593816143629,-0.106786300722682,-0.0873573945972337,-0.0279066787588989,0.142842377071525,0.0435800033482466,-0.167790781771982,-0.146469714290558,-0.100181389057476,-0.0949923866631372,-0.135250633978782,-0.112801185298085,-0.0876064165376133,-0.0682137195002855
"POR_R120_C3",0.146400555012413,0.133513496745499,0.191953367774676,0.211202263290194,0.141741589987036,0.260463639917224,0.188283830753543,0.180005929339526,0.133605314568947,0.173460727093047,-0.0895028695450994,-0.0657839858997313,-0.151669115026623,-0.116750764783109,-0.127989797166459,-0.170231235840354,-0.0634332633961448,0.109341170640674,-0.108701399608257,0.0482613861868585,-0.0824683489770489,-0.0444157938620063,-0.159139931925807,0.0539668076549558,0.102043228829163,-0.020417146278785,-0.186457832720678,-0.125785766695734,-0.0980486895939376,0.146307785797047,0.0322382178765584,-0.224307946836798,-0.232403075251769,-0.169887557627379,-0.133977490079225,-0.158258363663169,-0.0909330744465739,-0.124316114531502,-0.152626071514425
"POR_R120_H1",0.0943402089123777,-0.162262545255608,-0.137326170933149,-0.220983307237229,-0.265764573761838,-0.0798731656633112,-0.156081827157186,-0.033483240152893,0.058778640474602,-0.189766981510569,-0.0617862203224219,-0.136919694259897,0.0503390441590756,-0.0929226490180491,-0.0619118446362939,-0.0179058502127082,-0.143150914924168,-0.243501667583518,0.113259437794992,0.115884505245631,0.114290684639938,0.145379831693559,0.136701157930746,0.0705108550272025,0.0233794643783436,0.145864359608986,-0.0874012989424592,-0.0327076459375263,0.0985212763360768,0.0843976414760012,0.194528402330017,0.150394508675138,0.219959242774636,0.194224202756695,0.27831912462783,0.12676566138352,0.257067222468717,0.225852868550919,0.0795534150794419
"POR_R120_H2",0.0550149168851158,-0.182902916279319,-0.104200547657616,-0.228047167548154,-0.292352476497062,-0.100641847259775,-0.158314501977432,-0.0815167660820784,0.00742985033347101,-0.21515172158219,-0.0681855703067148,-0.15839672354026,0.0898877907796852,-0.0859038555158279,-0.0395085275487814,0.0336127647399311,-0.142616281694457,-0.263659198757262,0.118600993092213,0.0939127078543249,0.111986747361903,0.112591898860018,0.116387536507227,0.0497527962233284,-0.00520112313153161,0.135239666048909,-0.0985190041527923,-0.0578609524784772,0.0360421493438444,0.0600534369981724,0.179387329581314,0.113418793705316,0.221355989701519,0.167843994043365,0.244173440193912,0.178968331320567,0.262735600302194,0.218359333907213,0.100958097607791
"POR_R120_H3",0.187936325721363,-0.088436656773641,-0.0445734512522241,-0.216276971151487,-0.278723483392388,-0.103190011953178,-0.16891002434907,0.0167930258176383,0.0300782006085442,-0.204476583869829,-0.0738247143425996,-0.129284815297206,0.0457187480764997,-0.0907768245460075,-0.110026819374337,-0.0908143263301932,-0.181205454448218,-0.30579369091335,-0.0260646394418376,0.0456737127736192,0.0355032171061268,0.0458676270792886,0.00207535801983035,0.0681533395152764,0.0142280623470801,0.0943855135198572,-0.0977429134287311,-0.0553321242603837,0.0654329416154179,0.0796739026837993,0.170984488655475,0.133868040837247,0.102609757248676,0.158436161006225,0.2522259286612,0.073740152837391,0.273528335288596,0.168422021937518,0.00274344464435447
