fragment_name,species,t_hours,t_hours,day,time,type,Tank,preservative,Plug #,Genotype,Color_Score_Image,Status,Notes
POR_P0_H1,POR,0,heat,"Wed, Jun 25",9:00 AM, phys,Tank_2,LN2,1176,Unknown,IMG_4222,In -80 Freezer G Shelf 1; Black mesh bag,
POR_R0_H1,POR,0,heat,"Wed, Jun 25",9:00 AM,bulk_rna,Tank_2,DNA/RNA shield,2208,Sep2024,IMG_4223,"Tube In -80 Freezer G Shelf 3, Zoe Rack; RNA sent for bulk RNA-seq 20250909",
POR_R0_H1,POR,0,heat,"Wed, Jun 25",9:00 AM,LCM,Tank_2,PAXgene,2208,Sep2024,IMG_4223,In flammable fridge in Paxgene Stabilizer,
POR_S0_H1,POR,0,heat,"Wed, Jun 25",9:00 AM,spatial,Tank_2,Formalin,2666,Unknown,IMG_4224,In flammable fridge in 70% ethanol,
POR_P0_H2,POR,0,heat,"Wed, Jun 25",9:00 AM, phys,Tank_3,LN2,2742,Unknown,IMG_4225,In -80 Freezer G Shelf 1; Black mesh bag,
POR_R0_H2,POR,0,heat,"Wed, Jun 25",9:00 AM,bulk_rna,Tank_3,DNA/RNA shield,3003,Unknown,IMG_4226,"Tube In -80 Freezer G Shelf 3, Zoe Rack; RNA sent for bulk RNA-seq 20250909",
POR_R0_H2,POR,0,heat,"Wed, Jun 25",9:00 AM,LCM,Tank_3,PAXgene,3003,Unknown,IMG_4226,In flammable fridge in Paxgene Stabilizer,
POR_S0_H2,POR,0,heat,"Wed, Jun 25",9:00 AM,spatial,Tank_3,Formalin,1547,Unknown,IMG_4227,In flammable fridge in 70% ethanol,
POR_P0_H3,POR,0,heat,"Wed, Jun 25",9:00 AM, phys,Tank_5,LN2,2729,Unknown,IMG_4228,In -80 Freezer G Shelf 1; Black mesh bag,
POR_R0_H3,POR,0,heat,"Wed, Jun 25",9:00 AM,bulk_rna,Tank_5,DNA/RNA shield,1100,Sep2024,IMG_4229,"Tube In -80 Freezer G Shelf 3, Zoe Rack; RNA sent for bulk RNA-seq 20250909",
POR_R0_H3,POR,0,heat,"Wed, Jun 25",9:00 AM,LCM,Tank_5,PAXgene,1100,Sep2024,IMG_4229,In flammable fridge in Paxgene Stabilizer,
POR_S0_H3,POR,0,heat,"Wed, Jun 25",9:00 AM,spatial,Tank_5,Formalin,1066,Unknown,IMG_4230,In flammable fridge in 70% ethanol,
POR_P0_C1,POR,0,control,"Wed, Jun 25",9:00 AM, phys,Tank_1,LN2,2370,Unknown,IMG_4231,In -80 Freezer G Shelf 1; Black mesh bag,
POR_R0_C1,POR,0,control,"Wed, Jun 25",9:00 AM,bulk_rna,Tank_1,DNA/RNA shield,1752,Unknown,IMG_4232,"Tube In -80 Freezer G Shelf 3, Zoe Rack; RNA sent for bulk RNA-seq 20250909",
POR_R0_C1,POR,0,control,"Wed, Jun 25",9:00 AM,LCM,Tank_1,PAXgene,1752,Unknown,IMG_4232,In flammable fridge in Paxgene Stabilizer,
POR_S0_C1,POR,0,control,"Wed, Jun 25",9:00 AM,spatial,Tank_1,Formalin,1496,Genotype E16,IMG_4233,In flammable fridge in 70% ethanol,
POR_P0_C2,POR,0,control,"Wed, Jun 25",9:00 AM, phys,Tank_4,LN2,1562,Unknown,IMG_4234,In -80 Freezer G Shelf 1; Black mesh bag,
POR_R0_C2,POR,0,control,"Wed, Jun 25",9:00 AM,bulk_rna,Tank_4,DNA/RNA shield,1219,Unknown,IMG_4235,"Tube In -80 Freezer G Shelf 3, Zoe Rack; RNA sent for bulk RNA-seq 20250909",
POR_R0_C2,POR,0,control,"Wed, Jun 25",9:00 AM,LCM,Tank_4,PAXgene,1219,Unknown,IMG_4235,In flammable fridge in Paxgene Stabilizer,
POR_S0_C2,POR,0,control,"Wed, Jun 25",9:00 AM,spatial,Tank_4,Formalin,1455,Genotype E11,IMG_4236,In flammable fridge in 70% ethanol,
POR_P0_C3,POR,0,control,"Wed, Jun 25",9:00 AM, phys,Tank_6,LN2,2405,Genotype E16,IMG_4237,In -80 Freezer G Shelf 1; Black mesh bag,
POR_R0_C3,POR,0,control,"Wed, Jun 25",9:00 AM,bulk_rna,Tank_6,DNA/RNA shield,1559,Unknown,IMG_4238,"Tube In -80 Freezer G Shelf 3, Zoe Rack; RNA sent for bulk RNA-seq 20250909",
POR_R0_C3,POR,0,control,"Wed, Jun 25",9:00 AM,LCM,Tank_6,PAXgene,1559,Unknown,IMG_4238,Decalc 20250910,
POR_S0_C3,POR,0,control,"Wed, Jun 25",9:00 AM,spatial,Tank_6,Formalin,1253,Unknown,IMG_4239,In flammable fridge in 70% ethanol,
POR_P1_C1,POR,1,control,"Wed, Jun 25",10:00 AM, phys,Tank_1,LN2,1247,Unknown,IMG_4240,In -80 Freezer G Shelf 1; Black mesh bag,
POR_R1_C1,POR,1,control,"Wed, Jun 25",10:00 AM,bulk_rna,Tank_1,DNA/RNA shield,1644,Unknown,IMG_4241,"Tube In -80 Freezer G Shelf 3, Zoe Rack; RNA sent for bulk RNA-seq 20250909",
POR_R1_C1,POR,1,control,"Wed, Jun 25",10:00 AM,LCM,Tank_1,PAXgene,1644,Unknown,IMG_4241,In flammable fridge in Paxgene Stabilizer,
POR_S1_C1,POR,1,control,"Wed, Jun 25",10:00 AM,spatial,Tank_1,Formalin,1729,Genotype E11,IMG_4242,In flammable fridge in 70% ethanol,
POR_P1_C2,POR,1,control,"Wed, Jun 25",10:00 AM, phys,Tank_4,LN2,1698,Genotype E16,IMG_4243,In -80 Freezer G Shelf 1; Black mesh bag,
POR_R1_C2,POR,1,control,"Wed, Jun 25",10:00 AM,bulk_rna,Tank_4,DNA/RNA shield,2869,Sep2024,IMG_4244,"Tube In -80 Freezer G Shelf 3, Zoe Rack; RNA sent for bulk RNA-seq 20250909",
POR_R1_C2,POR,1,control,"Wed, Jun 25",10:00 AM,LCM,Tank_4,PAXgene,2869,Sep2024,IMG_4244,In flammable fridge in Paxgene Stabilizer,
POR_S1_C2,POR,1,control,"Wed, Jun 25",10:00 AM,spatial,Tank_4,Formalin,1038,Genotype E12,IMG_4245,In flammable fridge in 70% ethanol,
POR_P1_C3,POR,1,control,"Wed, Jun 25",10:00 AM, phys,Tank_6,LN2,1742,Unknown,IMG_4246,In -80 Freezer G Shelf 1; Black mesh bag,
POR_R1_C3,POR,1,control,"Wed, Jun 25",10:00 AM,bulk_rna,Tank_6,DNA/RNA shield,1566,Unknown,IMG_4247,"Tube In -80 Freezer G Shelf 3, Zoe Rack; RNA sent for bulk RNA-seq 20250909",
POR_R1_C3,POR,1,control,"Wed, Jun 25",10:00 AM,LCM,Tank_6,PAXgene,1566,Unknown,IMG_4247,In flammable fridge in Paxgene Stabilizer,
POR_S1_C3,POR,1,control,"Wed, Jun 25",10:00 AM,spatial,Tank_6,Formalin,2070,Sep2024,IMG_4248,In flammable fridge in 70% ethanol,
POR_P1_H1,POR,1,heat,"Wed, Jun 25",10:00 AM, phys,Tank_2,LN2,2986,Genotype E12,IMG_4249,In -80 Freezer G Shelf 1; Black mesh bag,
POR_R1_H1,POR,1,heat,"Wed, Jun 25",10:00 AM,bulk_rna,Tank_2,DNA/RNA shield,1175,Genotype E15,IMG_4250,"Tube In -80 Freezer G Shelf 3, Zoe Rack; RNA sent for bulk RNA-seq 20250909",
POR_R1_H1,POR,1,heat,"Wed, Jun 25",10:00 AM,LCM,Tank_2,PAXgene,1175,Genotype E15,IMG_4250,In flammable fridge in Paxgene Stabilizer,
POR_S1_H1,POR,1,heat,"Wed, Jun 25",10:00 AM,spatial,Tank_2,Formalin,2026,Unknown,IMG_4251,In flammable fridge in 70% ethanol,
POR_P1_H2,POR,1,heat,"Wed, Jun 25",10:00 AM, phys,Tank_3,LN2,1429,Unknown,IMG_4252,In -80 Freezer G Shelf 1; Black mesh bag,
POR_R1_H2,POR,1,heat,"Wed, Jun 25",10:00 AM,bulk_rna,Tank_3,DNA/RNA shield,1554,Genotype E15,IMG_4253,"Tube In -80 Freezer G Shelf 3, Zoe Rack; RNA sent for bulk RNA-seq 20250909",
POR_R1_H2,POR,1,heat,"Wed, Jun 25",10:00 AM,LCM,Tank_3,PAXgene,1554,Genotype E15,IMG_4253,In flammable fridge in Paxgene Stabilizer,
POR_S1_H2,POR,1,heat,"Wed, Jun 25",10:00 AM,spatial,Tank_3,Formalin,2758,Unknown,IMG_4254,In flammable fridge in 70% ethanol,
POR_P1_H3,POR,1,heat,"Wed, Jun 25",10:00 AM, phys,Tank_5,LN2,1283,Genotype E16,IMG_4255,In -80 Freezer G Shelf 1; Black mesh bag,
POR_R1_H3,POR,1,heat,"Wed, Jun 25",10:00 AM,bulk_rna,Tank_5,DNA/RNA shield,1159,Unknown,IMG_4256,"Tube In -80 Freezer G Shelf 3, Zoe Rack; RNA sent for bulk RNA-seq 20250909",
POR_R1_H3,POR,1,heat,"Wed, Jun 25",10:00 AM,LCM,Tank_5,PAXgene,1159,Unknown,IMG_4256,In flammable fridge in Paxgene Stabilizer,
POR_S1_H3,POR,1,heat,"Wed, Jun 25",10:00 AM,spatial,Tank_5,Formalin,1295,Unknown,IMG_4257,In flammable fridge in 70% ethanol,
POR_P3_C1,POR,3,control,"Wed, Jun 25",12:00 PM, phys,Tank_1,LN2,2755,Unknown,IMG_4258,In -80 Freezer G Shelf 1; Black mesh bag,
POR_R3_C1,POR,3,control,"Wed, Jun 25",12:00 PM,bulk_rna,Tank_1,DNA/RNA shield,1306,Unknown,IMG_4259,"Tube In -80 Freezer G Shelf 3, Zoe Rack; RNA sent for bulk RNA-seq 20250909",
POR_R3_C1,POR,3,control,"Wed, Jun 25",12:00 PM,LCM/spatial,Tank_1,PAXgene,1306,Unknown,IMG_4259,"Subsampled; half clipped and put into new Paxgene 20260112, other half decalcified and embedded for ST",
POR_S3_C1,POR,3,control,"Wed, Jun 25",12:00 PM,spatial,Tank_1,Formalin,2060,Unknown,IMG_4260,In flammable fridge in 70% ethanol,
POR_P3_C2,POR,3,control,"Wed, Jun 25",12:00 PM, phys,Tank_4,LN2,2368,Unknown,IMG_4261,In -80 Freezer G Shelf 1; Black mesh bag,
POR_R3_C2,POR,3,control,"Wed, Jun 25",12:00 PM,bulk_rna,Tank_4,DNA/RNA shield,1653,Genotype E14,IMG_4262,"Tube In -80 Freezer G Shelf 3, Zoe Rack; RNA sent for bulk RNA-seq 20250909",
POR_R3_C2,POR,3,control,"Wed, Jun 25",12:00 PM,LCM,Tank_4,PAXgene,1653,Genotype E14,IMG_4262,In flammable fridge in Paxgene Stabilizer,
POR_S3_C2,POR,3,control,"Wed, Jun 25",12:00 PM,spatial,Tank_4,Formalin,2879,Unknown,IMG_4263,In flammable fridge in 70% ethanol,
POR_P3_C3,POR,3,control,"Wed, Jun 25",12:00 PM, phys,Tank_6,LN2,2195,Unknown,IMG_4265,In -80 Freezer G Shelf 1; Black mesh bag,
POR_R3_C3,POR,3,control,"Wed, Jun 25",12:00 PM,bulk_rna,Tank_6,DNA/RNA shield,1748,Unknown,IMG_4266,"Tube In -80 Freezer G Shelf 3, Zoe Rack; RNA sent for bulk RNA-seq 20250909",
POR_R3_C3,POR,3,control,"Wed, Jun 25",12:00 PM,LCM,Tank_6,PAXgene,1748,Unknown,IMG_4266,In flammable fridge in Paxgene Stabilizer,
POR_S3_C3,POR,3,control,"Wed, Jun 25",12:00 PM,spatial,Tank_6,Formalin,2531,Unknown,IMG_4267,In flammable fridge in 70% ethanol,
POR_P3_H1,POR,3,heat,"Wed, Jun 25",12:00 PM, phys,Tank_2,LN2,2563,Unknown,IMG_4268,In -80 Freezer G Shelf 1; Black mesh bag,
POR_R3_H1,POR,3,heat,"Wed, Jun 25",12:00 PM,bulk_rna,Tank_2,DNA/RNA shield,1164,Unknown,IMG_4269,"Tube In -80 Freezer G Shelf 3, Zoe Rack; RNA sent for bulk RNA-seq 20250909",
POR_R3_H1,POR,3,heat,"Wed, Jun 25",12:00 PM,LCM,Tank_2,PAXgene,1164,Unknown,IMG_4269,In flammable fridge in Paxgene Stabilizer,
POR_S3_H1,POR,3,heat,"Wed, Jun 25",12:00 PM,spatial,Tank_2,Formalin,1180,Genotype E16,IMG_4270,In flammable fridge in 70% ethanol,
POR_P3_H2,POR,3,heat,"Wed, Jun 25",12:00 PM, phys,Tank_3,LN2,1071,Unknown,IMG_4271,In -80 Freezer G Shelf 1; Black mesh bag,
POR_R3_H2,POR,3,heat,"Wed, Jun 25",12:00 PM,bulk_rna,Tank_3,DNA/RNA shield,1412,Sep2024,IMG_4272,"Tube In -80 Freezer G Shelf 3, Zoe Rack; RNA sent for bulk RNA-seq 20250909",
POR_R3_H2,POR,3,heat,"Wed, Jun 25",12:00 PM,LCM,Tank_3,PAXgene,1412,Sep2024,IMG_4272,In flammable fridge in Paxgene Stabilizer,
POR_S3_H2,POR,3,heat,"Wed, Jun 25",12:00 PM,spatial,Tank_3,Formalin,1643,Unknown,IMG_4273,In flammable fridge in 70% ethanol,
POR_P3_H3,POR,3,heat,"Wed, Jun 25",12:00 PM, phys,Tank_5,LN2,1749,Unknown,IMG_4274,In -80 Freezer G Shelf 1; Black mesh bag,
POR_R3_H3,POR,3,heat,"Wed, Jun 25",12:00 PM,bulk_rna,Tank_5,DNA/RNA shield,1218,Unknown,IMG_4275,"Tube In -80 Freezer G Shelf 3, Zoe Rack; RNA sent for bulk RNA-seq 20250909",
POR_R3_H3,POR,3,heat,"Wed, Jun 25",12:00 PM,LCM/spatial,Tank_5,PAXgene,1218,Unknown,IMG_4275,"Subsampled; half clipped and put into new Paxgene 20260112, other half decalcified and embedded for ST",
POR_S3_H3,POR,3,heat,"Wed, Jun 25",12:00 PM,spatial,Tank_5,Formalin,1094,Unknown,IMG_4276,In flammable fridge in 70% ethanol,
POR_P12_C1,POR,12,control,"Wed, Jun 25",9:00 PM, phys,Tank_1,LN2,1059,Unknown,IMG_4278,In -80 Freezer G Shelf 1; Black mesh bag,
POR_R12_C1,POR,12,control,"Wed, Jun 25",9:00 PM,bulk_rna,Tank_1,DNA/RNA shield,2378,Unknown,IMG_4279,"Tube In -80 Freezer G Shelf 3, Zoe Rack; RNA sent for bulk RNA-seq 20250909",
POR_R12_C1,POR,12,control,"Wed, Jun 25",9:00 PM,LCM,Tank_1,PAXgene,2378,Unknown,IMG_4279,In flammable fridge in Paxgene Stabilizer,
POR_S12_C1,POR,12,control,"Wed, Jun 25",9:00 PM,spatial,Tank_1,Formalin,2757,Unknown,IMG_4280,In flammable fridge in 70% ethanol,
POR_P12_C2,POR,12,control,"Wed, Jun 25",9:00 PM, phys,Tank_4,LN2,1290,Unknown,IMG_4281,In -80 Freezer G Shelf 1; Black mesh bag,
POR_R12_C2,POR,12,control,"Wed, Jun 25",9:00 PM,bulk_rna,Tank_4,DNA/RNA shield,1123,Unknown,IMG_4282,"Tube In -80 Freezer G Shelf 3, Zoe Rack; RNA sent for bulk RNA-seq 20250909",
POR_R12_C2,POR,12,control,"Wed, Jun 25",9:00 PM,LCM,Tank_4,PAXgene,1123,Unknown,IMG_4282,In flammable fridge in Paxgene Stabilizer,
POR_S12_C2,POR,12,control,"Wed, Jun 25",9:00 PM,spatial,Tank_4,Formalin,2380,Unknown,IMG_4283,In flammable fridge in 70% ethanol,
POR_P12_C3,POR,12,control,"Wed, Jun 25",9:00 PM, phys,Tank_6,LN2,1647,Genotype E12,IMG_4284,In -80 Freezer G Shelf 1; Black mesh bag,
POR_R12_C3,POR,12,control,"Wed, Jun 25",9:00 PM,bulk_rna,Tank_6,DNA/RNA shield,2073,Unknown,IMG_4285,"Tube In -80 Freezer G Shelf 3, Zoe Rack; RNA sent for bulk RNA-seq 20250909",
POR_R12_C3,POR,12,control,"Wed, Jun 25",9:00 PM,LCM,Tank_6,PAXgene,2073,Unknown,IMG_4285,In flammable fridge in Paxgene Stabilizer,
POR_S12_C3,POR,12,control,"Wed, Jun 25",9:00 PM,spatial,Tank_6,Formalin,2738,Unknown,IMG_4286,In flammable fridge in 70% ethanol,
POR_P12_H1,POR,12,heat,"Wed, Jun 25",9:00 PM, phys,Tank_2,LN2,1824,Unknown,IMG_4287,In -80 Freezer G Shelf 1; Black mesh bag,
POR_R12_H1,POR,12,heat,"Wed, Jun 25",9:00 PM,bulk_rna,Tank_2,DNA/RNA shield,1616,Unknown,IMG_4288,"Tube In -80 Freezer G Shelf 3, Zoe Rack; RNA sent for bulk RNA-seq 20250909",
POR_R12_H1,POR,12,heat,"Wed, Jun 25",9:00 PM,LCM,Tank_2,PAXgene,1616,Unknown,IMG_4288,In flammable fridge in Paxgene Stabilizer,
POR_S12_H1,POR,12,heat,"Wed, Jun 25",9:00 PM,spatial,Tank_2,Formalin,2008,Unknown,IMG_4289,In flammable fridge in 70% ethanol,
POR_P12_H2,POR,12,heat,"Wed, Jun 25",9:00 PM, phys,Tank_3,LN2,2524,Genotype E12,IMG_4290,In -80 Freezer G Shelf 1; Black mesh bag,
POR_R12_H2,POR,12,heat,"Wed, Jun 25",9:00 PM,bulk_rna,Tank_3,DNA/RNA shield,1584,Unknown,IMG_4291,"Tube In -80 Freezer G Shelf 3, Zoe Rack; RNA sent for bulk RNA-seq 20250909",
POR_R12_H2,POR,12,heat,"Wed, Jun 25",9:00 PM,LCM,Tank_3,PAXgene,1584,Unknown,IMG_4291,In flammable fridge in Paxgene Stabilizer,
POR_S12_H2,POR,12,heat,"Wed, Jun 25",9:00 PM,spatial,Tank_3,Formalin,1613,Unknown,IMG_4292,In flammable fridge in 70% ethanol,
POR_R12_H3,POR,12,heat,"Wed, Jun 25",9:00 PM,LCM,Tank_5,PAXgene,1456,Unknown,IMG_4293,In flammable fridge in Paxgene Stabilizer,"Sampled 1st - order messed up, make sure pictures reflect this"
POR_P12_H3,POR,12,heat,"Wed, Jun 25",9:00 PM, phys,Tank_5,LN2,1318,Genotype A13,IMG_4294,In -80 Freezer G Shelf 1; Black mesh bag,"Sampled 2nd - order messed up, make sure pictures reflect this"
POR_R12_H3,POR,12,heat,"Wed, Jun 25",9:00 PM,bulk_rna,Tank_5,DNA/RNA shield,2376,Unknown,IMG_4295,"Tube In -80 Freezer G Shelf 3, Zoe Rack; RNA sent for bulk RNA-seq 20250909","Sampled 3rd - order messed up, make sure pictures reflect this"
POR_S12_H3,POR,12,heat,"Wed, Jun 25",9:00 PM,spatial,Tank_5,Formalin,2376,Unknown,IMG_4295,In flammable fridge in 70% ethanol,"Sampled 3rd - order messed up, make sure pictures reflect this"
POR_P24_C1,POR,24,control,"Thu, Jun 26",9:00 AM, phys,Tank_1,LN2,2984,Unknown,IMG_4299,In -80 Freezer G Shelf 1; Black mesh bag,
POR_R24_C1,POR,24,control,"Thu, Jun 26",9:00 AM,bulk_rna,Tank_1,DNA/RNA shield,1298,Unknown,IMG_4300,"Tube In -80 Freezer G Shelf 3, Zoe Rack; RNA sent for bulk RNA-seq 20250909",
POR_R24_C1,POR,24,control,"Thu, Jun 26",9:00 AM,LCM,Tank_1,PAXgene,1298,Unknown,IMG_4300,In flammable fridge in Paxgene Stabilizer,
POR_S24_C1,POR,24,control,"Thu, Jun 26",9:00 AM,spatial,Tank_1,Formalin,1471,Sep2024,IMG_4301,In flammable fridge in 70% ethanol,
POR_P24_C2,POR,24,control,"Thu, Jun 26",9:00 AM, phys,Tank_4,LN2,1694,Unknown,IMG_4302,In -80 Freezer G Shelf 1; Black mesh bag,
POR_R24_C2,POR,24,control,"Thu, Jun 26",9:00 AM,bulk_rna,Tank_4,DNA/RNA shield,1254,Unknown,IMG_4303,"Tube In -80 Freezer G Shelf 3, Zoe Rack; RNA sent for bulk RNA-seq 20250909",
POR_R24_C2,POR,24,control,"Thu, Jun 26",9:00 AM,LCM,Tank_4,PAXgene,1254,Unknown,IMG_4303,In flammable fridge in Paxgene Stabilizer,
POR_S24_C2,POR,24,control,"Thu, Jun 26",9:00 AM,spatial,Tank_4,Formalin,2881,Unknown,IMG_4304,In flammable fridge in 70% ethanol,
POR_P24_C3,POR,24,control,"Thu, Jun 26",9:00 AM, phys,Tank_6,LN2,1118,Unknown,IMG_4305,In -80 Freezer G Shelf 1; Black mesh bag,
POR_R24_C3,POR,24,control,"Thu, Jun 26",9:00 AM,bulk_rna,Tank_6,DNA/RNA shield,1140,Genotype E11,IMG_4306,"Tube In -80 Freezer G Shelf 3, Zoe Rack; RNA sent for bulk RNA-seq 20250909",
POR_R24_C3,POR,24,control,"Thu, Jun 26",9:00 AM,LCM,Tank_6,PAXgene,1140,Genotype E11,IMG_4306,In flammable fridge in Paxgene Stabilizer,
POR_S24_C3,POR,24,control,"Thu, Jun 26",9:00 AM,spatial,Tank_6,Formalin,1727,Sep2024,IMG_4307,In flammable fridge in 70% ethanol,
POR_P24_H1,POR,24,heat,"Thu, Jun 26",9:00 AM, phys,Tank_2,LN2,1691,Unknown,IMG_4308,In -80 Freezer G Shelf 1; Black mesh bag,
POR_R24_H1,POR,24,heat,"Thu, Jun 26",9:00 AM,bulk_rna,Tank_2,DNA/RNA shield,1186,Unknown,IMG_4309,"Tube In -80 Freezer G Shelf 3, Zoe Rack; RNA sent for bulk RNA-seq 20250909",
POR_R24_H1,POR,24,heat,"Thu, Jun 26",9:00 AM,LCM,Tank_2,PAXgene,1186,Unknown,IMG_4309,In flammable fridge in Paxgene Stabilizer,
POR_S24_H1,POR,24,heat,"Thu, Jun 26",9:00 AM,spatial,Tank_2,Formalin,1621,Sep2024,IMG_4310,In flammable fridge in 70% ethanol,
POR_P24_H2,POR,24,heat,"Thu, Jun 26",9:00 AM, phys,Tank_3,LN2,2982,Genotype A13,IMG_4311,In -80 Freezer G Shelf 1; Black mesh bag,
POR_R24_H2,POR,24,heat,"Thu, Jun 26",9:00 AM,bulk_rna,Tank_3,DNA/RNA shield,2201,Unknown,IMG_4312,"Tube In -80 Freezer G Shelf 3, Zoe Rack; RNA sent for bulk RNA-seq 20250909",
POR_R24_H2,POR,24,heat,"Thu, Jun 26",9:00 AM,LCM,Tank_3,PAXgene,2201,Unknown,IMG_4312,In flammable fridge in Paxgene Stabilizer,
POR_S24_H2,POR,24,heat,"Thu, Jun 26",9:00 AM,spatial,Tank_3,Formalin,1110,Genotype E14,IMG_4313,In flammable fridge in 70% ethanol,
POR_P24_H3,POR,24,heat,"Thu, Jun 26",9:00 AM, phys,Tank_5,LN2,1486,Genotype E11,IMG_4314,In -80 Freezer G Shelf 1; Black mesh bag,
POR_R24_H3,POR,24,heat,"Thu, Jun 26",9:00 AM,bulk_rna,Tank_5,DNA/RNA shield,2079,Sep2024,IMG_4315,"Tube In -80 Freezer G Shelf 3, Zoe Rack; RNA sent for bulk RNA-seq 20250909",
POR_R24_H3,POR,24,heat,"Thu, Jun 26",9:00 AM,LCM,Tank_5,PAXgene,2079,Sep2024,IMG_4315,In flammable fridge in Paxgene Stabilizer,
POR_S24_H3,POR,24,heat,"Thu, Jun 26",9:00 AM,spatial,Tank_5,Formalin,1120,Unknown,IMG_4316,In flammable fridge in 70% ethanol,
POR_P72_C1,POR,72,control,"Sat, Jun 28",9:00 AM, phys,Tank_1,LN2,2997,Genotype E14,IMG_4318,In -80 Freezer G Shelf 1; Black mesh bag,
POR_R72_C1,POR,72,control,"Sat, Jun 28",9:00 AM,bulk_rna,Tank_1,DNA/RNA shield,1439,Unknown,IMG_4320,"Tube In -80 Freezer G Shelf 3, Zoe Rack; RNA sent for bulk RNA-seq 20250909",
POR_R72_C1,POR,72,control,"Sat, Jun 28",9:00 AM,LCM,Tank_1,PAXgene,1439,Unknown,IMG_4320,In flammable fridge in Paxgene Stabilizer,
POR_S72_C1,POR,72,control,"Sat, Jun 28",9:00 AM,spatial,Tank_1,Formalin,2737,Genotype A13,IMG_4321,In flammable fridge in 70% ethanol,
POR_P72_C2,POR,72,control,"Sat, Jun 28",9:00 AM, phys,Tank_4,LN2,1274,Unknown,IMG_4322,In -80 Freezer G Shelf 1; Black mesh bag,
POR_R72_C2,POR,72,control,"Sat, Jun 28",9:00 AM,bulk_rna,Tank_4,DNA/RNA shield,3002,Sep2024,IMG_4323,"Tube In -80 Freezer G Shelf 3, Zoe Rack; RNA sent for bulk RNA-seq 20250909",
POR_R72_C2,POR,72,control,"Sat, Jun 28",9:00 AM,LCM,Tank_4,PAXgene,3002,Sep2024,IMG_4323,In flammable fridge in Paxgene Stabilizer,
POR_S72_C2,POR,72,control,"Sat, Jun 28",9:00 AM,spatial,Tank_4,Formalin,1174,Unknown,IMG_4324,In flammable fridge in 70% ethanol,
POR_P72_C3,POR,72,control,"Sat, Jun 28",9:00 AM, phys,Tank_6,LN2,1223,Genotype E15,IMG_4325,In -80 Freezer G Shelf 1; Black mesh bag,
POR_R72_C3,POR,72,control,"Sat, Jun 28",9:00 AM,bulk_rna,Tank_6,DNA/RNA shield,1125,Unknown,IMG_4326,"Tube In -80 Freezer G Shelf 3, Zoe Rack; RNA sent for bulk RNA-seq 20250909",
POR_R72_C3,POR,72,control,"Sat, Jun 28",9:00 AM,LCM,Tank_6,PAXgene,1125,Unknown,IMG_4326,In flammable fridge in Paxgene Stabilizer,
POR_S72_C3,POR,72,control,"Sat, Jun 28",9:00 AM,spatial,Tank_6,Formalin,1234,Unknown,IMG_4327,In flammable fridge in 70% ethanol,
POR_P72_H1,POR,72,heat,"Sat, Jun 28",9:00 AM, phys,Tank_2,LN2,1495,Unknown,IMG_4329,In -80 Freezer G Shelf 1; Black mesh bag,
POR_R72_H1,POR,72,heat,"Sat, Jun 28",9:00 AM,bulk_rna,Tank_2,DNA/RNA shield,1242,Unknown,IMG_4330,"Tube In -80 Freezer G Shelf 3, Zoe Rack; RNA sent for bulk RNA-seq 20250909",
POR_R72_H1,POR,72,heat,"Sat, Jun 28",9:00 AM,LCM,Tank_2,PAXgene,1242,Unknown,IMG_4330,In flammable fridge in Paxgene Stabilizer,
POR_S72_H1,POR,72,heat,"Sat, Jun 28",9:00 AM,spatial,Tank_2,Formalin,2404,Unknown,IMG_4331,In flammable fridge in 70% ethanol,
POR_P72_H2,POR,72,heat,"Sat, Jun 28",9:00 AM, phys,Tank_3,LN2,1470,Unknown,IMG_4332,In -80 Freezer G Shelf 1; Black mesh bag,
POR_R72_H2,POR,72,heat,"Sat, Jun 28",9:00 AM,bulk_rna,Tank_3,DNA/RNA shield,1128,Genotype E16,IMG_4333,"Tube In -80 Freezer G Shelf 3, Zoe Rack; RNA sent for bulk RNA-seq 20250909",
POR_R72_H2,POR,72,heat,"Sat, Jun 28",9:00 AM,LCM,Tank_3,PAXgene,1128,Genotype E16,IMG_4333,In flammable fridge in Paxgene Stabilizer,
POR_S72_H2,POR,72,heat,"Sat, Jun 28",9:00 AM,spatial,Tank_3,Formalin,1150,Unknown,IMG_4335,In flammable fridge in 70% ethanol,
POR_P72_H3,POR,72,heat,"Sat, Jun 28",9:00 AM, phys,Tank_5,LN2,2372,Unknown,IMG_4336,In -80 Freezer G Shelf 1; Black mesh bag,
POR_R72_H3,POR,72,heat,"Sat, Jun 28",9:00 AM,bulk_rna,Tank_5,DNA/RNA shield,1734,Unknown,IMG_4338,"Tube In -80 Freezer G Shelf 3, Zoe Rack; RNA sent for bulk RNA-seq 20250909",
POR_R72_H3,POR,72,heat,"Sat, Jun 28",9:00 AM,LCM,Tank_5,PAXgene,1734,Unknown,IMG_4338,In flammable fridge in Paxgene Stabilizer,
POR_S72_H3,POR,72,heat,"Sat, Jun 28",9:00 AM,spatial,Tank_5,Formalin,1450,Unknown,IMG_4339,In flammable fridge in 70% ethanol,
POR_P120_C1,POR,120,control,"Mon, Jun 30",9:00 AM, phys,Tank_1,LN2,1771,Unknown,IMG_4342,In -80 Freezer G Shelf 1; Black mesh bag,
POR_R120_C1,POR,120,control,"Mon, Jun 30",9:00 AM,bulk_rna,Tank_1,DNA/RNA shield,1177,Unknown,IMG_4343,"Tube In -80 Freezer G Shelf 3, Zoe Rack; RNA sent for bulk RNA-seq 20250909",
POR_R120_C1,POR,120,control,"Mon, Jun 30",9:00 AM,LCM,Tank_1,PAXgene,1177,Unknown,IMG_4343,In flammable fridge in Paxgene Stabilizer,
POR_S120_C1,POR,120,control,"Mon, Jun 30",9:00 AM,spatial,Tank_1,Formalin,1322,Genotype E12,IMG_4344,In flammable fridge in 70% ethanol,
POR_P120_C2,POR,120,control,"Mon, Jun 30",9:00 AM, phys,Tank_4,LN2,1473,Genotype E15,IMG_4345,In -80 Freezer G Shelf 1; Black mesh bag,
POR_R120_C2,POR,120,control,"Mon, Jun 30",9:00 AM,bulk_rna,Tank_4,DNA/RNA shield,1315,Unknown,IMG_4346,"Tube In -80 Freezer G Shelf 3, Zoe Rack; RNA sent for bulk RNA-seq 20250909",
POR_R120_C2,POR,120,control,"Mon, Jun 30",9:00 AM,LCM,Tank_4,PAXgene,1315,Unknown,IMG_4346,In flammable fridge in Paxgene Stabilizer,
POR_S120_C2,POR,120,control,"Mon, Jun 30",9:00 AM,spatial,Tank_4,Formalin,1537,Unknown,IMG_4347,In flammable fridge in 70% ethanol,
POR_P120_C3,POR,120,control,"Mon, Jun 30",9:00 AM, phys,Tank_6,LN2,1133,Genotype E12,IMG_4348,In -80 Freezer G Shelf 1; Black mesh bag,
POR_R120_C3,POR,120,control,"Mon, Jun 30",9:00 AM,bulk_rna,Tank_6,DNA/RNA shield,1067,Unknown,IMG_4349,"Tube In -80 Freezer G Shelf 3, Zoe Rack; RNA sent for bulk RNA-seq 20250909",
POR_R120_C3,POR,120,control,"Mon, Jun 30",9:00 AM,LCM,Tank_6,PAXgene,1067,Unknown,IMG_4349,In flammable fridge in Paxgene Stabilizer,
POR_S120_C3,POR,120,control,"Mon, Jun 30",9:00 AM,spatial,Tank_6,Formalin,1557,Unknown,IMG_4350,In flammable fridge in 70% ethanol,
POR_P120_H1,POR,120,heat,"Mon, Jun 30",9:00 AM, phys,Tank_2,LN2,2730,Unknown,IMG_4351,In -80 Freezer G Shelf 1; Black mesh bag,
POR_R120_H1,POR,120,heat,"Mon, Jun 30",9:00 AM,bulk_rna,Tank_2,DNA/RNA shield,1478,Unknown,IMG_4352,"Tube In -80 Freezer G Shelf 3, Zoe Rack; RNA sent for bulk RNA-seq 20250909",
POR_R120_H1,POR,120,heat,"Mon, Jun 30",9:00 AM,LCM,Tank_2,PAXgene,1478,Unknown,IMG_4352,In flammable fridge in Paxgene Stabilizer,
POR_S120_H1,POR,120,heat,"Mon, Jun 30",9:00 AM,spatial,Tank_2,Formalin,1189,Unknown,IMG_4353,In flammable fridge in 70% ethanol,
POR_P120_H2,POR,120,heat,"Mon, Jun 30",9:00 AM, phys,Tank_3,LN2,1761,Unknown,IMG_4354,In -80 Freezer G Shelf 1; Black mesh bag,
POR_R120_H2,POR,120,heat,"Mon, Jun 30",9:00 AM,bulk_rna,Tank_3,DNA/RNA shield,1533,Unknown,IMG_4355,"Tube In -80 Freezer G Shelf 3, Zoe Rack; RNA sent for bulk RNA-seq 20250909",
POR_R120_H2,POR,120,heat,"Mon, Jun 30",9:00 AM,LCM,Tank_3,PAXgene,1533,Unknown,IMG_4355,In flammable fridge in Paxgene Stabilizer,
POR_S120_H2,POR,120,heat,"Mon, Jun 30",9:00 AM,spatial,Tank_3,Formalin,1336,Unknown,IMG_4356,In flammable fridge in 70% ethanol,
POR_P120_H3,POR,120,heat,"Mon, Jun 30",9:00 AM, phys,Tank_5,LN2,1615,Unknown,IMG_4357,In -80 Freezer G Shelf 1; Black mesh bag,
POR_R120_H3,POR,120,heat,"Mon, Jun 30",9:00 AM,bulk_rna,Tank_5,DNA/RNA shield,1614,Unknown,IMG_4358,"Tube In -80 Freezer G Shelf 3, Zoe Rack; RNA sent for bulk RNA-seq 20250909",
POR_R120_H3,POR,120,heat,"Mon, Jun 30",9:00 AM,LCM,Tank_5,PAXgene,1614,Unknown,IMG_4358,Decalc 20250910,
POR_S120_H3,POR,120,heat,"Mon, Jun 30",9:00 AM,spatial,Tank_5,Formalin,1474,Genotype E12,IMG_4359,In flammable fridge in 70% ethanol,
POR_PAM_1281,POR,120,control,"Mon, Jun 30",9:00 AM,phys_PAM,Tank_1,LN2,1281,Sep2024,IMG_4360,In -80 Freezer G Shelf 1; Black mesh bag,
POR_PAM_1626,POR,120,control,"Mon, Jun 30",9:00 AM,phys_PAM,Tank_1,LN2,1626,Unknown,IMG_4361,In -80 Freezer G Shelf 1; Black mesh bag,
POR_PAM_1102,POR,120,control,"Mon, Jun 30",9:00 AM,phys_PAM,Tank_4,LN2,1102,Unknown,IMG_4362,In -80 Freezer G Shelf 1; Black mesh bag,
POR_PAM_1130,POR,120,control,"Mon, Jun 30",9:00 AM,phys_PAM,Tank_4,LN2,1130,Unknown,IMG_4363,In -80 Freezer G Shelf 1; Black mesh bag,
POR_PAM_1043,POR,120,control,"Mon, Jun 30",9:00 AM,phys_PAM,Tank_6,LN2,1043,Unknown,IMG_4364,In -80 Freezer G Shelf 1; Black mesh bag,
POR_PAM_1337,POR,120,control,"Mon, Jun 30",9:00 AM,phys_PAM,Tank_6,LN2,1337,Unknown,IMG_4365,In -80 Freezer G Shelf 1; Black mesh bag,
POR_PAM_1122,POR,120,heat,"Mon, Jun 30",9:00 AM,phys_PAM,Tank_2,LN2,1122,Genotype E14,IMG_4366,In -80 Freezer G Shelf 1; Black mesh bag,
POR_PAM_1244,POR,120,heat,"Mon, Jun 30",9:00 AM,phys_PAM,Tank_2,LN2,1244,Unknown,IMG_4367,In -80 Freezer G Shelf 1; Black mesh bag,
POR_PAM_1065,POR,120,heat,"Mon, Jun 30",9:00 AM,phys_PAM,Tank_3,LN2,1065,Sep2024,IMG_4368,In -80 Freezer G Shelf 1; Black mesh bag,
POR_PAM_1555,POR,120,heat,"Mon, Jun 30",9:00 AM,phys_PAM,Tank_3,LN2,1555,Unknown,IMG_4369,In -80 Freezer G Shelf 1; Black mesh bag,
POR_PAM_1575,POR,120,heat,"Mon, Jun 30",9:00 AM,phys_PAM,Tank_5,LN2,1575,Unknown,IMG_4370,In -80 Freezer G Shelf 1; Black mesh bag,
POR_PAM_1209,POR,120,heat,"Mon, Jun 30",9:00 AM,phys_PAM,Tank_5,LN2,1209,Unknown,IMG_4371,In -80 Freezer G Shelf 1; Black mesh bag,
MON_P0_H2,MON,0,heat,"Wed, Jul 2",9:00 AM,phys,Tank_3,LN2,2728,Unknown 1 (2023/2024),IMG_4372,In -80 Freezer G Shelf 1; Green mesh bag,Time: 9:21
MON_R0_H2,MON,0,heat,"Wed, Jul 2",9:00 AM,bulk_rna,Tank_3,DNA/RNA shield,2017,Sept 2024 Big,IMG_4373,"Tube In -80 Freezer G Shelf 3, Zoe Rack; RNA sent for bulk RNA-seq 20250909",
MON_R0_H2,MON,0,heat,"Wed, Jul 2",9:00 AM,LCM,Tank_3,PAXgene,2017,Sept 2024 Big,IMG_4373,In flammable fridge in Paxgene Stabilizer,
MON_S0_H2,MON,0,heat,"Wed, Jul 2",9:00 AM,spatial,Tank_3,Formalin,2522,Colony D12,IMG_4374,In flammable fridge in 70% ethanol,
MON_P0_H3,MON,0,heat,"Wed, Jul 2",9:00 AM,phys,Tank_5,LN2,2746,Sept 2024 Big,IMG_4375,In -80 Freezer G Shelf 1; Green mesh bag,
MON_R0_H3,MON,0,heat,"Wed, Jul 2",9:00 AM,bulk_rna,Tank_5,DNA/RNA shield,1493,Big 2023,IMG_4376,"Tube In -80 Freezer G Shelf 3, Zoe Rack; RNA sent for bulk RNA-seq 20250909",
MON_R0_H3,MON,0,heat,"Wed, Jul 2",9:00 AM,LCM,Tank_5,PAXgene,1493,Big 2023,IMG_4376,In flammable fridge in Paxgene Stabilizer,
MON_S0_H3,MON,0,heat,"Wed, Jul 2",9:00 AM,spatial,Tank_5,Formalin,1171,Sept 2024 Big,IMG_4377,In flammable fridge in 70% ethanol,
MON_P0_H1,MON,0,heat,"Wed, Jul 2",9:00 AM,phys,Tank_2,LN2,2364,Sept 2024 Big,IMG_4379,In -80 Freezer G Shelf 1; Green mesh bag,
MON_R0_H1,MON,0,heat,"Wed, Jul 2",9:00 AM,bulk_rna,Tank_2,DNA/RNA shield,1743,Colony G (2023?),IMG_4380,"Tube In -80 Freezer G Shelf 3, Zoe Rack; RNA sent for bulk RNA-seq 20250909",
MON_R0_H1,MON,0,heat,"Wed, Jul 2",9:00 AM,LCM,Tank_2,PAXgene,1743,Colony G (2023?),IMG_4380,In flammable fridge in Paxgene Stabilizer,
MON_S0_H1,MON,0,heat,"Wed, Jul 2",9:00 AM,spatial,Tank_2,Formalin,1304,Colony D11,IMG_4381,In flammable fridge in 70% ethanol,
MON_P0_C3,MON,0,control,"Wed, Jul 2",9:00 AM,phys,Tank_6,LN2,1054,Sept 2024 Big,IMG_4382,In -80 Freezer G Shelf 1; Green mesh bag,Time: 9:32
MON_R0_C3,MON,0,control,"Wed, Jul 2",9:00 AM,bulk_rna,Tank_6,DNA/RNA shield,1291,Colony G (2023?),IMG_4383,"Tube In -80 Freezer G Shelf 3, Zoe Rack; RNA sent for bulk RNA-seq 20250909",
MON_R0_C3,MON,0,control,"Wed, Jul 2",9:00 AM,LCM,Tank_6,PAXgene,1291,Colony G (2023?),IMG_4383,Decalc 20250910,
MON_S0_C3,MON,0,control,"Wed, Jul 2",9:00 AM,spatial,Tank_6,Formalin,1778,Big 2023,IMG_4384,In flammable fridge in 70% ethanol,
MON_P0_C1,MON,0,control,"Wed, Jul 2",9:00 AM,phys,Tank_1,LN2,1111,Unknown 1 (2023/2024),IMG_4385,In -80 Freezer G Shelf 1; Green mesh bag,
MON_R0_C1,MON,0,control,"Wed, Jul 2",9:00 AM,bulk_rna,Tank_1,DNA/RNA shield,2732,Sept 2024 Big,IMG_4386,"Tube In -80 Freezer G Shelf 3, Zoe Rack; RNA sent for bulk RNA-seq 20250909",
MON_R0_C1,MON,0,control,"Wed, Jul 2",9:00 AM,LCM,Tank_1,PAXgene,2732,Sept 2024 Big,IMG_4386,In flammable fridge in Paxgene Stabilizer,
MON_S0_C1,MON,0,control,"Wed, Jul 2",9:00 AM,spatial,Tank_1,Formalin,1205,Sept 2024 Big,IMG_4387,In flammable fridge in 70% ethanol,
MON_P0_C2,MON,0,control,"Wed, Jul 2",9:00 AM,phys,Tank_4,LN2,1170,Sept 2024 Big,IMG_4388,In -80 Freezer G Shelf 1; Green mesh bag,
MON_R0_C2,MON,0,control,"Wed, Jul 2",9:00 AM,bulk_rna,Tank_4,DNA/RNA shield,1708,Sept 2024 Big,IMG_4389,"Tube In -80 Freezer G Shelf 3, Zoe Rack; RNA sent for bulk RNA-seq 20250909",
MON_R0_C2,MON,0,control,"Wed, Jul 2",9:00 AM,LCM,Tank_4,PAXgene,1708,Sept 2024 Big,IMG_4389,In flammable fridge in Paxgene Stabilizer,
MON_S0_C2,MON,0,control,"Wed, Jul 2",9:00 AM,spatial,Tank_4,Formalin,1330,Sept 2024 Big,IMG_4390,In flammable fridge in 70% ethanol,Time: 9:40
MON_P1_C3,MON,1,control,"Wed, Jul 2",10:00 AM,phys,Tank_6,LN2,1491,Colony C (2023),IMG_4392,In -80 Freezer G Shelf 1; Green mesh bag,Time: 10:37
MON_R1_C3,MON,1,control,"Wed, Jul 2",10:00 AM,bulk_rna,Tank_6,DNA/RNA shield,2419,Sept 2024 Big,IMG_4393,"Tube In -80 Freezer G Shelf 3, Zoe Rack; RNA sent for bulk RNA-seq 20250909",
MON_R1_C3,MON,1,control,"Wed, Jul 2",10:00 AM,LCM,Tank_6,PAXgene,2419,Sept 2024 Big,IMG_4393,In flammable fridge in Paxgene Stabilizer,
MON_S1_C3,MON,1,control,"Wed, Jul 2",10:00 AM,spatial,Tank_6,Formalin,1255,Colony G1,IMG_4394,In flammable fridge in 70% ethanol,
MON_P1_H3,MON,1,heat,"Wed, Jul 2",10:00 AM,phys,Tank_5,LN2,2389,Big 2023,IMG_4395,In -80 Freezer G Shelf 1; Green mesh bag,
MON_R1_H3,MON,1,heat,"Wed, Jul 2",10:00 AM,bulk_rna,Tank_5,DNA/RNA shield,2515,Colony C New,IMG_4396,"Tube In -80 Freezer G Shelf 3, Zoe Rack; RNA sent for bulk RNA-seq 20250909",
MON_R1_H3,MON,1,heat,"Wed, Jul 2",10:00 AM,LCM,Tank_5,PAXgene,2515,Colony C New,IMG_4396,In flammable fridge in Paxgene Stabilizer,
MON_S1_H3,MON,1,heat,"Wed, Jul 2",10:00 AM,spatial,Tank_5,Formalin,1167,Colony G (2023?),IMG_4397,In flammable fridge in 70% ethanol,
MON_P1_C1,MON,1,control,"Wed, Jul 2",10:00 AM,phys,Tank_1,LN2,1437,Unknown 1 (2023/2024),IMG_4398,In -80 Freezer G Shelf 1; Green mesh bag,
MON_R1_C1,MON,1,control,"Wed, Jul 2",10:00 AM,bulk_rna,Tank_1,DNA/RNA shield,1608,Sept 2024 Big,IMG_4399,"Tube In -80 Freezer G Shelf 3, Zoe Rack; RNA sent for bulk RNA-seq 20250909",
MON_R1_C1,MON,1,control,"Wed, Jul 2",10:00 AM,LCM,Tank_1,PAXgene,1608,Sept 2024 Big,IMG_4399,In flammable fridge in Paxgene Stabilizer,
MON_S1_C1,MON,1,control,"Wed, Jul 2",10:00 AM,spatial,Tank_1,Formalin,2020,Colony G (2023?),IMG_4400,In flammable fridge in 70% ethanol,
MON_P1_H2,MON,1,heat,"Wed, Jul 2",10:00 AM,phys,Tank_3,LN2,1285,Big 2023,IMG_4401,In -80 Freezer G Shelf 1; Green mesh bag,Time: 10:45
MON_R1_H2,MON,1,heat,"Wed, Jul 2",10:00 AM,bulk_rna,Tank_3,DNA/RNA shield,1452,Colony G (2023?),IMG_4402,"Tube In -80 Freezer G Shelf 3, Zoe Rack; RNA sent for bulk RNA-seq 20250909",
MON_R1_H2,MON,1,heat,"Wed, Jul 2",10:00 AM,LCM,Tank_3,PAXgene,1452,Colony G (2023?),IMG_4402,In flammable fridge in Paxgene Stabilizer,
MON_S1_H2,MON,1,heat,"Wed, Jul 2",10:00 AM,spatial,Tank_3,Formalin,1145,Colony C (2023),IMG_4403,In flammable fridge in 70% ethanol,
MON_P1_C2,MON,1,control,"Wed, Jul 2",10:00 AM,phys,Tank_4,LN2,1712,Sept 2024 Big,IMG_4404,In -80 Freezer G Shelf 1; Green mesh bag,
MON_R1_C2,MON,1,control,"Wed, Jul 2",10:00 AM,bulk_rna,Tank_4,DNA/RNA shield,2007,Sept 2024 Big,IMG_4405,"Tube In -80 Freezer G Shelf 3, Zoe Rack; RNA sent for bulk RNA-seq 20250909",
MON_R1_C2,MON,1,control,"Wed, Jul 2",10:00 AM,LCM,Tank_4,PAXgene,2007,Sept 2024 Big,IMG_4405,In flammable fridge in Paxgene Stabilizer,
MON_S1_C2,MON,1,control,"Wed, Jul 2",10:00 AM,spatial,Tank_4,Formalin,1825,Unknown 1 (2023/2024),IMG_4406,In flammable fridge in 70% ethanol,
MON_P1_H1,MON,1,heat,"Wed, Jul 2",10:00 AM,phys,Tank_2,LN2,1276,Sept 2024 Big,IMG_4407,In -80 Freezer G Shelf 1; Green mesh bag,
MON_R1_H1,MON,1,heat,"Wed, Jul 2",10:00 AM,bulk_rna,Tank_2,DNA/RNA shield,1074,Unknown 1 (2023/2024),IMG_4408,"Tube In -80 Freezer G Shelf 3, Zoe Rack; RNA sent for bulk RNA-seq 20250909",
MON_R1_H1,MON,1,heat,"Wed, Jul 2",10:00 AM,LCM,Tank_2,PAXgene,1074,Unknown 1 (2023/2024),IMG_4408,In flammable fridge in Paxgene Stabilizer,
MON_S1_H1,MON,1,heat,"Wed, Jul 2",10:00 AM,spatial,Tank_2,Formalin,2862,Colony G (2023?),IMG_4409,In flammable fridge in 70% ethanol,Time: 10:53
MON_P3_H1,MON,3,heat,"Wed, Jul 2",12:00 PM,phys,Tank_2,LN2,2980,Colony C (2023),IMG_4411,In -80 Freezer G Shelf 1; Green mesh bag,Time: 12:36
MON_R3_H1,MON,3,heat,"Wed, Jul 2",12:00 PM,bulk_rna,Tank_2,DNA/RNA shield,1617,Sept 2024 Big,IMG_4412,"Tube In -80 Freezer G Shelf 3, Zoe Rack; RNA sent for bulk RNA-seq 20250909",
MON_R3_H1,MON,3,heat,"Wed, Jul 2",12:00 PM,LCM,Tank_2,PAXgene,1617,Sept 2024 Big,IMG_4412,In flammable fridge in Paxgene Stabilizer,
MON_S3_H1,MON,3,heat,"Wed, Jul 2",12:00 PM,spatial,Tank_2,Formalin,1037,Sept 2024 Big,IMG_4413,In flammable fridge in 70% ethanol,
MON_P3_C2,MON,3,control,"Wed, Jul 2",12:00 PM,phys,Tank_4,LN2,1723,Unknown 1 (2023/2024),IMG_4414,In -80 Freezer G Shelf 1; Green mesh bag,
MON_R3_C2,MON,3,control,"Wed, Jul 2",12:00 PM,bulk_rna,Tank_4,DNA/RNA shield,1741,Sept 2024 Big,IMG_4415,"Tube In -80 Freezer G Shelf 3, Zoe Rack; RNA sent for bulk RNA-seq 20250909",
MON_R3_C2,MON,3,control,"Wed, Jul 2",12:00 PM,LCM,Tank_4,PAXgene,1741,Sept 2024 Big,IMG_4415,In flammable fridge in Paxgene Stabilizer,
MON_S3_C2,MON,3,control,"Wed, Jul 2",12:00 PM,spatial,Tank_4,Formalin,1576,Big 2023,IMG_4416,In flammable fridge in 70% ethanol,
MON_P3_H3,MON,3,heat,"Wed, Jul 2",12:00 PM,phys,Tank_5,LN2,1628,Unknown 1 (2023/2024),IMG_4417,In -80 Freezer G Shelf 1; Green mesh bag,
MON_R3_H3,MON,3,heat,"Wed, Jul 2",12:00 PM,bulk_rna,Tank_5,DNA/RNA shield,1416,Colony D12,IMG_4418,"Tube In -80 Freezer G Shelf 3, Zoe Rack; RNA sent for bulk RNA-seq 20250909",
MON_R3_H3,MON,3,heat,"Wed, Jul 2",12:00 PM,LCM,Tank_5,PAXgene,1416,Colony D12,IMG_4418,In flammable fridge in Paxgene Stabilizer,
MON_S3_H3,MON,3,heat,"Wed, Jul 2",12:00 PM,spatial,Tank_5,Formalin,2865,Colony G (2023?),IMG_4419,In flammable fridge in 70% ethanol,
MON_P3_C3,MON,3,control,"Wed, Jul 2",12:00 PM,phys,Tank_6,LN2,2518,Unknown 1 (2023/2024),IMG_4420,In -80 Freezer G Shelf 1; Green mesh bag,Time: 12:45
MON_R3_C3,MON,3,control,"Wed, Jul 2",12:00 PM,bulk_rna,Tank_6,DNA/RNA shield,1467,Sept 2024 Big,IMG_4421,"Tube In -80 Freezer G Shelf 3, Zoe Rack; RNA sent for bulk RNA-seq 20250909",
MON_R3_C3,MON,3,control,"Wed, Jul 2",12:00 PM,LCM/spatial,Tank_6,PAXgene,1467,Sept 2024 Big,IMG_4421,"Subsampled; half clipped and put into new Paxgene 20260112, other half decalcified and embedded for ST",
MON_S3_C3,MON,3,control,"Wed, Jul 2",12:00 PM,spatial,Tank_6,Formalin,2071,Big 2023,IMG_4422,In flammable fridge in 70% ethanol,
MON_P3_H2,MON,3,heat,"Wed, Jul 2",12:00 PM,phys,Tank_3,LN2,1536,Sept 2024 Big,IMG_4423,In -80 Freezer G Shelf 1; Green mesh bag,
MON_R3_H2,MON,3,heat,"Wed, Jul 2",12:00 PM,bulk_rna,Tank_3,DNA/RNA shield,2063,Sept 2024 Big,IMG_4424,"Tube In -80 Freezer G Shelf 3, Zoe Rack; RNA sent for bulk RNA-seq 20250909",
MON_R3_H2,MON,3,heat,"Wed, Jul 2",12:00 PM,LCM/spatial,Tank_3,PAXgene,2063,Sept 2024 Big,IMG_4424,"Subsampled; half clipped and put into new Paxgene 20260112, other half decalcified and embedded for ST",
MON_S3_H2,MON,3,heat,"Wed, Jul 2",12:00 PM,spatial,Tank_3,Formalin,1650,Big 2023,IMG_4425,In flammable fridge in 70% ethanol,
MON_P3_C1,MON,3,control,"Wed, Jul 2",12:00 PM,phys,Tank_1,LN2,1057,Sept 2024 Big,IMG_4426,In -80 Freezer G Shelf 1; Green mesh bag,
MON_R3_C1,MON,3,control,"Wed, Jul 2",12:00 PM,bulk_rna,Tank_1,DNA/RNA shield,1767,Colony C New,IMG_4427,"Tube In -80 Freezer G Shelf 3, Zoe Rack; RNA sent for bulk RNA-seq 20250909",
MON_R3_C1,MON,3,control,"Wed, Jul 2",12:00 PM,LCM,Tank_1,PAXgene,1767,Colony C New,IMG_4427,In flammable fridge in Paxgene Stabilizer,
MON_S3_C1,MON,3,control,"Wed, Jul 2",12:00 PM,spatial,Tank_1,Formalin,2979,Colony G (2023?),IMG_4428,In flammable fridge in 70% ethanol,Time: 12:53
MON_P12_C1,MON,12,control,"Wed, Jul 2",9:00 PM,phys,Tank_1,LN2,2526,Big 2023,IMG_4430,In -80 Freezer G Shelf 1; Green mesh bag,Time: 21:28
MON_R12_C1,MON,12,control,"Wed, Jul 2",9:00 PM,bulk_rna,Tank_1,DNA/RNA shield,1728,Colony D12,IMG_4431,"Tube In -80 Freezer G Shelf 3, Zoe Rack; RNA sent for bulk RNA-seq 20250909",
MON_R12_C1,MON,12,control,"Wed, Jul 2",9:00 PM,LCM,Tank_1,PAXgene,1728,Colony D12,IMG_4431,In flammable fridge in Paxgene Stabilizer,
MON_S12_C1,MON,12,control,"Wed, Jul 2",9:00 PM,spatial,Tank_1,Formalin,2743,Big 2023,IMG_4432,In flammable fridge in 70% ethanol,
MON_P12_H3,MON,12,heat,"Wed, Jul 2",9:00 PM,phys,Tank_5,LN2,1499,Sept 2024 Big,IMG_4433,In -80 Freezer G Shelf 1; Green mesh bag,
MON_R12_H3,MON,12,heat,"Wed, Jul 2",9:00 PM,bulk_rna,Tank_5,DNA/RNA shield,1409,Sept 2024 Big,IMG_4434,"Tube In -80 Freezer G Shelf 3, Zoe Rack; RNA sent for bulk RNA-seq 20250909",
MON_R12_H3,MON,12,heat,"Wed, Jul 2",9:00 PM,LCM,Tank_5,PAXgene,1409,Sept 2024 Big,IMG_4434,In flammable fridge in Paxgene Stabilizer,
MON_S12_H3,MON,12,heat,"Wed, Jul 2",9:00 PM,spatial,Tank_5,Formalin,1826,Sept 2024 Big,IMG_4435,In flammable fridge in 70% ethanol,
MON_P12_H1,MON,12,heat,"Wed, Jul 2",9:00 PM,phys,Tank_2,LN2,1716,Sept 2024 Big,IMG_4436,In -80 Freezer G Shelf 1; Green mesh bag,
MON_R12_H1,MON,12,heat,"Wed, Jul 2",9:00 PM,bulk_rna,Tank_2,DNA/RNA shield,1105,Big 2023,IMG_4437,"Tube In -80 Freezer G Shelf 3, Zoe Rack; RNA sent for bulk RNA-seq 20250909",
MON_R12_H1,MON,12,heat,"Wed, Jul 2",9:00 PM,LCM,Tank_2,PAXgene,1105,Big 2023,IMG_4437,In flammable fridge in Paxgene Stabilizer,
MON_S12_H1,MON,12,heat,"Wed, Jul 2",9:00 PM,spatial,Tank_2,Formalin,2297,Sept 2024 Big,IMG_4438,In flammable fridge in 70% ethanol,
MON_P12_C2,MON,12,control,"Wed, Jul 2",9:00 PM,phys,Tank_4,LN2,1573,Colony G (2023?),IMG_4439,In -80 Freezer G Shelf 1; Green mesh bag,Time: 21:41
MON_R12_C2,MON,12,control,"Wed, Jul 2",9:00 PM,bulk_rna,Tank_4,DNA/RNA shield,1774,Big 2023,IMG_4440,"Tube In -80 Freezer G Shelf 3, Zoe Rack; RNA sent for bulk RNA-seq 20250909",
MON_R12_C2,MON,12,control,"Wed, Jul 2",9:00 PM,LCM,Tank_4,PAXgene,1774,Big 2023,IMG_4440,In flammable fridge in Paxgene Stabilizer,
MON_S12_C2,MON,12,control,"Wed, Jul 2",9:00 PM,spatial,Tank_4,Formalin,1578,Colony C New,IMG_4441,In flammable fridge in 70% ethanol,
MON_P12_C3,MON,12,control,"Wed, Jul 2",9:00 PM,phys,Tank_6,LN2,2168,Colony G (2023?),IMG_4442,In -80 Freezer G Shelf 1; Green mesh bag,
MON_R12_C3,MON,12,control,"Wed, Jul 2",9:00 PM,bulk_rna,Tank_6,DNA/RNA shield,1238,Unknown 1 (2023/2024),IMG_4443,"Tube In -80 Freezer G Shelf 3, Zoe Rack; RNA sent for bulk RNA-seq 20250909",
MON_R12_C3,MON,12,control,"Wed, Jul 2",9:00 PM,LCM,Tank_6,PAXgene,1238,Unknown 1 (2023/2024),IMG_4443,In flammable fridge in Paxgene Stabilizer,
MON_S12_C3,MON,12,control,"Wed, Jul 2",9:00 PM,spatial,Tank_6,Formalin,1572,Big 2023,IMG_4444,In flammable fridge in 70% ethanol,
MON_P12_H2,MON,12,heat,"Wed, Jul 2",9:00 PM,phys,Tank_3,LN2,1488,Sept 2024 Big,IMG_4445,In -80 Freezer G Shelf 1; Green mesh bag,
MON_R12_H2,MON,12,heat,"Wed, Jul 2",9:00 PM,bulk_rna,Tank_3,DNA/RNA shield,1226,Sept 2024 Big,IMG_4446,"Tube In -80 Freezer G Shelf 3, Zoe Rack; RNA sent for bulk RNA-seq 20250909",
MON_R12_H2,MON,12,heat,"Wed, Jul 2",9:00 PM,LCM,Tank_3,PAXgene,1226,Sept 2024 Big,IMG_4446,In flammable fridge in Paxgene Stabilizer,
MON_S12_H2,MON,12,heat,"Wed, Jul 2",9:00 PM,spatial,Tank_3,Formalin,2853,Big 2023,IMG_4447,In flammable fridge in 70% ethanol,Time: 21:54
MON_P24_C2,MON,24,control,"Thu, Jul 3",9:00 AM,phys,Tank_4,LN2,1342,Colony G (2023?),IMG_4449,In -80 Freezer G Shelf 1; Green mesh bag,Time: 9:32
MON_R24_C2,MON,24,control,"Thu, Jul 3",9:00 AM,bulk_rna,Tank_4,DNA/RNA shield,1706,Sept 2024 Big,IMG_4450,"Tube In -80 Freezer G Shelf 3, Zoe Rack; RNA sent for bulk RNA-seq 20250909",
MON_R24_C2,MON,24,control,"Thu, Jul 3",9:00 AM,LCM,Tank_4,PAXgene,1706,Sept 2024 Big,IMG_4450,In flammable fridge in Paxgene Stabilizer,
MON_S24_C2,MON,24,control,"Thu, Jul 3",9:00 AM,spatial,Tank_4,Formalin,1483,Big 2023,IMG_4451,In flammable fridge in 70% ethanol,
MON_P24_H2,MON,24,heat,"Thu, Jul 3",9:00 AM,phys,Tank_3,LN2,1154,Colony G (2023?),IMG_4452,In -80 Freezer G Shelf 1; Green mesh bag,
MON_R24_H2,MON,24,heat,"Thu, Jul 3",9:00 AM,bulk_rna,Tank_3,DNA/RNA shield,1652,Unknown 1 (2023/2024),IMG_4453,"Tube In -80 Freezer G Shelf 3, Zoe Rack; RNA sent for bulk RNA-seq 20250909",
MON_R24_H2,MON,24,heat,"Thu, Jul 3",9:00 AM,LCM,Tank_3,PAXgene,1652,Unknown 1 (2023/2024),IMG_4453,In flammable fridge in Paxgene Stabilizer,
MON_S24_H2,MON,24,heat,"Thu, Jul 3",9:00 AM,spatial,Tank_3,Formalin,2520,Sept 2024 Big,IMG_4454,In flammable fridge in 70% ethanol,
MON_P24_H3,MON,24,heat,"Thu, Jul 3",9:00 AM,phys,Tank_5,LN2,1088,Colony G (2023?),IMG_4455,In -80 Freezer G Shelf 1; Green mesh bag,
MON_R24_H3,MON,24,heat,"Thu, Jul 3",9:00 AM,bulk_rna,Tank_5,DNA/RNA shield,2860,Big 2023,IMG_4456,"Tube In -80 Freezer G Shelf 3, Zoe Rack; RNA sent for bulk RNA-seq 20250909",
MON_R24_H3,MON,24,heat,"Thu, Jul 3",9:00 AM,LCM,Tank_5,PAXgene,2860,Big 2023,IMG_4456,In flammable fridge in Paxgene Stabilizer,
MON_S24_H3,MON,24,heat,"Thu, Jul 3",9:00 AM,spatial,Tank_5,Formalin,2082,Colony G1,IMG_4457,In flammable fridge in 70% ethanol,
MON_P24_C3,MON,24,control,"Thu, Jul 3",9:00 AM,phys,Tank_6,LN2,1280,Big 2023,IMG_4458,In -80 Freezer G Shelf 1; Green mesh bag,Time: 9:39
MON_R24_C3,MON,24,control,"Thu, Jul 3",9:00 AM,bulk_rna,Tank_6,DNA/RNA shield,1214,Colony D12,IMG_4459,"Tube In -80 Freezer G Shelf 3, Zoe Rack; RNA sent for bulk RNA-seq 20250909",
MON_R24_C3,MON,24,control,"Thu, Jul 3",9:00 AM,LCM,Tank_6,PAXgene,1214,Colony D12,IMG_4459,In flammable fridge in Paxgene Stabilizer,
MON_S24_C3,MON,24,control,"Thu, Jul 3",9:00 AM,spatial,Tank_6,Formalin,1620,Sept 2024 Big,IMG_4460,In flammable fridge in 70% ethanol,
MON_P24_C1,MON,24,control,"Thu, Jul 3",9:00 AM,phys,Tank_1,LN2,2566,Sept 2024 Big,IMG_4461,In -80 Freezer G Shelf 1; Green mesh bag,
MON_R24_C1,MON,24,control,"Thu, Jul 3",9:00 AM,bulk_rna,Tank_1,DNA/RNA shield,2667,Colony C (2023),IMG_4462,"Tube In -80 Freezer G Shelf 3, Zoe Rack; RNA sent for bulk RNA-seq 20250909",
MON_R24_C1,MON,24,control,"Thu, Jul 3",9:00 AM,LCM,Tank_1,PAXgene,2667,Colony C (2023),IMG_4462,In flammable fridge in Paxgene Stabilizer,
MON_S24_C1,MON,24,control,"Thu, Jul 3",9:00 AM,spatial,Tank_1,Formalin,2013,Sept 2024 Big,IMG_4463,In flammable fridge in 70% ethanol,
MON_P24_H1,MON,24,heat,"Thu, Jul 3",9:00 AM,phys,Tank_2,LN2,1601,Big 2023,IMG_4464,In -80 Freezer G Shelf 1; Green mesh bag,
MON_R24_H1,MON,24,heat,"Thu, Jul 3",9:00 AM,bulk_rna,Tank_2,DNA/RNA shield,2529,Sept 2024 Big,IMG_4465,"Tube In -80 Freezer G Shelf 3, Zoe Rack; RNA sent for bulk RNA-seq 20250909",
MON_R24_H1,MON,24,heat,"Thu, Jul 3",9:00 AM,LCM,Tank_2,PAXgene,2529,Sept 2024 Big,IMG_4465,In flammable fridge in Paxgene Stabilizer,
MON_S24_H1,MON,24,heat,"Thu, Jul 3",9:00 AM,spatial,Tank_2,Formalin,1312,Unknown 1 (2023/2024),IMG_4466,In flammable fridge in 70% ethanol,Time: 9:47
MON_P72_C2,MON,72,control,"Sat, Jul 5",9:00 AM,phys,Tank_4,LN2,1541,Colony D12,IMG_4468,In -80 Freezer G Shelf 1; Green mesh bag,Time: 9:37
MON_R72_C2,MON,72,control,"Sat, Jul 5",9:00 AM,bulk_rna,Tank_4,DNA/RNA shield,1646,Colony G1,IMG_4470,"Tube In -80 Freezer G Shelf 3, Zoe Rack; RNA sent for bulk RNA-seq 20250909",
MON_R72_C2,MON,72,control,"Sat, Jul 5",9:00 AM,LCM,Tank_4,PAXgene,1646,Colony G1,IMG_4470,In flammable fridge in Paxgene Stabilizer,
MON_S72_C2,MON,72,control,"Sat, Jul 5",9:00 AM,spatial,Tank_4,Formalin,2202,Colony C New,IMG_4472,In flammable fridge in 70% ethanol,recorded incorrectly as 2203
MON_P72_H2,MON,72,heat,"Sat, Jul 5",9:00 AM,phys,Tank_3,LN2,2086,Colony G (2023?),IMG_4474,In -80 Freezer G Shelf 1; Green mesh bag,"polyps pigmented, but rest of tissue is bleached or sloughing off. possibly dead"
MON_R72_H2,MON,72,heat,"Sat, Jul 5",9:00 AM,bulk_rna,Tank_3,DNA/RNA shield,2068,Big 2023,IMG_4480,"Tube In -80 Freezer G Shelf 3, Zoe Rack; RNA sent for bulk RNA-seq 20250909",very bleached
MON_R72_H2,MON,72,heat,"Sat, Jul 5",9:00 AM,LCM,Tank_3,PAXgene,2068,Big 2023,IMG_4480,In flammable fridge in Paxgene Stabilizer,very bleached
MON_S72_H2,MON,72,heat,"Sat, Jul 5",9:00 AM,spatial,Tank_3,Formalin,2002,Big 2023,IMG_4484,In flammable fridge in 70% ethanol,looks very dead
MON_P72_C3,MON,72,control,"Sat, Jul 5",9:00 AM,phys,Tank_6,LN2,1731,Sept 2024 Big,IMG_4489,In -80 Freezer G Shelf 1; Green mesh bag,
MON_R72_C3,MON,72,control,"Sat, Jul 5",9:00 AM,bulk_rna,Tank_6,DNA/RNA shield,1724,Colony C (2023),IMG_4492,"Tube In -80 Freezer G Shelf 3, Zoe Rack; RNA sent for bulk RNA-seq 20250909",
MON_R72_C3,MON,72,control,"Sat, Jul 5",9:00 AM,LCM,Tank_6,PAXgene,1724,Colony C (2023),IMG_4492,In flammable fridge in Paxgene Stabilizer,
MON_S72_C3,MON,72,control,"Sat, Jul 5",9:00 AM,spatial,Tank_6,Formalin,1188,Colony D12,IMG_4496,In flammable fridge in 70% ethanol,
MON_P72_C1,MON,72,control,"Sat, Jul 5",9:00 AM,phys,Tank_1,LN2,1589,Sept 2024 Big,IMG_4499,In -80 Freezer G Shelf 1; Green mesh bag,Time:
MON_R72_C1,MON,72,control,"Sat, Jul 5",9:00 AM,bulk_rna,Tank_1,DNA/RNA shield,1687,Big 2023,IMG_4503,"Tube In -80 Freezer G Shelf 3, Zoe Rack; RNA sent for bulk RNA-seq 20250909",
MON_R72_C1,MON,72,control,"Sat, Jul 5",9:00 AM,LCM,Tank_1,PAXgene,1687,Big 2023,IMG_4503,In flammable fridge in Paxgene Stabilizer,
MON_S72_C1,MON,72,control,"Sat, Jul 5",9:00 AM,spatial,Tank_1,Formalin,2523,Unknown 1 (2023/2024),IMG_4506,In flammable fridge in 70% ethanol,
MON_P72_H1,MON,72,heat,"Sat, Jul 5",9:00 AM,phys,Tank_2,LN2,1039,Colony G (2023?),IMG_4509,In -80 Freezer G Shelf 1; Green mesh bag,"tissue sloughing off, parts still alive"
MON_R72_H1,MON,72,heat,"Sat, Jul 5",9:00 AM,bulk_rna,Tank_2,DNA/RNA shield,2182,Big 2023,IMG_4516,"Tube In -80 Freezer G Shelf 3, Zoe Rack; RNA sent for bulk RNA-seq 20250909",bleached
MON_R72_H1,MON,72,heat,"Sat, Jul 5",9:00 AM,LCM,Tank_2,PAXgene,2182,Big 2023,IMG_4516,In flammable fridge in Paxgene Stabilizer,bleached
MON_S72_H1,MON,72,heat,"Sat, Jul 5",9:00 AM,spatial,Tank_2,Formalin,1324,Big 2023,IMG_4520,In flammable fridge in 70% ethanol,
MON_P72_H3,MON,72,heat,"Sat, Jul 5",9:00 AM,phys,Tank_5,LN2,1314,Colony C (2023),IMG_4524,In -80 Freezer G Shelf 1; Green mesh bag,a couple areas of tissue loss
MON_R72_H3,MON,72,heat,"Sat, Jul 5",9:00 AM,bulk_rna,Tank_5,DNA/RNA shield,1596,Sept 2024 Big,IMG_4527,"Tube In -80 Freezer G Shelf 3, Zoe Rack; RNA sent for bulk RNA-seq 20250909",
MON_R72_H3,MON,72,heat,"Sat, Jul 5",9:00 AM,LCM,Tank_5,PAXgene,1596,Sept 2024 Big,IMG_4527,In flammable fridge in Paxgene Stabilizer,
MON_S72_H3,MON,72,heat,"Sat, Jul 5",9:00 AM,spatial,Tank_5,Formalin,2018,Sept 2024 Big,IMG_4530,In flammable fridge in 70% ethanol,Time: 10:01
MON_P120_H3,MON,120,heat,"Mon, Jul 7",9:00 AM,phys,Tank_5,LN2,1549,Colony C New,IMG_4533,In -80 Freezer G Shelf 1; Green mesh bag,Time: 9:50
MON_R120_H3,MON,120,heat,"Mon, Jul 7",9:00 AM,bulk_rna,Tank_5,DNA/RNA shield,1636,Colony C (2023),IMG_4534,"Tube In -80 Freezer G Shelf 3, Zoe Rack; RNA sent for bulk RNA-seq 20250909",
MON_R120_H3,MON,120,heat,"Mon, Jul 7",9:00 AM,LCM,Tank_5,PAXgene,1636,Colony C (2023),IMG_4534,Decalc 20250910,
MON_S120_H3,MON,120,heat,"Mon, Jul 7",9:00 AM,spatial,Tank_5,Formalin,1272,Sept 2024 Big,IMG_4535,In flammable fridge in 70% ethanol,
MON_P120_H2,MON,120,heat,"Mon, Jul 7",9:00 AM,phys,Tank_3,LN2,1458,Sept 2024 Big,IMG_4536,In -80 Freezer G Shelf 1; Green mesh bag,
MON_R120_H2,MON,120,heat,"Mon, Jul 7",9:00 AM,bulk_rna,Tank_3,DNA/RNA shield,2512,Sept 2024 Big,IMG_4537,"Tube In -80 Freezer G Shelf 3, Zoe Rack; RNA sent for bulk RNA-seq 20250909",
MON_R120_H2,MON,120,heat,"Mon, Jul 7",9:00 AM,LCM,Tank_3,PAXgene,2512,Sept 2024 Big,IMG_4537,In flammable fridge in Paxgene Stabilizer,
MON_S120_H2,MON,120,heat,"Mon, Jul 7",9:00 AM,spatial,Tank_3,Formalin,1770,Colony C (2023),IMG_4538,In flammable fridge in 70% ethanol,
MON_P120_C2,MON,120,control,"Mon, Jul 7",9:00 AM,phys,Tank_4,LN2,2852,Colony C (2023),IMG_4539,In -80 Freezer G Shelf 1; Green mesh bag,
MON_R120_C2,MON,120,control,"Mon, Jul 7",9:00 AM,bulk_rna,Tank_4,DNA/RNA shield,1182,Sept 2024 Big,IMG_4540,"Tube In -80 Freezer G Shelf 3, Zoe Rack; RNA sent for bulk RNA-seq 20250909",
MON_R120_C2,MON,120,control,"Mon, Jul 7",9:00 AM,LCM,Tank_4,PAXgene,1182,Sept 2024 Big,IMG_4540,In flammable fridge in Paxgene Stabilizer,
MON_S120_C2,MON,120,control,"Mon, Jul 7",9:00 AM,spatial,Tank_4,Formalin,1561,Colony G (2023?),IMG_4541,In flammable fridge in 70% ethanol,
MON_P120_H1,MON,120,heat,"Mon, Jul 7",9:00 AM,phys,Tank_2,LN2,2084,Sept 2024 Big,IMG_4542,In -80 Freezer G Shelf 1; Green mesh bag,Time: 10:01
MON_R120_H1,MON,120,heat,"Mon, Jul 7",9:00 AM,bulk_rna,Tank_2,DNA/RNA shield,1607,Colony C New,IMG_4543,"Tube In -80 Freezer G Shelf 3, Zoe Rack; RNA sent for bulk RNA-seq 20250909",
MON_R120_H1,MON,120,heat,"Mon, Jul 7",9:00 AM,LCM,Tank_2,PAXgene,1607,Colony C New,IMG_4543,In flammable fridge in Paxgene Stabilizer,
MON_S120_H1,MON,120,heat,"Mon, Jul 7",9:00 AM,spatial,Tank_2,Formalin,2876,Colony D12,IMG_4544,In flammable fridge in 70% ethanol,
MON_P120_C3,MON,120,control,"Mon, Jul 7",9:00 AM,phys,Tank_6,LN2,1041,Colony G1,IMG_4545,In -80 Freezer G Shelf 1; Green mesh bag,
MON_R120_C3,MON,120,control,"Mon, Jul 7",9:00 AM,bulk_rna,Tank_6,DNA/RNA shield,2736,Sept 2024 Big,IMG_4546,"Tube In -80 Freezer G Shelf 3, Zoe Rack; RNA sent for bulk RNA-seq 20250909",
MON_R120_C3,MON,120,control,"Mon, Jul 7",9:00 AM,LCM,Tank_6,PAXgene,2736,Sept 2024 Big,IMG_4546,In flammable fridge in Paxgene Stabilizer,
MON_S120_C3,MON,120,control,"Mon, Jul 7",9:00 AM,spatial,Tank_6,Formalin,1431,Sept 2024 Big,IMG_4547,In flammable fridge in 70% ethanol,
MON_P120_C1,MON,120,control,"Mon, Jul 7",9:00 AM,phys,Tank_1,LN2,1108,Colony G (2023?),IMG_4548,In -80 Freezer G Shelf 1; Green mesh bag,
MON_R120_C1,MON,120,control,"Mon, Jul 7",9:00 AM,bulk_rna,Tank_1,DNA/RNA shield,1582,Big 2023,IMG_4549,"Tube In -80 Freezer G Shelf 3, Zoe Rack; RNA sent for bulk RNA-seq 20250909",
MON_R120_C1,MON,120,control,"Mon, Jul 7",9:00 AM,LCM,Tank_1,PAXgene,1582,Big 2023,IMG_4549,In flammable fridge in Paxgene Stabilizer,
MON_S120_C1,MON,120,control,"Mon, Jul 7",9:00 AM,spatial,Tank_1,Formalin,1692,Sept 2024 Big,IMG_4550,In flammable fridge in 70% ethanol,Time: 10:09
MON_PAM_1739,MON,120,control,"Mon, Jul 7",9:00 AM,phys_PAM,Tank_1,LN2,1739,Sept 2024 Big,IMG_4551,In -80 Freezer G Shelf 1; Green mesh bag,Time: 10:12
MON_PAM_1252,MON,120,control,"Mon, Jul 7",9:00 AM,phys_PAM,Tank_1,LN2,1252,Colony D11,IMG_4552,In -80 Freezer G Shelf 1; Green mesh bag,
MON_PAM_1250,MON,120,control,"Mon, Jul 7",9:00 AM,phys_PAM,Tank_1,LN2,1250,Big 2023,IMG_4553,In -80 Freezer G Shelf 1; Green mesh bag,
MON_PAM_1211,MON,120,heat,"Mon, Jul 7",9:00 AM,phys_PAM,Tank_2,LN2,1211,Colony C (2023),IMG_4554,In -80 Freezer G Shelf 1; Green mesh bag,Time: 10:15
MON_PAM_1248,MON,120,heat,"Mon, Jul 7",9:00 AM,phys_PAM,Tank_2,LN2,1248,Sept 2024 Big,IMG_4555,In -80 Freezer G Shelf 1; Green mesh bag,
MON_PAM_1494,MON,120,heat,"Mon, Jul 7",9:00 AM,phys_PAM,Tank_2,LN2,1494,Colony G (2023?),IMG_4556,In -80 Freezer G Shelf 1; Green mesh bag,
MON_PAM_1339,MON,120,heat,"Mon, Jul 7",9:00 AM,phys_PAM,Tank_3,LN2,1339,Colony C New,IMG_4557,In -80 Freezer G Shelf 1; Green mesh bag,Time: 10:18
MON_PAM_1113,MON,120,heat,"Mon, Jul 7",9:00 AM,phys_PAM,Tank_3,LN2,1113,Sept 2024 Big,IMG_4558,In -80 Freezer G Shelf 1; Green mesh bag,
MON_PAM_1597,MON,120,heat,"Mon, Jul 7",9:00 AM,phys_PAM,Tank_3,LN2,1597,Colony D11,IMG_4559,In -80 Freezer G Shelf 1; Green mesh bag,
MON_PAM_1056,MON,120,control,"Mon, Jul 7",9:00 AM,phys_PAM,Tank_4,LN2,1056,Colony G (2023?),IMG_4560,In -80 Freezer G Shelf 1; Green mesh bag,Time: 10:21
MON_PAM_1461,MON,120,control,"Mon, Jul 7",9:00 AM,phys_PAM,Tank_4,LN2,1461,Big 2023,IMG_4561,In -80 Freezer G Shelf 1; Green mesh bag,
MON_PAM_2360,MON,120,control,"Mon, Jul 7",9:00 AM,phys_PAM,Tank_4,LN2,2360,Sept 2024 Big,IMG_4562,In -80 Freezer G Shelf 1; Green mesh bag,
MON_PAM_1441,MON,120,heat,"Mon, Jul 7",9:00 AM,phys_PAM,Tank_5,LN2,1441,Big 2023,IMG_4563,In -80 Freezer G Shelf 1; Green mesh bag,Time: 10:25
MON_PAM_1560,MON,120,heat,"Mon, Jul 7",9:00 AM,phys_PAM,Tank_5,LN2,1560,Sept 2024 Big,IMG_4564,In -80 Freezer G Shelf 1; Green mesh bag,
MON_PAM_1086,MON,120,heat,"Mon, Jul 7",9:00 AM,phys_PAM,Tank_5,LN2,1086,Unknown 1 (2023/2024),IMG_4565,In -80 Freezer G Shelf 1; Green mesh bag,
MON_PAM_1563,MON,120,control,"Mon, Jul 7",9:00 AM,phys_PAM,Tank_6,LN2,1563,Unknown 1 (2023/2024),IMG_4566,In -80 Freezer G Shelf 1; Green mesh bag,Time: 10:29
MON_PAM_1631,MON,120,control,"Mon, Jul 7",9:00 AM,phys_PAM,Tank_6,LN2,1631,Sept 2024 Big,IMG_4567,In -80 Freezer G Shelf 1; Green mesh bag,
MON_PAM_1472,MON,120,control,"Mon, Jul 7",9:00 AM,phys_PAM,Tank_6,LN2,1472,Colony C New,IMG_4568,In -80 Freezer G Shelf 1; Green mesh bag,Time: 10:31
POC_P0_H3,POC,0,heat,"Wed, Jul 9",9:00 AM, phys,Tank_5,LN2,2405,CBLS_POC,IMG_4570,In -80 Freezer G Shelf 1; Light blue mesh bag,Time: 9:22
POC_R0_H3,POC,0,heat,"Wed, Jul 9",9:00 AM,bulk_rna,Tank_5,DNA/RNA shield,1290,CBLS_POC,IMG_4571,"Tube In -80 Freezer G Shelf 3, Zoe Rack; RNA sent for bulk RNA-seq 20250909",
POC_R0_H3,POC,0,heat,"Wed, Jul 9",9:00 AM,LCM,Tank_5,PAXgene,1290,CBLS_POC,IMG_4571,In flammable fridge in Paxgene Stabilizer,
POC_S0_H3,POC,0,heat,"Wed, Jul 9",9:00 AM,spatial,Tank_5,Formalin,1455,CBLS_POC,IMG_4572,In flammable fridge in 70% ethanol,
POC_P0_H1,POC,0,heat,"Wed, Jul 9",9:00 AM, phys,Tank_2,LN2,1621,CBLS_POC,IMG_4573,In -80 Freezer G Shelf 1; Light blue mesh bag,
POC_R0_H1,POC,0,heat,"Wed, Jul 9",9:00 AM,bulk_rna,Tank_2,DNA/RNA shield,2060,CBLS_POC,IMG_4574,"Tube In -80 Freezer G Shelf 3, Zoe Rack; RNA sent for bulk RNA-seq 20250909",
POC_R0_H1,POC,0,heat,"Wed, Jul 9",9:00 AM,LCM,Tank_2,PAXgene,2060,CBLS_POC,IMG_4574,In flammable fridge in Paxgene Stabilizer,
POC_S0_H1,POC,0,heat,"Wed, Jul 9",9:00 AM,spatial,Tank_2,Formalin,2079,CBLS_POC,IMG_4575,In flammable fridge in 70% ethanol,
POC_P0_H2,POC,0,heat,"Wed, Jul 9",9:00 AM, phys,Tank_3,LN2,1066,CBLS_POC,IMG_4576,In -80 Freezer G Shelf 1; Light blue mesh bag,
POC_R0_H2,POC,0,heat,"Wed, Jul 9",9:00 AM,bulk_rna,Tank_3,DNA/RNA shield,1533,CBLS_POC,IMG_4577,"Tube In -80 Freezer G Shelf 3, Zoe Rack; RNA sent for bulk RNA-seq 20250909",
POC_R0_H2,POC,0,heat,"Wed, Jul 9",9:00 AM,LCM,Tank_3,PAXgene,1533,CBLS_POC,IMG_4577,In flammable fridge in Paxgene Stabilizer,
POC_S0_H2,POC,0,heat,"Wed, Jul 9",9:00 AM,spatial,Tank_3,Formalin,1219,CBLS_POC,IMG_4578,In flammable fridge in 70% ethanol,
POC_P0_C3,POC,0,control,"Wed, Jul 9",9:00 AM, phys,Tank_6,LN2,1771,CBLS_POC,IMG_4579,In -80 Freezer G Shelf 1; Light blue mesh bag,Time: 9:37
POC_R0_C3,POC,0,control,"Wed, Jul 9",9:00 AM,bulk_rna,Tank_6,DNA/RNA shield,1439,CBLS_POC,IMG_4580,"Tube In -80 Freezer G Shelf 3, Zoe Rack; RNA sent for bulk RNA-seq 20250909",
POC_R0_C3,POC,0,control,"Wed, Jul 9",9:00 AM,LCM,Tank_6,PAXgene,1439,CBLS_POC,IMG_4580,Decalc 20250910,
POC_S0_C3,POC,0,control,"Wed, Jul 9",9:00 AM,spatial,Tank_6,Formalin,1337,CBLS_POC,IMG_4581,In flammable fridge in 70% ethanol,
POC_P0_C2,POC,0,control,"Wed, Jul 9",9:00 AM, phys,Tank_4,LN2,2404,CBLS_POC,IMG_4582,In -80 Freezer G Shelf 1; Light blue mesh bag,
POC_R0_C2,POC,0,control,"Wed, Jul 9",9:00 AM,bulk_rna,Tank_4,DNA/RNA shield,1315,CBLS_POC,IMG_4583,"Tube In -80 Freezer G Shelf 3, Zoe Rack; RNA sent for bulk RNA-seq 20250909",
POC_R0_C2,POC,0,control,"Wed, Jul 9",9:00 AM,LCM,Tank_4,PAXgene,1315,CBLS_POC,IMG_4583,In flammable fridge in Paxgene Stabilizer,
POC_S0_C2,POC,0,control,"Wed, Jul 9",9:00 AM,spatial,Tank_4,Formalin,1065,CBLS_POC,IMG_4584,In flammable fridge in 70% ethanol,
POC_P0_C1,POC,0,control,"Wed, Jul 9",9:00 AM, phys,Tank_1,LN2,1495,CBLS_POC,IMG_4585,In -80 Freezer G Shelf 1; Light blue mesh bag,
POC_R0_C1,POC,0,control,"Wed, Jul 9",9:00 AM,bulk_rna,Tank_1,DNA/RNA shield,1537,CBLS_POC,IMG_4586,"Tube In -80 Freezer G Shelf 3, Zoe Rack; RNA sent for bulk RNA-seq 20250909",
POC_R0_C1,POC,0,control,"Wed, Jul 9",9:00 AM,LCM,Tank_1,PAXgene,1537,CBLS_POC,IMG_4586,In flammable fridge in Paxgene Stabilizer,
POC_S0_C1,POC,0,control,"Wed, Jul 9",9:00 AM,spatial,Tank_1,Formalin,1254,CBLS_POC,IMG_4587,In flammable fridge in 70% ethanol,Time: 9:42
POC_P1_H2,POC,1,heat,"Wed, Jul 9",10:00 AM, phys,Tank_3,LN2,1234,CBLS_POC,IMG_4589,In -80 Freezer G Shelf 1; Light blue mesh bag,Time: 10:36
POC_R1_H2,POC,1,heat,"Wed, Jul 9",10:00 AM,bulk_rna,Tank_3,DNA/RNA shield,2737,CBLS_POC,IMG_4590,"Tube In -80 Freezer G Shelf 3, Zoe Rack; RNA sent for bulk RNA-seq 20250909",
POC_R1_H2,POC,1,heat,"Wed, Jul 9",10:00 AM,LCM,Tank_3,PAXgene,2737,CBLS_POC,IMG_4590,In flammable fridge in Paxgene Stabilizer,
POC_S1_H2,POC,1,heat,"Wed, Jul 9",10:00 AM,spatial,Tank_3,Formalin,2026,CBLS_POC,IMG_4591,In flammable fridge in 70% ethanol,
POC_P1_C2,POC,1,control,"Wed, Jul 9",10:00 AM, phys,Tank_4,LN2,1295,CBLS_POC,IMG_4592,In -80 Freezer G Shelf 1; Light blue mesh bag,
POC_R1_C2,POC,1,control,"Wed, Jul 9",10:00 AM,bulk_rna,Tank_4,DNA/RNA shield,1123,CBLS_POC,IMG_4593,"Tube In -80 Freezer G Shelf 3, Zoe Rack; RNA sent for bulk RNA-seq 20250909",
POC_R1_C2,POC,1,control,"Wed, Jul 9",10:00 AM,LCM,Tank_4,PAXgene,1123,CBLS_POC,IMG_4593,In flammable fridge in Paxgene Stabilizer,
POC_S1_C2,POC,1,control,"Wed, Jul 9",10:00 AM,spatial,Tank_4,Formalin,2073,CBLS_POC,IMG_4594,In flammable fridge in 70% ethanol,
POC_P1_H3,POC,1,heat,"Wed, Jul 9",10:00 AM, phys,Tank_5,LN2,2984,CBLS_POC,IMG_4595,In -80 Freezer G Shelf 1; Light blue mesh bag,
POC_R1_H3,POC,1,heat,"Wed, Jul 9",10:00 AM,bulk_rna,Tank_5,DNA/RNA shield,1177,CBLS_POC,IMG_4596,"Tube In -80 Freezer G Shelf 3, Zoe Rack; RNA sent for bulk RNA-seq 20250909",
POC_R1_H3,POC,1,heat,"Wed, Jul 9",10:00 AM,LCM,Tank_5,PAXgene,1177,CBLS_POC,IMG_4596,In flammable fridge in Paxgene Stabilizer,
POC_S1_H3,POC,1,heat,"Wed, Jul 9",10:00 AM,spatial,Tank_5,Formalin,1554,CBLS_POC,IMG_4597,In flammable fridge in 70% ethanol,
POC_P1_C1,POC,1,control,"Wed, Jul 9",10:00 AM, phys,Tank_1,LN2,1749,CBLS_POC,IMG_4598,In -80 Freezer G Shelf 1; Light blue mesh bag,Time: 10:45
POC_R1_C1,POC,1,control,"Wed, Jul 9",10:00 AM,bulk_rna,Tank_1,DNA/RNA shield,1118,CBLS_POC,IMG_4599,"Tube In -80 Freezer G Shelf 3, Zoe Rack; RNA sent for bulk RNA-seq 20250909",
POC_R1_C1,POC,1,control,"Wed, Jul 9",10:00 AM,LCM,Tank_1,PAXgene,1118,CBLS_POC,IMG_4599,In flammable fridge in Paxgene Stabilizer,
POC_S1_C1,POC,1,control,"Wed, Jul 9",10:00 AM,spatial,Tank_1,Formalin,2742,CBLS_POC,IMG_4600,In flammable fridge in 70% ethanol,
POC_P1_H1,POC,1,heat,"Wed, Jul 9",10:00 AM, phys,Tank_2,LN2,2376,CBLS_POC,IMG_4601,In -80 Freezer G Shelf 1; Light blue mesh bag,
POC_R1_H1,POC,1,heat,"Wed, Jul 9",10:00 AM,bulk_rna,Tank_2,DNA/RNA shield,2372,CBLS_POC,IMG_4602,"Tube In -80 Freezer G Shelf 3, Zoe Rack; RNA sent for bulk RNA-seq 20250909",NOTE: PAXgene and Formalin sample are from the same plug; DNA/RNA shield sample from different plug
POC_R1_H1,POC,1,heat,"Wed, Jul 9",10:00 AM,LCM,Tank_2,PAXgene,1616,CBLS_POC,IMG_4603,In flammable fridge in Paxgene Stabilizer,NOTE: PAXgene and Formalin sample are from the same plug; DNA/RNA shield sample from different plug
POC_S1_H1,POC,1,heat,"Wed, Jul 9",10:00 AM,spatial,Tank_2,Formalin,1616,CBLS_POC,IMG_4603,In flammable fridge in 70% ethanol,NOTE: PAXgene and Formalin sample are from the same plug; DNA/RNA shield sample from different plug
POC_P1_C3,POC,1,control,"Wed, Jul 9",10:00 AM, phys,Tank_6,LN2,1429,CBLS_POC,IMG_4604,In -80 Freezer G Shelf 1; Light blue mesh bag,
POC_R1_C3,POC,1,control,"Wed, Jul 9",10:00 AM,bulk_rna,Tank_6,DNA/RNA shield,1562,CBLS_POC,IMG_4605,"Tube In -80 Freezer G Shelf 3, Zoe Rack; RNA sent for bulk RNA-seq 20250909",
POC_R1_C3,POC,1,control,"Wed, Jul 9",10:00 AM,LCM,Tank_6,PAXgene,1562,CBLS_POC,IMG_4605,In flammable fridge in Paxgene Stabilizer,
POC_S1_C3,POC,1,control,"Wed, Jul 9",10:00 AM,spatial,Tank_6,Formalin,1559,CBLS_POC,IMG_4606,In flammable fridge in 70% ethanol,Time: 10:54
POC_P3_C2,POC,3,control,"Wed, Jul 9",12:00 PM, phys,Tank_4,LN2,2201,CBLS_POC,IMG_4608,In -80 Freezer G Shelf 1; Light blue mesh bag,Time: 12:37
POC_R3_C2,POC,3,control,"Wed, Jul 9",12:00 PM,bulk_rna,Tank_4,DNA/RNA shield,1752,CBLS_POC,IMG_4609,"Tube In -80 Freezer G Shelf 3, Zoe Rack; RNA sent for bulk RNA-seq 20250909",
POC_R3_C2,POC,3,control,"Wed, Jul 9",12:00 PM,LCM/spatial,Tank_4,PAXgene,1752,CBLS_POC,IMG_4609,"Subsampled; half clipped and put into new Paxgene 20260112, other half decalcified and embedded for ST",
POC_S3_C2,POC,3,control,"Wed, Jul 9",12:00 PM,spatial,Tank_4,Formalin,1547,CBLS_POC,IMG_4610,In flammable fridge in 70% ethanol,
POC_P3_H1,POC,3,heat,"Wed, Jul 9",12:00 PM, phys,Tank_2,LN2,1067,CBLS_POC,IMG_4611,In -80 Freezer G Shelf 1; Light blue mesh bag,
POC_R3_H1,POC,3,heat,"Wed, Jul 9",12:00 PM,bulk_rna,Tank_2,DNA/RNA shield,1727,CBLS_POC,IMG_4612,"Tube In -80 Freezer G Shelf 3, Zoe Rack; RNA sent for bulk RNA-seq 20250909",
POC_R3_H1,POC,3,heat,"Wed, Jul 9",12:00 PM,LCM,Tank_2,PAXgene,1727,CBLS_POC,IMG_4612,In flammable fridge in Paxgene Stabilizer,
POC_S3_H1,POC,3,heat,"Wed, Jul 9",12:00 PM,spatial,Tank_2,Formalin,1742,CBLS_POC,IMG_4613,In flammable fridge in 70% ethanol,
POC_P3_C1,POC,3,control,"Wed, Jul 9",12:00 PM, phys,Tank_1,LN2,1150,CBLS_POC,IMG_4614,In -80 Freezer G Shelf 1; Light blue mesh bag,
POC_R3_C1,POC,3,control,"Wed, Jul 9",12:00 PM,bulk_rna,Tank_1,DNA/RNA shield,2869,CBLS_POC,IMG_4615,"Tube In -80 Freezer G Shelf 3, Zoe Rack; RNA sent for bulk RNA-seq 20250909",
POC_R3_C1,POC,3,control,"Wed, Jul 9",12:00 PM,LCM,Tank_1,PAXgene,2869,CBLS_POC,IMG_4615,In flammable fridge in Paxgene Stabilizer,
POC_S3_C1,POC,3,control,"Wed, Jul 9",12:00 PM,spatial,Tank_1,Formalin,1306,CBLS_POC,IMG_4616,In flammable fridge in 70% ethanol,
POC_P3_C3,POC,3,control,"Wed, Jul 9",12:00 PM, phys,Tank_6,LN2,1140,CBLS_POC,IMG_4617,In -80 Freezer G Shelf 1; Light blue mesh bag,Time: 12:47
POC_R3_C3,POC,3,control,"Wed, Jul 9",12:00 PM,bulk_rna,Tank_6,DNA/RNA shield,2378,CBLS_POC,IMG_4619,"Tube In -80 Freezer G Shelf 3, Zoe Rack; RNA sent for bulk RNA-seq 20250909",
POC_R3_C3,POC,3,control,"Wed, Jul 9",12:00 PM,LCM,Tank_6,PAXgene,2378,CBLS_POC,IMG_4619,In flammable fridge in Paxgene Stabilizer,Use second picture
POC_S3_C3,POC,3,control,"Wed, Jul 9",12:00 PM,spatial,Tank_6,Formalin,2208,CBLS_POC,IMG_4620,In flammable fridge in 70% ethanol,
POC_P3_H2,POC,3,heat,"Wed, Jul 9",12:00 PM, phys,Tank_3,LN2,1486,CBLS_POC,IMG_4621,In -80 Freezer G Shelf 1; Light blue mesh bag,
POC_R3_H2,POC,3,heat,"Wed, Jul 9",12:00 PM,bulk_rna,Tank_3,DNA/RNA shield,1615,CBLS_POC,IMG_4622,"Tube In -80 Freezer G Shelf 3, Zoe Rack; RNA sent for bulk RNA-seq 20250909",
POC_R3_H2,POC,3,heat,"Wed, Jul 9",12:00 PM,LCM/spatial,Tank_3,PAXgene,1615,CBLS_POC,IMG_4622,"Subsampled; half clipped and put into new Paxgene 20260112, other half decalcified and embedded for ST",
POC_S3_H2,POC,3,heat,"Wed, Jul 9",12:00 PM,spatial,Tank_3,Formalin,1698,CBLS_POC,IMG_4623,In flammable fridge in 70% ethanol,
POC_P3_H3,POC,3,heat,"Wed, Jul 9",12:00 PM, phys,Tank_5,LN2,1110,CBLS_POC,IMG_4624,In -80 Freezer G Shelf 1; Light blue mesh bag,
POC_R3_H3,POC,3,heat,"Wed, Jul 9",12:00 PM,bulk_rna,Tank_5,DNA/RNA shield,2985,CBLS_POC,IMG_4625,"Tube In -80 Freezer G Shelf 3, Zoe Rack; RNA sent for bulk RNA-seq 20250909",
POC_R3_H3,POC,3,heat,"Wed, Jul 9",12:00 PM,LCM,Tank_5,PAXgene,2985,CBLS_POC,IMG_4625,In flammable fridge in Paxgene Stabilizer,
POC_S3_H3,POC,3,heat,"Wed, Jul 9",12:00 PM,spatial,Tank_5,Formalin,1633,CBLS_POC,IMG_4626,In flammable fridge in 70% ethanol,Time: 12:55
POC_P12_C3,POC,12,control,"Wed, Jul 9",9:00 PM, phys,Tank_6,LN2,1318,CBLS_POC,IMG_4629,In -80 Freezer G Shelf 1; Light blue mesh bag,Time: 21:45
POC_R12_C3,POC,12,control,"Wed, Jul 9",9:00 PM,bulk_rna,Tank_6,DNA/RNA shield,3003,CBLS_POC,IMG_4630,"Tube In -80 Freezer G Shelf 3, Zoe Rack; RNA sent for bulk RNA-seq 20250909",
POC_R12_C3,POC,12,control,"Wed, Jul 9",9:00 PM,LCM,Tank_6,PAXgene,3003,CBLS_POC,IMG_4630,In flammable fridge in Paxgene Stabilizer,
POC_S12_C3,POC,12,control,"Wed, Jul 9",9:00 PM,spatial,Tank_6,Formalin,1244,CBLS_POC,IMG_4631,In flammable fridge in 70% ethanol,
POC_P12_C1,POC,12,control,"Wed, Jul 9",9:00 PM, phys,Tank_1,LN2,2563,CBLS_POC,IMG_4632,In -80 Freezer G Shelf 1; Light blue mesh bag,
POC_R12_C1,POC,12,control,"Wed, Jul 9",9:00 PM,bulk_rna,Tank_1,DNA/RNA shield,1729,CBLS_POC,IMG_4634,"Tube In -80 Freezer G Shelf 3, Zoe Rack; RNA sent for bulk RNA-seq 20250909",
POC_R12_C1,POC,12,control,"Wed, Jul 9",9:00 PM,LCM,Tank_1,PAXgene,1729,CBLS_POC,IMG_4634,In flammable fridge in Paxgene Stabilizer,
POC_S12_C1,POC,12,control,"Wed, Jul 9",9:00 PM,spatial,Tank_1,Formalin,2879,CBLS_POC,IMG_4636,In flammable fridge in 70% ethanol,
POC_P12_H1,POC,12,heat,"Wed, Jul 9",9:00 PM, phys,Tank_2,LN2,2156,CBLS_POC,IMG_4638,In -80 Freezer G Shelf 1; Light blue mesh bag,
POC_R12_H1,POC,12,heat,"Wed, Jul 9",9:00 PM,bulk_rna,Tank_2,DNA/RNA shield,1174,CBLS_POC,IMG_4641,"Tube In -80 Freezer G Shelf 3, Zoe Rack; RNA sent for bulk RNA-seq 20250909",
POC_R12_H1,POC,12,heat,"Wed, Jul 9",9:00 PM,LCM,Tank_2,PAXgene,1174,CBLS_POC,IMG_4641,In flammable fridge in Paxgene Stabilizer,
POC_S12_H1,POC,12,heat,"Wed, Jul 9",9:00 PM,spatial,Tank_2,Formalin,1643,CBLS_POC,IMG_4643,In flammable fridge in 70% ethanol,
POC_P12_H2,POC,12,heat,"Wed, Jul 9",9:00 PM, phys,Tank_3,LN2,1164,CBLS_POC,IMG_4644,In -80 Freezer G Shelf 1; Light blue mesh bag,Time: 21:56
POC_R12_H2,POC,12,heat,"Wed, Jul 9",9:00 PM,bulk_rna,Tank_3,DNA/RNA shield,1470,CBLS_POC,IMG_4645,"Tube In -80 Freezer G Shelf 3, Zoe Rack; RNA sent for bulk RNA-seq 20250909",
POC_R12_H2,POC,12,heat,"Wed, Jul 9",9:00 PM,LCM,Tank_3,PAXgene,1470,CBLS_POC,IMG_4645,In flammable fridge in Paxgene Stabilizer,
POC_S12_H2,POC,12,heat,"Wed, Jul 9",9:00 PM,spatial,Tank_3,Formalin,2368,CBLS_POC,IMG_4646,In flammable fridge in 70% ethanol,
POC_P12_C2,POC,12,control,"Wed, Jul 9",9:00 PM, phys,Tank_4,LN2,1274,CBLS_POC,IMG_4647,In -80 Freezer G Shelf 1; Light blue mesh bag,
POC_R12_C2,POC,12,control,"Wed, Jul 9",9:00 PM,bulk_rna,Tank_4,DNA/RNA shield,1555,CBLS_POC,IMG_4648,"Tube In -80 Freezer G Shelf 3, Zoe Rack; RNA sent for bulk RNA-seq 20250909",
POC_R12_C2,POC,12,control,"Wed, Jul 9",9:00 PM,LCM,Tank_4,PAXgene,1555,CBLS_POC,IMG_4648,In flammable fridge in Paxgene Stabilizer,
POC_S12_C2,POC,12,control,"Wed, Jul 9",9:00 PM,spatial,Tank_4,Formalin,1613,CBLS_POC,IMG_4649,In flammable fridge in 70% ethanol,
POC_P12_H3,POC,12,heat,"Wed, Jul 9",9:00 PM, phys,Tank_5,LN2,2982,CBLS_POC,IMG_4652,In -80 Freezer G Shelf 1; Light blue mesh bag,
POC_R12_H3,POC,12,heat,"Wed, Jul 9",9:00 PM,bulk_rna,Tank_5,DNA/RNA shield,1102,CBLS_POC,IMG_4653,"Tube In -80 Freezer G Shelf 3, Zoe Rack; RNA sent for bulk RNA-seq 20250909",
POC_R12_H3,POC,12,heat,"Wed, Jul 9",9:00 PM,LCM,Tank_5,PAXgene,1102,CBLS_POC,IMG_4653,In flammable fridge in Paxgene Stabilizer,
POC_S12_H3,POC,12,heat,"Wed, Jul 9",9:00 PM,spatial,Tank_5,Formalin,1180,CBLS_POC,IMG_4656,In flammable fridge in 70% ethanol,Time: 22:06
POC_P24_H3,POC,24,heat,"Thu, Jul 10",9:00 AM, phys,Tank_5,LN2,2755,CBLS_POC,IMG_4658,In -80 Freezer G Shelf 1; Light blue mesh bag,Time: 9:32
POC_R24_H3,POC,24,heat,"Thu, Jul 10",9:00 AM,bulk_rna,Tank_5,DNA/RNA shield,1478,CBLS_POC,IMG_4659,"Tube In -80 Freezer G Shelf 3, Zoe Rack; RNA sent for bulk RNA-seq 20250909",
POC_R24_H3,POC,24,heat,"Thu, Jul 10",9:00 AM,LCM,Tank_5,PAXgene,1478,CBLS_POC,IMG_4659,In flammable fridge in Paxgene Stabilizer,
POC_S24_H3,POC,24,heat,"Thu, Jul 10",9:00 AM,spatial,Tank_5,Formalin,2380,CBLS_POC,IMG_4660,In flammable fridge in 70% ethanol,
POC_P24_C2,POC,24,control,"Thu, Jul 10",9:00 AM, phys,Tank_4,LN2,1647,CBLS_POC,IMG_4661,In -80 Freezer G Shelf 1; Light blue mesh bag,
POC_R24_C2,POC,24,control,"Thu, Jul 10",9:00 AM,bulk_rna,Tank_4,DNA/RNA shield,2070,CBLS_POC,IMG_4662,"Tube In -80 Freezer G Shelf 3, Zoe Rack; RNA sent for bulk RNA-seq 20250909",
POC_R24_C2,POC,24,control,"Thu, Jul 10",9:00 AM,LCM,Tank_4,PAXgene,2070,CBLS_POC,IMG_4662,In flammable fridge in Paxgene Stabilizer,
POC_S24_C2,POC,24,control,"Thu, Jul 10",9:00 AM,spatial,Tank_4,Formalin,1242,CBLS_POC,IMG_4663,In flammable fridge in 70% ethanol,
POC_P24_H1,POC,24,heat,"Thu, Jul 10",9:00 AM, phys,Tank_2,LN2,1253,CBLS_POC,IMG_4664,In -80 Freezer G Shelf 1; Light blue mesh bag,
POC_R24_H1,POC,24,heat,"Thu, Jul 10",9:00 AM,bulk_rna,Tank_2,DNA/RNA shield,1734,CBLS_POC,IMG_4665,"Tube In -80 Freezer G Shelf 3, Zoe Rack; RNA sent for bulk RNA-seq 20250909",
POC_R24_H1,POC,24,heat,"Thu, Jul 10",9:00 AM,LCM,Tank_2,PAXgene,1734,CBLS_POC,IMG_4665,In flammable fridge in Paxgene Stabilizer,
POC_S24_H1,POC,24,heat,"Thu, Jul 10",9:00 AM,spatial,Tank_2,Formalin,1094,CBLS_POC,IMG_4666,In flammable fridge in 70% ethanol,
POC_P24_C3,POC,24,control,"Thu, Jul 10",9:00 AM, phys,Tank_6,LN2,2757,CBLS_POC,IMG_4667,In -80 Freezer G Shelf 1; Light blue mesh bag,Time: 9:40
POC_R24_C3,POC,24,control,"Thu, Jul 10",9:00 AM,bulk_rna,Tank_6,DNA/RNA shield,1133,CBLS_POC,IMG_4668,"Tube In -80 Freezer G Shelf 3, Zoe Rack; RNA sent for bulk RNA-seq 20250909",
POC_R24_C3,POC,24,control,"Thu, Jul 10",9:00 AM,LCM,Tank_6,PAXgene,1133,CBLS_POC,IMG_4668,In flammable fridge in Paxgene Stabilizer,
POC_S24_C3,POC,24,control,"Thu, Jul 10",9:00 AM,spatial,Tank_6,Formalin,1218,CBLS_POC,IMG_4669,In flammable fridge in 70% ethanol,
POC_P24_H2,POC,24,heat,"Thu, Jul 10",9:00 AM, phys,Tank_3,LN2,1157,CBLS_POC,IMG_4670,In -80 Freezer G Shelf 1; Light blue mesh bag,
POC_R24_H2,POC,24,heat,"Thu, Jul 10",9:00 AM,bulk_rna,Tank_3,DNA/RNA shield,1566,CBLS_POC,IMG_4671,"Tube In -80 Freezer G Shelf 3, Zoe Rack; RNA sent for bulk RNA-seq 20250909",
POC_R24_H2,POC,24,heat,"Thu, Jul 10",9:00 AM,LCM,Tank_3,PAXgene,1566,CBLS_POC,IMG_4671,In flammable fridge in Paxgene Stabilizer,
POC_S24_H2,POC,24,heat,"Thu, Jul 10",9:00 AM,spatial,Tank_3,Formalin,1186,CBLS_POC,IMG_4672,In flammable fridge in 70% ethanol,
POC_P24_C1,POC,24,control,"Thu, Jul 10",9:00 AM, phys,Tank_1,LN2,2878,CBLS_POC,IMG_4673,In -80 Freezer G Shelf 1; Light blue mesh bag,
POC_R24_C1,POC,24,control,"Thu, Jul 10",9:00 AM,bulk_rna,Tank_1,DNA/RNA shield,1189,CBLS_POC,IMG_4674,"Tube In -80 Freezer G Shelf 3, Zoe Rack; RNA sent for bulk RNA-seq 20250909",
POC_R24_C1,POC,24,control,"Thu, Jul 10",9:00 AM,LCM,Tank_1,PAXgene,1189,CBLS_POC,IMG_4674,In flammable fridge in Paxgene Stabilizer,
POC_S24_C1,POC,24,control,"Thu, Jul 10",9:00 AM,spatial,Tank_1,Formalin,1456,CBLS_POC,IMG_4675,In flammable fridge in 70% ethanol,Time: 9:48
POC_P72_C1,POC,72,control,"Sat, Jul 12",9:00 AM, phys,Tank_1,LN2,1336,CBLS_POC,IMG_4677,In -80 Freezer G Shelf 1; Light blue mesh bag,Time: 9:53
POC_R72_C1,POC,72,control,"Sat, Jul 12",9:00 AM,bulk_rna,Tank_1,DNA/RNA shield,1584,CBLS_POC,IMG_4680,"Tube In -80 Freezer G Shelf 3, Zoe Rack; RNA sent for bulk RNA-seq 20250909",
POC_R72_C1,POC,72,control,"Sat, Jul 12",9:00 AM,LCM,Tank_1,PAXgene,1584,CBLS_POC,IMG_4680,In flammable fridge in Paxgene Stabilizer,
POC_S72_C1,POC,72,control,"Sat, Jul 12",9:00 AM,spatial,Tank_1,Formalin,1748,CBLS_POC,IMG_4683,In flammable fridge in 70% ethanol,
POC_P72_C3,POC,72,control,"Sat, Jul 12",9:00 AM, phys,Tank_6,LN2,1283,CBLS_POC,IMG_4685,In -80 Freezer G Shelf 1; Light blue mesh bag,
POC_R72_C3,POC,72,control,"Sat, Jul 12",9:00 AM,bulk_rna,Tank_6,DNA/RNA shield,1298,CBLS_POC,IMG_4689,"Tube In -80 Freezer G Shelf 3, Zoe Rack; RNA sent for bulk RNA-seq 20250909",
POC_R72_C3,POC,72,control,"Sat, Jul 12",9:00 AM,LCM,Tank_6,PAXgene,1298,CBLS_POC,IMG_4689,In flammable fridge in Paxgene Stabilizer,
POC_S72_C3,POC,72,control,"Sat, Jul 12",9:00 AM,spatial,Tank_6,Formalin,1176,CBLS_POC,IMG_4691,In flammable fridge in 70% ethanol,
POC_P72_H2,POC,72,heat,"Sat, Jul 12",9:00 AM, phys,Tank_3,LN2,1694,CBLS_POC,IMG_4693,In -80 Freezer G Shelf 1; Light blue mesh bag,
POC_R72_H2,POC,72,heat,"Sat, Jul 12",9:00 AM,bulk_rna,Tank_3,DNA/RNA shield,2738,CBLS_POC,IMG_4698,"Tube In -80 Freezer G Shelf 3, Zoe Rack; RNA sent for bulk RNA-seq 20250909",
POC_R72_H2,POC,72,heat,"Sat, Jul 12",9:00 AM,LCM,Tank_3,PAXgene,2738,CBLS_POC,IMG_4698,In flammable fridge in Paxgene Stabilizer,
POC_S72_H2,POC,72,heat,"Sat, Jul 12",9:00 AM,spatial,Tank_3,Formalin,2172,CBLS_POC,IMG_4702,In flammable fridge in 70% ethanol,
POC_P72_C2,POC,72,control,"Sat, Jul 12",9:00 AM, phys,Tank_4,LN2,2528,CBLS_POC,IMG_4705,In -80 Freezer G Shelf 1; Light blue mesh bag,Time: 10:07
POC_R72_C2,POC,72,control,"Sat, Jul 12",9:00 AM,bulk_rna,Tank_4,DNA/RNA shield,2881,CBLS_POC,IMG_4708,"Tube In -80 Freezer G Shelf 3, Zoe Rack; RNA sent for bulk RNA-seq 20250909",
POC_R72_C2,POC,72,control,"Sat, Jul 12",9:00 AM,LCM,Tank_4,PAXgene,2881,CBLS_POC,IMG_4708,In flammable fridge in Paxgene Stabilizer,
POC_S72_C2,POC,72,control,"Sat, Jul 12",9:00 AM,spatial,Tank_4,Formalin,3002,CBLS_POC,IMG_4712,In flammable fridge in 70% ethanol,
POC_P72_H1,POC,72,heat,"Sat, Jul 12",9:00 AM, phys,Tank_2,LN2,1575,CBLS_POC,IMG_4713,In -80 Freezer G Shelf 1; Light blue mesh bag,
POC_R72_H1,POC,72,heat,"Sat, Jul 12",9:00 AM,bulk_rna,Tank_2,DNA/RNA shield,1496,CBLS_POC,IMG_4715,"Tube In -80 Freezer G Shelf 3, Zoe Rack; RNA sent for bulk RNA-seq 20250909",
POC_R72_H1,POC,72,heat,"Sat, Jul 12",9:00 AM,LCM,Tank_2,PAXgene,1496,CBLS_POC,IMG_4715,In flammable fridge in Paxgene Stabilizer,
POC_S72_H1,POC,72,heat,"Sat, Jul 12",9:00 AM,spatial,Tank_2,Formalin,1247,CBLS_POC,IMG_4718,In flammable fridge in 70% ethanol,
POC_P72_H3,POC,72,heat,"Sat, Jul 12",9:00 AM, phys,Tank_5,LN2,1120,CBLS_POC,IMG_4721,In -80 Freezer G Shelf 1; Light blue mesh bag,
POC_R72_H3,POC,72,heat,"Sat, Jul 12",9:00 AM,bulk_rna,Tank_5,DNA/RNA shield,1557,CBLS_POC,IMG_4726,"Tube In -80 Freezer G Shelf 3, Zoe Rack; RNA sent for bulk RNA-seq 20250909",
POC_R72_H3,POC,72,heat,"Sat, Jul 12",9:00 AM,LCM,Tank_5,PAXgene,1557,CBLS_POC,IMG_4726,In flammable fridge in Paxgene Stabilizer,
POC_S72_H3,POC,72,heat,"Sat, Jul 12",9:00 AM,spatial,Tank_5,Formalin,2531,CBLS_POC,IMG_4728,In flammable fridge in 70% ethanol,Time: 10:16
POC_P120_H1,POC,120,heat,"Mon, Jul 14",9:00 AM, phys,Tank_2,LN2,2195,CBLS_POC,IMG_4731,In -80 Freezer G Shelf 1; Light blue mesh bag,Time: 10:37
POC_R120_H1,POC,120,heat,"Mon, Jul 14",9:00 AM,bulk_rna,Tank_2,DNA/RNA shield,2997,CBLS_POC,IMG_4732,"Tube In -80 Freezer G Shelf 3, Zoe Rack; RNA sent for bulk RNA-seq 20250909",
POC_R120_H1,POC,120,heat,"Mon, Jul 14",9:00 AM,LCM,Tank_2,PAXgene,2997,CBLS_POC,IMG_4732,In flammable fridge in Paxgene Stabilizer,
POC_S120_H1,POC,120,heat,"Mon, Jul 14",9:00 AM,spatial,Tank_2,Formalin,2524,CBLS_POC,IMG_4733,In flammable fridge in 70% ethanol,
POC_P120_C1,POC,120,control,"Mon, Jul 14",9:00 AM, phys,Tank_1,LN2,1223,CBLS_POC,IMG_4734,In -80 Freezer G Shelf 1; Light blue mesh bag,
POC_R120_C1,POC,120,control,"Mon, Jul 14",9:00 AM,bulk_rna,Tank_1,DNA/RNA shield,2758,CBLS_POC,IMG_4735,"Tube In -80 Freezer G Shelf 3, Zoe Rack; RNA sent for bulk RNA-seq 20250909",
POC_R120_C1,POC,120,control,"Mon, Jul 14",9:00 AM,LCM,Tank_1,PAXgene,2758,CBLS_POC,IMG_4735,In flammable fridge in Paxgene Stabilizer,
POC_S120_C1,POC,120,control,"Mon, Jul 14",9:00 AM,spatial,Tank_1,Formalin,1644,CBLS_POC,IMG_4736,In flammable fridge in 70% ethanol,
POC_P120_C2,POC,120,control,"Mon, Jul 14",9:00 AM, phys,Tank_4,LN2,2666,CBLS_POC,IMG_4737,In -80 Freezer G Shelf 1; Light blue mesh bag,
POC_R120_C2,POC,120,control,"Mon, Jul 14",9:00 AM,bulk_rna,Tank_4,DNA/RNA shield,1128,CBLS_POC,IMG_4738,"Tube In -80 Freezer G Shelf 3, Zoe Rack; RNA sent for bulk RNA-seq 20250909",
POC_R120_C2,POC,120,control,"Mon, Jul 14",9:00 AM,LCM,Tank_4,PAXgene,1128,CBLS_POC,IMG_4738,In flammable fridge in Paxgene Stabilizer,
POC_S120_C2,POC,120,control,"Mon, Jul 14",9:00 AM,spatial,Tank_4,Formalin,1653,CBLS_POC,IMG_4739,In flammable fridge in 70% ethanol,
POC_P120_C3,POC,120,control,"Mon, Jul 14",9:00 AM, phys,Tank_6,LN2,1122,CBLS_POC,IMG_4740,In -80 Freezer G Shelf 1; Light blue mesh bag,Time: 10:46
POC_R120_C3,POC,120,control,"Mon, Jul 14",9:00 AM,bulk_rna,Tank_6,DNA/RNA shield,1824,CBLS_POC,IMG_4741,"Tube In -80 Freezer G Shelf 3, Zoe Rack; RNA sent for bulk RNA-seq 20250909",
POC_R120_C3,POC,120,control,"Mon, Jul 14",9:00 AM,LCM,Tank_6,PAXgene,1824,CBLS_POC,IMG_4741,In flammable fridge in Paxgene Stabilizer,
POC_S120_C3,POC,120,control,"Mon, Jul 14",9:00 AM,spatial,Tank_6,Formalin,1427,CBLS_POC,IMG_4742,In flammable fridge in 70% ethanol,
POC_P120_H2,POC,120,heat,"Mon, Jul 14",9:00 AM, phys,Tank_3,LN2,1450,CBLS_POC,IMG_4743,In -80 Freezer G Shelf 1; Light blue mesh bag,
POC_R120_H2,POC,120,heat,"Mon, Jul 14",9:00 AM,bulk_rna,Tank_3,DNA/RNA shield,2729,CBLS_POC,IMG_4744,"Tube In -80 Freezer G Shelf 3, Zoe Rack; RNA sent for bulk RNA-seq 20250909",
POC_R120_H2,POC,120,heat,"Mon, Jul 14",9:00 AM,LCM,Tank_3,PAXgene,2729,CBLS_POC,IMG_4744,In flammable fridge in Paxgene Stabilizer,
POC_S120_H2,POC,120,heat,"Mon, Jul 14",9:00 AM,spatial,Tank_3,Formalin,1322,CBLS_POC,IMG_4745,In flammable fridge in 70% ethanol,
POC_P120_H3,POC,120,heat,"Mon, Jul 14",9:00 AM, phys,Tank_5,LN2,2730,CBLS_POC,IMG_4746,In -80 Freezer G Shelf 1; Light blue mesh bag,
POC_R120_H3,POC,120,heat,"Mon, Jul 14",9:00 AM,bulk_rna,Tank_5,DNA/RNA shield,1130,CBLS_POC,IMG_4747,"Tube In -80 Freezer G Shelf 3, Zoe Rack; RNA sent for bulk RNA-seq 20250909",
POC_R120_H3,POC,120,heat,"Mon, Jul 14",9:00 AM,LCM,Tank_5,PAXgene,1130,CBLS_POC,IMG_4747,Decalc 20250910,
POC_S120_H3,POC,120,heat,"Mon, Jul 14",9:00 AM,spatial,Tank_5,Formalin,1412,CBLS_POC,IMG_4748,In flammable fridge in 70% ethanol,Time: 10:56
POC_PAM_2565,POC,120,control,"Mon, Jul 14",9:00 AM,phys_PAM,Tank_1,LN2,2565,CBLS_POC,IMG_4749,In -80 Freezer G Shelf 1; Light blue mesh bag,Time: 11:00
POC_PAM_2370,POC,120,control,"Mon, Jul 14",9:00 AM,phys_PAM,Tank_1,LN2,2370,CBLS_POC,IMG_4750,In -80 Freezer G Shelf 1; Light blue mesh bag,
POC_PAM_2986,POC,120,control,"Mon, Jul 14",9:00 AM,phys_PAM,Tank_1,LN2,2986,CBLS_POC,IMG_4751,In -80 Freezer G Shelf 1; Light blue mesh bag,
POC_PAM_1471,POC,120,heat,"Mon, Jul 14",9:00 AM,phys_PAM,Tank_2,LN2,1471,CBLS_POC,IMG_4752,In -80 Freezer G Shelf 1; Light blue mesh bag,Time: 11:02
POC_PAM_1753,POC,120,heat,"Mon, Jul 14",9:00 AM,phys_PAM,Tank_2,LN2,1753,CBLS_POC,IMG_4753,In -80 Freezer G Shelf 1; Light blue mesh bag,
POC_PAM_1100,POC,120,heat,"Mon, Jul 14",9:00 AM,phys_PAM,Tank_2,LN2,1100,CBLS_POC,IMG_4754,In -80 Freezer G Shelf 1; Light blue mesh bag,
POC_PAM_1059,POC,120,heat,"Mon, Jul 14",9:00 AM,phys_PAM,Tank_3,LN2,1059,CBLS_POC,IMG_4755,In -80 Freezer G Shelf 1; Light blue mesh bag,Time: 11:03
POC_PAM_1691,POC,120,heat,"Mon, Jul 14",9:00 AM,phys_PAM,Tank_3,LN2,1691,CBLS_POC,IMG_4756,In -80 Freezer G Shelf 1; Light blue mesh bag,
POC_PAM_1626,POC,120,heat,"Mon, Jul 14",9:00 AM,phys_PAM,Tank_3,LN2,1626,CBLS_POC,IMG_4757,In -80 Freezer G Shelf 1; Light blue mesh bag,
POC_PAM_1761,POC,120,control,"Mon, Jul 14",9:00 AM,phys_PAM,Tank_4,LN2,1761,CBLS_POC,IMG_4758,In -80 Freezer G Shelf 1; Light blue mesh bag,Time: 11:06
POC_PAM_1159,POC,120,control,"Mon, Jul 14",9:00 AM,phys_PAM,Tank_4,LN2,1159,CBLS_POC,IMG_4759,In -80 Freezer G Shelf 1; Light blue mesh bag,
POC_PAM_1281,POC,120,control,"Mon, Jul 14",9:00 AM,phys_PAM,Tank_4,LN2,1281,CBLS_POC,IMG_4760,In -80 Freezer G Shelf 1; Light blue mesh bag,
POC_PAM_1614,POC,120,heat,"Mon, Jul 14",9:00 AM,phys_PAM,Tank_5,LN2,1614,CBLS_POC,IMG_4761,In -80 Freezer G Shelf 1; Light blue mesh bag,Time: 11:07
POC_PAM_1038,POC,120,heat,"Mon, Jul 14",9:00 AM,phys_PAM,Tank_5,LN2,1038,CBLS_POC,IMG_4762,In -80 Freezer G Shelf 1; Light blue mesh bag,
POC_PAM_1473,POC,120,heat,"Mon, Jul 14",9:00 AM,phys_PAM,Tank_5,LN2,1473,CBLS_POC,IMG_4763,In -80 Freezer G Shelf 1; Light blue mesh bag,
POC_PAM_1043,POC,120,control,"Mon, Jul 14",9:00 AM,phys_PAM,Tank_6,LN2,1043,CBLS_POC,IMG_4764,In -80 Freezer G Shelf 1; Light blue mesh bag,Time: 11:09
POC_PAM_1175,POC,120,control,"Mon, Jul 14",9:00 AM,phys_PAM,Tank_6,LN2,1175,CBLS_POC,IMG_4765,In -80 Freezer G Shelf 1; Light blue mesh bag,
POC_PAM_1474,POC,120,control,"Mon, Jul 14",9:00 AM,phys_PAM,Tank_6,LN2,1474,CBLS_POC,IMG_4766,In -80 Freezer G Shelf 1; Light blue mesh bag,Time: 11:10