sample,classification,percent_reads
MON_R0_C1,unclassified,97.46
MON_R0_C1,Bacteria,2.35
MON_R0_C2,unclassified,97.59
MON_R0_C2,Bacteria,2.17
MON_R0_C3,unclassified,96.66
MON_R0_C3,Bacteria,3.11
MON_R0_H1,unclassified,95.83
MON_R0_H1,Bacteria,3.99
MON_R0_H2,unclassified,97.17
MON_R0_H2,Bacteria,2.59
MON_R0_H3,unclassified,97.86
MON_R0_H3,Bacteria,1.93
MON_R120_C1,unclassified,96.93
MON_R120_C1,Bacteria,2.89
MON_R120_C2,unclassified,96.66
MON_R120_C2,Bacteria,3.14
MON_R120_C3,unclassified,97.61
MON_R120_C3,Bacteria,2.14
MON_R120_H1,unclassified,97.33
MON_R120_H1,Bacteria,2.47
MON_R120_H2,unclassified,94.96
MON_R120_H2,Bacteria,4.87
MON_R120_H3,unclassified,95.81
MON_R120_H3,Bacteria,3.98
MON_R12_C1,unclassified,97.09
MON_R12_C1,Bacteria,2.69
MON_R12_C2,unclassified,96.63
MON_R12_C2,Bacteria,3.15
MON_R12_C3,unclassified,97.55
MON_R12_C3,Bacteria,2.25
MON_R12_H1,unclassified,96.99
MON_R12_H1,Bacteria,2.82
MON_R12_H2,unclassified,96.09
MON_R12_H2,Bacteria,3.69
MON_R12_H3,unclassified,96.87
MON_R12_H3,Bacteria,2.90
MON_R1_C1,unclassified,96.99
MON_R1_C1,Bacteria,2.78
MON_R1_C2,unclassified,95.30
MON_R1_C2,Bacteria,4.48
MON_R1_C3,unclassified,96.74
MON_R1_C3,Bacteria,3.06
MON_R1_H1,unclassified,96.40
MON_R1_H1,Bacteria,3.38
MON_R1_H2,unclassified,97.14
MON_R1_H2,Bacteria,2.62
MON_R1_H3,unclassified,97.26
MON_R1_H3,Bacteria,2.50
MON_R24_C1,unclassified,96.59
MON_R24_C1,Bacteria,3.22
MON_R24_C2,unclassified,96.69
MON_R24_C2,Bacteria,3.12
MON_R24_C3,unclassified,96.68
MON_R24_C3,Bacteria,3.11
MON_R24_H1,unclassified,97.15
MON_R24_H1,Bacteria,2.65
MON_R24_H2,unclassified,96.96
MON_R24_H2,Bacteria,2.84
MON_R24_H3,unclassified,96.30
MON_R24_H3,Bacteria,3.52
MON_R3_C1,unclassified,97.12
MON_R3_C1,Bacteria,2.66
MON_R3_C2,unclassified,96.58
MON_R3_C2,Bacteria,3.17
MON_R3_C3,unclassified,97.44
MON_R3_C3,Bacteria,2.35
MON_R3_H1,unclassified,96.39
MON_R3_H1,Bacteria,3.36
MON_R3_H2,unclassified,97.48
MON_R3_H2,Bacteria,2.22
MON_R3_H3,unclassified,95.41
MON_R3_H3,Bacteria,4.33
MON_R72_C1,unclassified,97.38
MON_R72_C1,Bacteria,2.42
MON_R72_C2,unclassified,97.16
MON_R72_C2,Bacteria,2.63
MON_R72_C3,unclassified,97.00
MON_R72_C3,Bacteria,2.77
MON_R72_H1,unclassified,89.02
MON_R72_H1,Bacteria,10.57
MON_R72_H2,unclassified,66.57
MON_R72_H2,Bacteria,32.94
MON_R72_H3,unclassified,97.74
MON_R72_H3,Bacteria,2.05
POC_R0_C1,unclassified,97.04
POC_R0_C1,Bacteria,2.71
POC_R0_C2,unclassified,94.13
POC_R0_C2,Bacteria,5.63
POC_R0_C3,unclassified,90.34
POC_R0_C3,Bacteria,9.44
POC_R0_H1,unclassified,96.11
POC_R0_H1,Bacteria,3.65
POC_R0_H2,unclassified,95.34
POC_R0_H2,Bacteria,4.42
POC_R0_H3,unclassified,94.77
POC_R0_H3,Bacteria,4.97
POC_R120_C1,unclassified,95.63
POC_R120_C1,Bacteria,4.09
POC_R120_C2,unclassified,96.76
POC_R120_C2,Bacteria,3.00
POC_R120_C3,unclassified,96.60
POC_R120_C3,Bacteria,3.14
POC_R120_H1,unclassified,91.22
POC_R120_H1,Bacteria,8.51
POC_R120_H2,unclassified,97.24
POC_R120_H2,Bacteria,2.53
POC_R120_H3,unclassified,91.25
POC_R120_H3,Bacteria,8.52
POC_R12_C1,unclassified,94.80
POC_R12_C1,Bacteria,4.97
POC_R12_C2,unclassified,93.31
POC_R12_C2,Bacteria,6.48
POC_R12_C3,unclassified,96.11
POC_R12_C3,Bacteria,3.60
POC_R12_H1,unclassified,93.38
POC_R12_H1,Bacteria,6.37
POC_R12_H2,unclassified,94.87
POC_R12_H2,Bacteria,4.90
POC_R12_H3,unclassified,96.96
POC_R12_H3,Bacteria,2.80
POC_R1_C1,unclassified,95.66
POC_R1_C1,Bacteria,4.09
POC_R1_C2,unclassified,97.02
POC_R1_C2,Bacteria,2.72
POC_R1_C3,unclassified,94.55
POC_R1_C3,Bacteria,5.19
POC_R1_H1,unclassified,95.78
POC_R1_H1,Bacteria,3.95
POC_R1_H2,unclassified,96.42
POC_R1_H2,Bacteria,3.34
POC_R1_H3,unclassified,91.99
POC_R1_H3,Bacteria,7.74
POC_R24_C1,unclassified,92.46
POC_R24_C1,Bacteria,7.30
POC_R24_C2,unclassified,89.65
POC_R24_C2,Bacteria,10.11
POC_R24_C3,unclassified,96.10
POC_R24_C3,Bacteria,3.63
POC_R24_H1,unclassified,96.37
POC_R24_H1,Bacteria,3.39
POC_R24_H2,unclassified,95.07
POC_R24_H2,Bacteria,4.70
POC_R24_H3,unclassified,94.30
POC_R24_H3,Bacteria,5.44
POC_R3_C1,unclassified,95.96
POC_R3_C1,Bacteria,3.75
POC_R3_C2,unclassified,94.40
POC_R3_C2,Bacteria,5.36
POC_R3_C3,unclassified,90.00
POC_R3_C3,Bacteria,9.74
POC_R3_H1,unclassified,93.96
POC_R3_H1,Bacteria,5.73
POC_R3_H2,unclassified,97.22
POC_R3_H2,Bacteria,2.43
POC_R3_H3,unclassified,93.49
POC_R3_H3,Bacteria,6.21
POC_R72_C1,unclassified,96.19
POC_R72_C1,Bacteria,3.55
POC_R72_C2,unclassified,96.20
POC_R72_C2,Bacteria,3.58
POC_R72_C3,unclassified,94.78
POC_R72_C3,Bacteria,5.00
POC_R72_H1,unclassified,94.24
POC_R72_H1,Bacteria,5.50
POC_R72_H2,unclassified,93.62
POC_R72_H2,Bacteria,6.15
POC_R72_H3,unclassified,88.51
POC_R72_H3,Bacteria,11.27
POR_R0_C1,unclassified,43.10
POR_R0_C1,Bacteria,56.83
POR_R0_C2,unclassified,42.56
POR_R0_C2,Bacteria,57.36
POR_R0_C3,unclassified,66.80
POR_R0_C3,Bacteria,33.07
POR_R0_H1,unclassified,40.31
POR_R0_H1,Bacteria,59.64
POR_R0_H2,unclassified,42.45
POR_R0_H2,Bacteria,57.50
POR_R0_H3,unclassified,46.11
POR_R0_H3,Bacteria,53.82
POR_R120_C1,unclassified,37.32
POR_R120_C1,Bacteria,62.53
POR_R120_C2,unclassified,61.75
POR_R120_C2,Bacteria,38.12
POR_R120_C3,unclassified,31.80
POR_R120_C3,Bacteria,68.17
POR_R120_H1,unclassified,90.89
POR_R120_H1,Bacteria,8.86
POR_R120_H2,unclassified,93.37
POR_R120_H2,Bacteria,6.40
POR_R120_H3,unclassified,43.84
POR_R120_H3,Bacteria,56.09
POR_R12_C1,unclassified,36.12
POR_R12_C1,Bacteria,63.83
POR_R12_C2,unclassified,68.69
POR_R12_C2,Bacteria,31.19
POR_R12_C3,unclassified,37.57
POR_R12_C3,Bacteria,62.38
POR_R12_H1,unclassified,85.45
POR_R12_H1,Bacteria,14.36
POR_R12_H2,unclassified,76.69
POR_R12_H2,Bacteria,23.16
POR_R12_H3,unclassified,62.98
POR_R12_H3,Bacteria,36.90
POR_R1_C1,unclassified,37.50
POR_R1_C1,Bacteria,62.46
POR_R1_C2,unclassified,58.16
POR_R1_C2,Bacteria,41.74
POR_R1_C3,unclassified,55.96
POR_R1_C3,Bacteria,43.95
POR_R1_H1,unclassified,34.68
POR_R1_H1,Bacteria,65.27
POR_R1_H2,unclassified,32.65
POR_R1_H2,Bacteria,67.31
POR_R1_H3,unclassified,49.17
POR_R1_H3,Bacteria,50.74
POR_R24_C1,unclassified,61.27
POR_R24_C1,Bacteria,38.62
POR_R24_C2,unclassified,42.00
POR_R24_C2,Bacteria,57.94
POR_R24_C3,unclassified,41.16
POR_R24_C3,Bacteria,58.78
POR_R24_H1,unclassified,33.47
POR_R24_H1,Bacteria,66.43
POR_R24_H2,unclassified,69.89
POR_R24_H2,Bacteria,29.98
POR_R24_H3,unclassified,72.46
POR_R24_H3,Bacteria,27.39
POR_R3_C1,unclassified,60.52
POR_R3_C1,Bacteria,39.38
POR_R3_C2,unclassified,58.85
POR_R3_C2,Bacteria,41.01
POR_R3_C3,unclassified,40.75
POR_R3_C3,Bacteria,59.18
POR_R3_H1,unclassified,60.38
POR_R3_H1,Bacteria,39.49
POR_R3_H2,unclassified,77.73
POR_R3_H2,Bacteria,22.09
POR_R3_H3,unclassified,50.72
POR_R3_H3,Bacteria,49.18
POR_R72_C1,unclassified,43.35
POR_R72_C1,Bacteria,56.58
POR_R72_C2,unclassified,56.17
POR_R72_C2,Bacteria,43.74
POR_R72_C3,unclassified,55.56
POR_R72_C3,Bacteria,44.33
POR_R72_H1,unclassified,30.43
POR_R72_H1,Bacteria,69.53
POR_R72_H2,unclassified,34.13
POR_R72_H2,Bacteria,65.75
POR_R72_H3,unclassified,75.28
POR_R72_H3,Bacteria,24.57
