task,species,t_hours,treatment,day,time,type,Tank,fragment_name,preservative,Plug #,Sampled?,Notes
sampling,MON,0,heat,"Wed, Jul 2",9:00 AM,phys,Tank_3,MON_P0_H2,LN2,2728,Yes,Time: 9:21
sampling,MON,0,heat,"Wed, Jul 2",9:00 AM,bulk_rna,Tank_3,MON_R0_H2,DNA/RNA shield,2017,Yes,
sampling,MON,0,heat,"Wed, Jul 2",9:00 AM,LCM,Tank_3,MON_R0_H2,PAXgene,2017,Yes,
sampling,MON,0,heat,"Wed, Jul 2",9:00 AM,spatial,Tank_3,MON_S0_H2,Formalin,2522,Yes,
sampling,MON,0,heat,"Wed, Jul 2",9:00 AM,phys,Tank_5,MON_P0_H3,LN2,2746,Yes,
sampling,MON,0,heat,"Wed, Jul 2",9:00 AM,bulk_rna,Tank_5,MON_R0_H3,DNA/RNA shield,1493,Yes,
sampling,MON,0,heat,"Wed, Jul 2",9:00 AM,LCM,Tank_5,MON_R0_H3,PAXgene,1493,Yes,
sampling,MON,0,heat,"Wed, Jul 2",9:00 AM,spatial,Tank_5,MON_S0_H3,Formalin,1171,Yes,
sampling,MON,0,heat,"Wed, Jul 2",9:00 AM,phys,Tank_2,MON_P0_H1,LN2,2364,Yes,
sampling,MON,0,heat,"Wed, Jul 2",9:00 AM,bulk_rna,Tank_2,MON_R0_H1,DNA/RNA shield,1743,Yes,
sampling,MON,0,heat,"Wed, Jul 2",9:00 AM,LCM,Tank_2,MON_R0_H1,PAXgene,1743,Yes,
sampling,MON,0,heat,"Wed, Jul 2",9:00 AM,spatial,Tank_2,MON_S0_H1,Formalin,1304,Yes,
sampling,MON,0,control,"Wed, Jul 2",9:00 AM,phys,Tank_6,MON_P0_C3,LN2,1054,Yes,Time: 9:32
sampling,MON,0,control,"Wed, Jul 2",9:00 AM,bulk_rna,Tank_6,MON_R0_C3,DNA/RNA shield,1291,Yes,
sampling,MON,0,control,"Wed, Jul 2",9:00 AM,LCM,Tank_6,MON_R0_C3,PAXgene,1291,Yes,
sampling,MON,0,control,"Wed, Jul 2",9:00 AM,spatial,Tank_6,MON_S0_C3,Formalin,1778,Yes,
sampling,MON,0,control,"Wed, Jul 2",9:00 AM,phys,Tank_1,MON_P0_C1,LN2,1111,Yes,
sampling,MON,0,control,"Wed, Jul 2",9:00 AM,bulk_rna,Tank_1,MON_R0_C1,DNA/RNA shield,2732,Yes,
sampling,MON,0,control,"Wed, Jul 2",9:00 AM,LCM,Tank_1,MON_R0_C1,PAXgene,2732,Yes,
sampling,MON,0,control,"Wed, Jul 2",9:00 AM,spatial,Tank_1,MON_S0_C1,Formalin,1205,Yes,
sampling,MON,0,control,"Wed, Jul 2",9:00 AM,phys,Tank_4,MON_P0_C2,LN2,1170,Yes,
sampling,MON,0,control,"Wed, Jul 2",9:00 AM,bulk_rna,Tank_4,MON_R0_C2,DNA/RNA shield,1708,Yes,
sampling,MON,0,control,"Wed, Jul 2",9:00 AM,LCM,Tank_4,MON_R0_C2,PAXgene,1708,Yes,
sampling,MON,0,control,"Wed, Jul 2",9:00 AM,spatial,Tank_4,MON_S0_C2,Formalin,1330,Yes,Time: 9:40
sampling,MON,1,control,"Wed, Jul 2",10:00 AM,phys,Tank_6,MON_P1_C3,LN2,1491,Yes,Time: 10:37
sampling,MON,1,control,"Wed, Jul 2",10:00 AM,bulk_rna,Tank_6,MON_R1_C3,DNA/RNA shield,2419,Yes,
sampling,MON,1,control,"Wed, Jul 2",10:00 AM,LCM,Tank_6,MON_R1_C3,PAXgene,2419,Yes,
sampling,MON,1,control,"Wed, Jul 2",10:00 AM,spatial,Tank_6,MON_S1_C3,Formalin,1255,Yes,
sampling,MON,1,heat,"Wed, Jul 2",10:00 AM,phys,Tank_5,MON_P1_H3,LN2,2389,Yes,
sampling,MON,1,heat,"Wed, Jul 2",10:00 AM,bulk_rna,Tank_5,MON_R1_H3,DNA/RNA shield,2515,Yes,
sampling,MON,1,heat,"Wed, Jul 2",10:00 AM,LCM,Tank_5,MON_R1_H3,PAXgene,2515,Yes,
sampling,MON,1,heat,"Wed, Jul 2",10:00 AM,spatial,Tank_5,MON_S1_H3,Formalin,1167,Yes,
sampling,MON,1,control,"Wed, Jul 2",10:00 AM,phys,Tank_1,MON_P1_C1,LN2,1437,Yes,
sampling,MON,1,control,"Wed, Jul 2",10:00 AM,bulk_rna,Tank_1,MON_R1_C1,DNA/RNA shield,1608,Yes,
sampling,MON,1,control,"Wed, Jul 2",10:00 AM,LCM,Tank_1,MON_R1_C1,PAXgene,1608,Yes,
sampling,MON,1,control,"Wed, Jul 2",10:00 AM,spatial,Tank_1,MON_S1_C1,Formalin,2020,Yes,
sampling,MON,1,heat,"Wed, Jul 2",10:00 AM,phys,Tank_3,MON_P1_H2,LN2,1285,Yes,Time: 10:45
sampling,MON,1,heat,"Wed, Jul 2",10:00 AM,bulk_rna,Tank_3,MON_R1_H2,DNA/RNA shield,1452,Yes,
sampling,MON,1,heat,"Wed, Jul 2",10:00 AM,LCM,Tank_3,MON_R1_H2,PAXgene,1452,Yes,
sampling,MON,1,heat,"Wed, Jul 2",10:00 AM,spatial,Tank_3,MON_S1_H2,Formalin,1145,Yes,
sampling,MON,1,control,"Wed, Jul 2",10:00 AM,phys,Tank_4,MON_P1_C2,LN2,1712,Yes,
sampling,MON,1,control,"Wed, Jul 2",10:00 AM,bulk_rna,Tank_4,MON_R1_C2,DNA/RNA shield,2007,Yes,
sampling,MON,1,control,"Wed, Jul 2",10:00 AM,LCM,Tank_4,MON_R1_C2,PAXgene,2007,Yes,
sampling,MON,1,control,"Wed, Jul 2",10:00 AM,spatial,Tank_4,MON_S1_C2,Formalin,1825,Yes,
sampling,MON,1,heat,"Wed, Jul 2",10:00 AM,phys,Tank_2,MON_P1_H1,LN2,1276,Yes,
sampling,MON,1,heat,"Wed, Jul 2",10:00 AM,bulk_rna,Tank_2,MON_R1_H1,DNA/RNA shield,1074,Yes,
sampling,MON,1,heat,"Wed, Jul 2",10:00 AM,LCM,Tank_2,MON_R1_H1,PAXgene,1074,Yes,
sampling,MON,1,heat,"Wed, Jul 2",10:00 AM,spatial,Tank_2,MON_S1_H1,Formalin,2862,Yes,Time: 10:53
sampling,MON,3,heat,"Wed, Jul 2",12:00 PM,phys,Tank_2,MON_P3_H1,LN2,2980,Yes,Time: 12:36
sampling,MON,3,heat,"Wed, Jul 2",12:00 PM,bulk_rna,Tank_2,MON_R3_H1,DNA/RNA shield,1617,Yes,
sampling,MON,3,heat,"Wed, Jul 2",12:00 PM,LCM,Tank_2,MON_R3_H1,PAXgene,1617,Yes,
sampling,MON,3,heat,"Wed, Jul 2",12:00 PM,spatial,Tank_2,MON_S3_H1,Formalin,1037,Yes,
sampling,MON,3,control,"Wed, Jul 2",12:00 PM,phys,Tank_4,MON_P3_C2,LN2,1723,Yes,
sampling,MON,3,control,"Wed, Jul 2",12:00 PM,bulk_rna,Tank_4,MON_R3_C2,DNA/RNA shield,1741,Yes,
sampling,MON,3,control,"Wed, Jul 2",12:00 PM,LCM,Tank_4,MON_R3_C2,PAXgene,1741,Yes,
sampling,MON,3,control,"Wed, Jul 2",12:00 PM,spatial,Tank_4,MON_S3_C2,Formalin,1576,Yes,
sampling,MON,3,heat,"Wed, Jul 2",12:00 PM,phys,Tank_5,MON_P3_H3,LN2,1628,Yes,
sampling,MON,3,heat,"Wed, Jul 2",12:00 PM,bulk_rna,Tank_5,MON_R3_H3,DNA/RNA shield,1416,Yes,
sampling,MON,3,heat,"Wed, Jul 2",12:00 PM,LCM,Tank_5,MON_R3_H3,PAXgene,1416,Yes,
sampling,MON,3,heat,"Wed, Jul 2",12:00 PM,spatial,Tank_5,MON_S3_H3,Formalin,2865,Yes,
sampling,MON,3,control,"Wed, Jul 2",12:00 PM,phys,Tank_6,MON_P3_C3,LN2,2518,Yes,Time: 12:45
sampling,MON,3,control,"Wed, Jul 2",12:00 PM,bulk_rna,Tank_6,MON_R3_C3,DNA/RNA shield,1467,Yes,
sampling,MON,3,control,"Wed, Jul 2",12:00 PM,LCM,Tank_6,MON_R3_C3,PAXgene,1467,Yes,
sampling,MON,3,control,"Wed, Jul 2",12:00 PM,spatial,Tank_6,MON_S3_C3,Formalin,2071,Yes,
sampling,MON,3,heat,"Wed, Jul 2",12:00 PM,phys,Tank_3,MON_P3_H2,LN2,1536,Yes,
sampling,MON,3,heat,"Wed, Jul 2",12:00 PM,bulk_rna,Tank_3,MON_R3_H2,DNA/RNA shield,2063,Yes,
sampling,MON,3,heat,"Wed, Jul 2",12:00 PM,LCM,Tank_3,MON_R3_H2,PAXgene,2063,Yes,
sampling,MON,3,heat,"Wed, Jul 2",12:00 PM,spatial,Tank_3,MON_S3_H2,Formalin,1650,Yes,
sampling,MON,3,control,"Wed, Jul 2",12:00 PM,phys,Tank_1,MON_P3_C1,LN2,1057,Yes,
sampling,MON,3,control,"Wed, Jul 2",12:00 PM,bulk_rna,Tank_1,MON_R3_C1,DNA/RNA shield,1767,Yes,
sampling,MON,3,control,"Wed, Jul 2",12:00 PM,LCM,Tank_1,MON_R3_C1,PAXgene,1767,Yes,
sampling,MON,3,control,"Wed, Jul 2",12:00 PM,spatial,Tank_1,MON_S3_C1,Formalin,2979,Yes,Time: 12:53
sampling,MON,12,control,"Wed, Jul 2",9:00 PM,phys,Tank_1,MON_P12_C1,LN2,2526,Yes,Time: 21:28
sampling,MON,12,control,"Wed, Jul 2",9:00 PM,bulk_rna,Tank_1,MON_R12_C1,DNA/RNA shield,1728,Yes,
sampling,MON,12,control,"Wed, Jul 2",9:00 PM,LCM,Tank_1,MON_R12_C1,PAXgene,1728,Yes,
sampling,MON,12,control,"Wed, Jul 2",9:00 PM,spatial,Tank_1,MON_S12_C1,Formalin,2743,Yes,
sampling,MON,12,heat,"Wed, Jul 2",9:00 PM,phys,Tank_5,MON_P12_H3,LN2,1499,Yes,
sampling,MON,12,heat,"Wed, Jul 2",9:00 PM,bulk_rna,Tank_5,MON_R12_H3,DNA/RNA shield,1409,Yes,
sampling,MON,12,heat,"Wed, Jul 2",9:00 PM,LCM,Tank_5,MON_R12_H3,PAXgene,1409,Yes,
sampling,MON,12,heat,"Wed, Jul 2",9:00 PM,spatial,Tank_5,MON_S12_H3,Formalin,1826,Yes,
sampling,MON,12,heat,"Wed, Jul 2",9:00 PM,phys,Tank_2,MON_P12_H1,LN2,1716,Yes,
sampling,MON,12,heat,"Wed, Jul 2",9:00 PM,bulk_rna,Tank_2,MON_R12_H1,DNA/RNA shield,1105,Yes,
sampling,MON,12,heat,"Wed, Jul 2",9:00 PM,LCM,Tank_2,MON_R12_H1,PAXgene,1105,Yes,
sampling,MON,12,heat,"Wed, Jul 2",9:00 PM,spatial,Tank_2,MON_S12_H1,Formalin,2297,Yes,
sampling,MON,12,control,"Wed, Jul 2",9:00 PM,phys,Tank_4,MON_P12_C2,LN2,1573,Yes,Time: 21:41
sampling,MON,12,control,"Wed, Jul 2",9:00 PM,bulk_rna,Tank_4,MON_R12_C2,DNA/RNA shield,1774,Yes,
sampling,MON,12,control,"Wed, Jul 2",9:00 PM,LCM,Tank_4,MON_R12_C2,PAXgene,1774,Yes,
sampling,MON,12,control,"Wed, Jul 2",9:00 PM,spatial,Tank_4,MON_S12_C2,Formalin,1578,Yes,
sampling,MON,12,control,"Wed, Jul 2",9:00 PM,phys,Tank_6,MON_P12_C3,LN2,2168,Yes,
sampling,MON,12,control,"Wed, Jul 2",9:00 PM,bulk_rna,Tank_6,MON_R12_C3,DNA/RNA shield,1238,Yes,
sampling,MON,12,control,"Wed, Jul 2",9:00 PM,LCM,Tank_6,MON_R12_C3,PAXgene,1238,Yes,
sampling,MON,12,control,"Wed, Jul 2",9:00 PM,spatial,Tank_6,MON_S12_C3,Formalin,1572,Yes,
sampling,MON,12,heat,"Wed, Jul 2",9:00 PM,phys,Tank_3,MON_P12_H2,LN2,1488,Yes,
sampling,MON,12,heat,"Wed, Jul 2",9:00 PM,bulk_rna,Tank_3,MON_R12_H2,DNA/RNA shield,1226,Yes,
sampling,MON,12,heat,"Wed, Jul 2",9:00 PM,LCM,Tank_3,MON_R12_H2,PAXgene,1226,Yes,
sampling,MON,12,heat,"Wed, Jul 2",9:00 PM,spatial,Tank_3,MON_S12_H2,Formalin,2853,Yes,Time: 21:54
sampling,MON,24,control,"Thu, Jul 3",9:00 AM,phys,Tank_4,MON_P24_C2,LN2,1342,Yes,Time: 9:32
sampling,MON,24,control,"Thu, Jul 3",9:00 AM,bulk_rna,Tank_4,MON_R24_C2,DNA/RNA shield,1706,Yes,
sampling,MON,24,control,"Thu, Jul 3",9:00 AM,LCM,Tank_4,MON_R24_C2,PAXgene,1706,Yes,
sampling,MON,24,control,"Thu, Jul 3",9:00 AM,spatial,Tank_4,MON_S24_C2,Formalin,1483,Yes,
sampling,MON,24,heat,"Thu, Jul 3",9:00 AM,phys,Tank_3,MON_P24_H2,LN2,1154,Yes,
sampling,MON,24,heat,"Thu, Jul 3",9:00 AM,bulk_rna,Tank_3,MON_R24_H2,DNA/RNA shield,1652,Yes,
sampling,MON,24,heat,"Thu, Jul 3",9:00 AM,LCM,Tank_3,MON_R24_H2,PAXgene,1652,Yes,
sampling,MON,24,heat,"Thu, Jul 3",9:00 AM,spatial,Tank_3,MON_S24_H2,Formalin,2520,Yes,
sampling,MON,24,heat,"Thu, Jul 3",9:00 AM,phys,Tank_5,MON_P24_H3,LN2,1088,Yes,
sampling,MON,24,heat,"Thu, Jul 3",9:00 AM,bulk_rna,Tank_5,MON_R24_H3,DNA/RNA shield,2860,Yes,
sampling,MON,24,heat,"Thu, Jul 3",9:00 AM,LCM,Tank_5,MON_R24_H3,PAXgene,2860,Yes,
sampling,MON,24,heat,"Thu, Jul 3",9:00 AM,spatial,Tank_5,MON_S24_H3,Formalin,2082,Yes,
sampling,MON,24,control,"Thu, Jul 3",9:00 AM,phys,Tank_6,MON_P24_C3,LN2,1280,Yes,Time: 9:39
sampling,MON,24,control,"Thu, Jul 3",9:00 AM,bulk_rna,Tank_6,MON_R24_C3,DNA/RNA shield,1214,Yes,
sampling,MON,24,control,"Thu, Jul 3",9:00 AM,LCM,Tank_6,MON_R24_C3,PAXgene,1214,Yes,
sampling,MON,24,control,"Thu, Jul 3",9:00 AM,spatial,Tank_6,MON_S24_C3,Formalin,1620,Yes,
sampling,MON,24,control,"Thu, Jul 3",9:00 AM,phys,Tank_1,MON_P24_C1,LN2,2566,Yes,
sampling,MON,24,control,"Thu, Jul 3",9:00 AM,bulk_rna,Tank_1,MON_R24_C1,DNA/RNA shield,2667,Yes,
sampling,MON,24,control,"Thu, Jul 3",9:00 AM,LCM,Tank_1,MON_R24_C1,PAXgene,2667,Yes,
sampling,MON,24,control,"Thu, Jul 3",9:00 AM,spatial,Tank_1,MON_S24_C1,Formalin,2013,Yes,
sampling,MON,24,heat,"Thu, Jul 3",9:00 AM,phys,Tank_2,MON_P24_H1,LN2,1601,Yes,
sampling,MON,24,heat,"Thu, Jul 3",9:00 AM,bulk_rna,Tank_2,MON_R24_H1,DNA/RNA shield,2529,Yes,
sampling,MON,24,heat,"Thu, Jul 3",9:00 AM,LCM,Tank_2,MON_R24_H1,PAXgene,2529,Yes,
sampling,MON,24,heat,"Thu, Jul 3",9:00 AM,spatial,Tank_2,MON_S24_H1,Formalin,1312,Yes,Time: 9:47
sampling,MON,72,control,"Sat, Jul 5",9:00 AM,phys,Tank_4,MON_P72_C2,LN2,1541,Yes,Time: 9:37
sampling,MON,72,control,"Sat, Jul 5",9:00 AM,bulk_rna,Tank_4,MON_R72_C2,DNA/RNA shield,1646,Yes,
sampling,MON,72,control,"Sat, Jul 5",9:00 AM,LCM,Tank_4,MON_R72_C2,PAXgene,1646,Yes,
sampling,MON,72,control,"Sat, Jul 5",9:00 AM,spatial,Tank_4,MON_S72_C2,Formalin,2202,Yes,recorded incorrectly as 2203
sampling,MON,72,heat,"Sat, Jul 5",9:00 AM,phys,Tank_3,MON_P72_H2,LN2,2086,Yes,"polyps pigmented, but rest of tissue is bleached or sloughing off. possibly dead"
sampling,MON,72,heat,"Sat, Jul 5",9:00 AM,bulk_rna,Tank_3,MON_R72_H2,DNA/RNA shield,2068,Yes,very bleached
sampling,MON,72,heat,"Sat, Jul 5",9:00 AM,LCM,Tank_3,MON_R72_H2,PAXgene,2068,Yes,very bleached
sampling,MON,72,heat,"Sat, Jul 5",9:00 AM,spatial,Tank_3,MON_S72_H2,Formalin,2002,Yes,looks very dead
sampling,MON,72,control,"Sat, Jul 5",9:00 AM,phys,Tank_6,MON_P72_C3,LN2,1731,Yes,
sampling,MON,72,control,"Sat, Jul 5",9:00 AM,bulk_rna,Tank_6,MON_R72_C3,DNA/RNA shield,1724,Yes,
sampling,MON,72,control,"Sat, Jul 5",9:00 AM,LCM,Tank_6,MON_R72_C3,PAXgene,1724,Yes,
sampling,MON,72,control,"Sat, Jul 5",9:00 AM,spatial,Tank_6,MON_S72_C3,Formalin,1188,Yes,
sampling,MON,72,control,"Sat, Jul 5",9:00 AM,phys,Tank_1,MON_P72_C1,LN2,1589,Yes,Time:
sampling,MON,72,control,"Sat, Jul 5",9:00 AM,bulk_rna,Tank_1,MON_R72_C1,DNA/RNA shield,1687,Yes,
sampling,MON,72,control,"Sat, Jul 5",9:00 AM,LCM,Tank_1,MON_R72_C1,PAXgene,1687,Yes,
sampling,MON,72,control,"Sat, Jul 5",9:00 AM,spatial,Tank_1,MON_S72_C1,Formalin,2523,Yes,
sampling,MON,72,heat,"Sat, Jul 5",9:00 AM,phys,Tank_2,MON_P72_H1,LN2,1039,Yes,"tissue sloughing off, parts still alive"
sampling,MON,72,heat,"Sat, Jul 5",9:00 AM,bulk_rna,Tank_2,MON_R72_H1,DNA/RNA shield,2182,Yes,bleached
sampling,MON,72,heat,"Sat, Jul 5",9:00 AM,LCM,Tank_2,MON_R72_H1,PAXgene,2182,Yes,bleached
sampling,MON,72,heat,"Sat, Jul 5",9:00 AM,spatial,Tank_2,MON_S72_H1,Formalin,1324,Yes,
sampling,MON,72,heat,"Sat, Jul 5",9:00 AM,phys,Tank_5,MON_P72_H3,LN2,1314,Yes,a couple areas of tissue loss
sampling,MON,72,heat,"Sat, Jul 5",9:00 AM,bulk_rna,Tank_5,MON_R72_H3,DNA/RNA shield,1596,Yes,
sampling,MON,72,heat,"Sat, Jul 5",9:00 AM,LCM,Tank_5,MON_R72_H3,PAXgene,1596,Yes,
sampling,MON,72,heat,"Sat, Jul 5",9:00 AM,spatial,Tank_5,MON_S72_H3,Formalin,2018,Yes,Time: 10:01
sampling,MON,120,heat,"Mon, Jul 7",9:00 AM,phys,Tank_5,MON_P120_H3,LN2,1549,Yes,Time: 9:50
sampling,MON,120,heat,"Mon, Jul 7",9:00 AM,bulk_rna,Tank_5,MON_R120_H3,DNA/RNA shield,1636,Yes,
sampling,MON,120,heat,"Mon, Jul 7",9:00 AM,LCM,Tank_5,MON_R120_H3,PAXgene,1636,Yes,
sampling,MON,120,heat,"Mon, Jul 7",9:00 AM,spatial,Tank_5,MON_S120_H3,Formalin,1272,Yes,
sampling,MON,120,heat,"Mon, Jul 7",9:00 AM,phys,Tank_3,MON_P120_H2,LN2,1458,Yes,
sampling,MON,120,heat,"Mon, Jul 7",9:00 AM,bulk_rna,Tank_3,MON_R120_H2,DNA/RNA shield,2512,Yes,
sampling,MON,120,heat,"Mon, Jul 7",9:00 AM,LCM,Tank_3,MON_R120_H2,PAXgene,2512,Yes,
sampling,MON,120,heat,"Mon, Jul 7",9:00 AM,spatial,Tank_3,MON_S120_H2,Formalin,1770,Yes,
sampling,MON,120,control,"Mon, Jul 7",9:00 AM,phys,Tank_4,MON_P120_C2,LN2,2852,Yes,
sampling,MON,120,control,"Mon, Jul 7",9:00 AM,bulk_rna,Tank_4,MON_R120_C2,DNA/RNA shield,1182,Yes,
sampling,MON,120,control,"Mon, Jul 7",9:00 AM,LCM,Tank_4,MON_R120_C2,PAXgene,1182,Yes,
sampling,MON,120,control,"Mon, Jul 7",9:00 AM,spatial,Tank_4,MON_S120_C2,Formalin,1561,Yes,
sampling,MON,120,heat,"Mon, Jul 7",9:00 AM,phys,Tank_2,MON_P120_H1,LN2,2084,Yes,Time: 10:01
sampling,MON,120,heat,"Mon, Jul 7",9:00 AM,bulk_rna,Tank_2,MON_R120_H1,DNA/RNA shield,1607,Yes,
sampling,MON,120,heat,"Mon, Jul 7",9:00 AM,LCM,Tank_2,MON_R120_H1,PAXgene,1607,Yes,
sampling,MON,120,heat,"Mon, Jul 7",9:00 AM,spatial,Tank_2,MON_S120_H1,Formalin,2876,Yes,
sampling,MON,120,control,"Mon, Jul 7",9:00 AM,phys,Tank_6,MON_P120_C3,LN2,1041,Yes,
sampling,MON,120,control,"Mon, Jul 7",9:00 AM,bulk_rna,Tank_6,MON_R120_C3,DNA/RNA shield,2736,Yes,
sampling,MON,120,control,"Mon, Jul 7",9:00 AM,LCM,Tank_6,MON_R120_C3,PAXgene,2736,Yes,
sampling,MON,120,control,"Mon, Jul 7",9:00 AM,spatial,Tank_6,MON_S120_C3,Formalin,1431,Yes,
sampling,MON,120,control,"Mon, Jul 7",9:00 AM,phys,Tank_1,MON_P120_C1,LN2,1108,Yes,
sampling,MON,120,control,"Mon, Jul 7",9:00 AM,bulk_rna,Tank_1,MON_R120_C1,DNA/RNA shield,1582,Yes,
sampling,MON,120,control,"Mon, Jul 7",9:00 AM,LCM,Tank_1,MON_R120_C1,PAXgene,1582,Yes,
sampling,MON,120,control,"Mon, Jul 7",9:00 AM,spatial,Tank_1,MON_S120_C1,Formalin,1692,Yes,Time: 10:09
sampling,MON,120,control,"Mon, Jul 7",9:00 AM,phys_PAM,Tank_1,POR_PAM_1739,LN2,1739,Yes,Time: 10:12
sampling,MON,120,control,"Mon, Jul 7",9:00 AM,phys_PAM,Tank_1,POR_PAM_1252,LN2,1252,Yes,
sampling,MON,120,control,"Mon, Jul 7",9:00 AM,phys_PAM,Tank_1,POR_PAM_1250,LN2,1250,Yes,
sampling,MON,120,heat,"Mon, Jul 7",9:00 AM,phys_PAM,Tank_2,POR_PAM_1211,LN2,1211,Yes,Time: 10:15
sampling,MON,120,heat,"Mon, Jul 7",9:00 AM,phys_PAM,Tank_2,POR_PAM_1248,LN2,1248,Yes,
sampling,MON,120,heat,"Mon, Jul 7",9:00 AM,phys_PAM,Tank_2,POR_PAM_1494,LN2,1494,Yes,
sampling,MON,120,heat,"Mon, Jul 7",9:00 AM,phys_PAM,Tank_3,POR_PAM_1339,LN2,1339,Yes,Time: 10:18
sampling,MON,120,heat,"Mon, Jul 7",9:00 AM,phys_PAM,Tank_3,POR_PAM_1113,LN2,1113,Yes,
sampling,MON,120,heat,"Mon, Jul 7",9:00 AM,phys_PAM,Tank_3,POR_PAM_1597,LN2,1597,Yes,
sampling,MON,120,control,"Mon, Jul 7",9:00 AM,phys_PAM,Tank_4,POR_PAM_1056,LN2,1056,Yes,Time: 10:21
sampling,MON,120,control,"Mon, Jul 7",9:00 AM,phys_PAM,Tank_4,POR_PAM_1461,LN2,1461,Yes,
sampling,MON,120,control,"Mon, Jul 7",9:00 AM,phys_PAM,Tank_4,POR_PAM_2360,LN2,2360,Yes,
sampling,MON,120,heat,"Mon, Jul 7",9:00 AM,phys_PAM,Tank_5,POR_PAM_1441,LN2,1441,Yes,Time: 10:25
sampling,MON,120,heat,"Mon, Jul 7",9:00 AM,phys_PAM,Tank_5,POR_PAM_1560,LN2,1560,Yes,
sampling,MON,120,heat,"Mon, Jul 7",9:00 AM,phys_PAM,Tank_5,POR_PAM_1086,LN2,1086,Yes,
sampling,MON,120,control,"Mon, Jul 7",9:00 AM,phys_PAM,Tank_6,POR_PAM_1563,LN2,1563,Yes,Time: 10:29
sampling,MON,120,control,"Mon, Jul 7",9:00 AM,phys_PAM,Tank_6,POR_PAM_1631,LN2,1631,Yes,
sampling,MON,120,control,"Mon, Jul 7",9:00 AM,phys_PAM,Tank_6,POR_PAM_1472,LN2,1472,Yes,Time: 10:31