Date,Treatment,Tank_ID,Time,Initials,Temperature_C,pH_mv,Salinity_psu,tris.date,Probe.Set,notes
20250708,Acclimation,1,09:08,ZD,25.17,-64,34.65,20250708,Probe1,
20250708,Acclimation,2,09:08,ZD,25.32,-64.2,34.66,20250708,Probe1,
20250708,Acclimation,3,09:08,ZD,25.23,-64.9,34.65,20250708,Probe1,
20250708,Acclimation,4,09:08,ZD,25.07,-64.8,34.69,20250708,Probe1,
20250708,Acclimation,5,09:08,ZD,25.16,-64.9,34.64,20250708,Probe1,
20250708,Acclimation,6,09:08,ZD,25.18,-64.9,34.67,20250708,Probe1,
20250708,Acclimation,1,12:20,NB,25.23,-64.2,34.7,20250708,Probe1,
20250708,Acclimation,2,12:20,NB,25.33,-64.5,34.67,20250708,Probe1,
20250708,Acclimation,3,12:20,NB,25.11,-65.3,34.68,20250708,Probe1,
20250708,Acclimation,4,12:20,NB,25.13,-65.2,34.74,20250708,Probe1,
20250708,Acclimation,5,12:20,NB,25,-65.3,34.67,20250708,Probe1,
20250708,Acclimation,6,12:20,NB,25.07,-65.3,34.73,20250708,Probe1,
20250709,Acclimation,1,09:03,ZD;PP,25.2,-64.3,34.89,20250708,Probe1,"Temp probe broken, temp taken from apex"
20250709,Acclimation,2,09:03,ZD;PP,25.1,-64.9,34.85,20250708,Probe1,"Temp probe broken, temp taken from apex"
20250709,Acclimation,3,09:03,ZD;PP,25.1,-65.4,34.85,20250708,Probe1,"Temp probe broken, temp taken from apex"
20250709,Acclimation,4,09:03,ZD;PP,25.1,-65.1,35.04,20250708,Probe1,"Temp probe broken, temp taken from apex"
20250709,Acclimation,5,09:03,ZD;PP,25.1,-65.5,34.88,20250708,Probe1,"Temp probe broken, temp taken from apex"
20250709,Acclimation,6,09:03,ZD;PP,25,-65.8,34.92,20250708,Probe1,"Temp probe broken, temp taken from apex"
20250709,Control,1,11:03,ZD;PP,25.2,-64.3,34.9,20250708,Probe1,"Temp probe broken, temp taken from apex"
20250709,Heat,2,11:03,ZD;PP,31.9,-62.8,34.94,20250708,Probe1,"Temp probe broken, temp taken from apex"
20250709,Heat,3,11:03,ZD;PP,32.1,-62.9,34.98,20250708,Probe1,"Temp probe broken, temp taken from apex"
20250709,Control,4,11:03,ZD;PP,25.1,-64.8,35,20250708,Probe1,"Temp probe broken, temp taken from apex"
20250709,Heat,5,11:03,ZD;PP,32.1,-63.1,34.93,20250708,Probe1,"Temp probe broken, temp taken from apex"
20250709,Control,6,11:03,ZD;PP,25.1,-65.5,34.9,20250708,Probe1,"Temp probe broken, temp taken from apex"
20250709,Control,1,12:22,NB;JH,25.1,-64.2,34.82,20250708,Probe1,"Temp probe broken, temp taken from ATC Orion Probe"
20250709,Heat,2,12:22,NB;JH,31.8,-62.7,34.85,20250708,Probe1,"Temp probe broken, temp taken from ATC Orion Probe"
20250709,Heat,3,12:22,NB;JH,31.9,-63.3,34.83,20250708,Probe1,"Temp probe broken, temp taken from ATC Orion Probe"
20250709,Control,4,12:22,NB;JH,25.1,-64.6,34.91,20250708,Probe1,"Temp probe broken, temp taken from ATC Orion Probe"
20250709,Heat,5,12:22,NB;JH,31.9,-63,34.85,20250708,Probe1,"Temp probe broken, temp taken from ATC Orion Probe"
20250709,Control,6,12:22,NB;JH,25.2,-65.4,34.89,20250708,Probe1,"Temp probe broken, temp taken from ATC Orion Probe"
20250709,Control,1,14:22,JA;ZD,25.32,-63.7,34.87,20250708,Probe1,From now on: using new Fisher Traceable Thermometer (SN250203753) with old probe from older model from bermuda (probe from this model already rusted)
20250709,Heat,2,14:22,JA;ZD,32.19,-63.1,34.9,20250708,Probe1,From now on: using new Fisher Traceable Thermometer (SN250203753) with old probe from older model from bermuda (probe from this model already rusted)
20250709,Heat,3,14:22,JA;ZD,32.36,-63.6,34.96,20250708,Probe1,From now on: using new Fisher Traceable Thermometer (SN250203753) with old probe from older model from bermuda (probe from this model already rusted)
20250709,Control,4,14:22,JA;ZD,25.25,-64.5,34.96,20250708,Probe1,From now on: using new Fisher Traceable Thermometer (SN250203753) with old probe from older model from bermuda (probe from this model already rusted)
20250709,Heat,5,14:22,JA;ZD,32.16,-63.1,34.94,20250708,Probe1,From now on: using new Fisher Traceable Thermometer (SN250203753) with old probe from older model from bermuda (probe from this model already rusted)
20250709,Control,6,14:22,JA;ZD,25.17,-65.4,34.84,20250708,Probe1,From now on: using new Fisher Traceable Thermometer (SN250203753) with old probe from older model from bermuda (probe from this model already rusted)
20250709,Control,1,20:37,JA;ZD,25.04,-65.1,35.15,20250708,Probe1,
20250709,Heat,2,20:37,JA;ZD,32.28,-63.8,35.16,20250708,Probe1,
20250709,Heat,3,20:37,JA;ZD,32.04,-64.5,35.14,20250708,Probe1,
20250709,Control,4,20:37,JA;ZD,25.06,-64.9,35.3,20250708,Probe1,
20250709,Heat,5,20:37,JA;ZD,31.86,-63.8,35.28,20250708,Probe1,
20250709,Control,6,20:37,JA;ZD,25.05,-65.4,35.15,20250708,Probe1,
20250709,Control,1,22:19,JA;ZD,25.14,-64.3,35.06,20250708,Probe1,
20250709,Heat,2,22:19,JA;ZD,32.1,-63.6,35.08,20250708,Probe1,
20250709,Heat,3,22:19,JA;ZD,32.16,-64.2,35.07,20250708,Probe1,
20250709,Control,4,22:19,JA;ZD,25.03,-64.5,35.1,20250708,Probe1,
20250709,Heat,5,22:19,JA;ZD,31.95,-64.1,35.01,20250708,Probe1,
20250709,Control,6,22:19,JA;ZD,25.06,-65,35.06,20250708,Probe1,
20250710,Control,1,09:00,JA;ZD,25.03,-64.9,34.73,20250708,Probe1,
20250710,Heat,2,09:00,JA;ZD,32.17,-63.4,35.11,20250708,Probe1,
20250710,Heat,3,09:00,JA;ZD,32.22,-65,35.04,20250708,Probe1,
20250710,Control,4,09:00,JA;ZD,25.05,-64.7,34.82,20250708,Probe1,
20250710,Heat,5,09:00,JA;ZD,31.75,-64.9,35.17,20250708,Probe1,
20250710,Control,6,09:00,JA;ZD,25.1,-64.8,34.77,20250708,Probe1,
20250710,Control,1,09:53,JH;PP,25.09,-63.8,34.79,20250708,Probe1,
20250710,Heat,2,09:53,JH;PP,32.24,-63.9,35,20250708,Probe1,
20250710,Heat,3,09:53,JH;PP,31.99,-65.3,35.03,20250708,Probe1,
20250710,Control,4,09:53,JH;PP,25.07,-64.1,34.87,20250708,Probe1,
20250710,Heat,5,09:53,JH;PP,32.4,-65.1,35.02,20250708,Probe1,
20250710,Control,6,09:53,JH;PP,25.1,-64.5,34.81,20250708,Probe1,
20250710,Control,1,14:10,ZD,25.19,-65.1,34.78,20250708,Probe1,
20250710,Heat,2,14:10,ZD,31.92,-64.8,35.05,20250708,Probe1,
20250710,Heat,3,14:10,ZD,32.09,-65.7,35.04,20250708,Probe1,
20250710,Control,4,14:10,ZD,25.02,-64.9,34.88,20250708,Probe1,
20250710,Heat,5,14:10,ZD,32.34,-65.4,35.09,20250708,Probe1,
20250710,Control,6,14:10,ZD,24.98,-65.2,34.79,20250708,Probe1,
20250710,Control,1,20:19,ZD,25.2,-65.6,34.82,20250708,Probe1,
20250710,Heat,2,20:19,ZD,32.3,-66,35.01,20250708,Probe1,
20250710,Heat,3,20:19,ZD,31.85,-66.8,34.98,20250708,Probe1,
20250710,Control,4,20:19,ZD,25.18,-65.4,34.95,20250708,Probe1,
20250710,Heat,5,20:19,ZD,32.05,-66.5,35.11,20250708,Probe1,
20250710,Control,6,20:19,ZD,25.16,-65.5,34.85,20250708,Probe1,
20250710,Control,1,22:32,ZD,25.23,-65.4,34.76,20250708,Probe1,
20250710,Heat,2,22:32,ZD,31.74,-66.3,34.85,20250708,Probe1,
20250710,Heat,3,22:32,ZD,32.17,-66.7,34.84,20250708,Probe1,
20250710,Control,4,22:32,ZD,25.09,-65.3,34.89,20250708,Probe1,
20250710,Heat,5,22:32,ZD,32.13,-66.5,34.84,20250708,Probe1,
20250710,Control,6,22:32,ZD,25.01,-65.4,34.82,20250708,Probe1,
20250711,Control,1,08:21,ZD,25.18,-65.4,34.84,20250708,Probe1,
20250711,Heat,2,08:21,ZD,32.23,-66.7,35.07,20250708,Probe1,
20250711,Heat,3,08:21,ZD,32.01,-67.3,35.05,20250708,Probe1,
20250711,Control,4,08:21,ZD,25.02,-65.6,35,20250708,Probe1,
20250711,Heat,5,08:21,ZD,32.25,-67.5,35.06,20250708,Probe1,
20250711,Control,6,08:21,ZD,24.94,-65.4,34.91,20250708,Probe1,
20250711,Control,1,12:34,ZD;JA,25.21,-66.2,34.93,20250708,Probe1,
20250711,Heat,2,12:34,ZD;JA,32.32,-66.5,35.06,20250708,Probe1,
20250711,Heat,3,12:34,ZD;JA,32.12,-66.8,35.14,20250708,Probe1,
20250711,Control,4,12:34,ZD;JA,25.56,-65.8,35.06,20250708,Probe1,
20250711,Heat,5,12:34,ZD;JA,32.35,-66.6,35.01,20250708,Probe1,
20250711,Control,6,12:34,ZD;JA,25.55,-66,34.99,20250708,Probe1,
20250711,Control,1,14:05,JH,24.97,-64.6,34.94,20250708,Probe1,
20250711,Heat,2,14:05,JH,31.95,-66.5,34.96,20250708,Probe1,
20250711,Heat,3,14:05,JH,32.25,-66.8,34.98,20250708,Probe1,
20250711,Control,4,14:05,JH,25.2,-65.3,34.98,20250708,Probe1,
20250711,Heat,5,14:05,JH,32.08,-67.2,34.82,20250708,Probe1,
20250711,Control,6,14:05,JH,25.28,-65.7,34.96,20250708,Probe1,