species,fragment,surface.area.cm2,Homogenate.Volume
POR,POR_P0_C1,4.103607785362135,7.2
POR,POR_P0_C2,2.848063354662692,8.8
POR,POR_P0_C3,3.7097114933779975,7
POR,POR_P0_H1,3.432753163076646,7.5
POR,POR_P0_H2,3.395825385703137,7
POR,POR_P0_H3,2.823444836413686,8
POR,POR_P1_C1,3.2911966831448547,7
POR,POR_P1_C2,2.1772087323772036,6.8
POR,POR_P1_C3,2.7988263181646733,10
POR,POR_P1_H1,2.4972494696143226,6.9
POR,POR_P1_H2,1.6356013308990138,7.3
POR,POR_P1_H3,3.4081346448276397,7.5
POR,POR_P3_C1,2.7311253929798998,7
POR,POR_P3_C2,6.356202205146428,8
POR,POR_P3_C3,3.5620003838839476,8.6
POR,POR_P3_H1,5.636110546362928,8.8
POR,POR_P3_H2,2.060270770694415,6.9
POR,POR_P3_H3,2.0294976228831474,7
POR,POR_P12_C1,3.155794832775301,7
POR,POR_P12_C2,3.020392982405751,6.8
POR,POR_P12_C3,2.958846686783233,12.5
POR,POR_P12_H1,4.595978150342315,16.7
POR,POR_P12_H2,2.312610582746754,7
POR,POR_P12_H3,2.146435584565946,7
POR,POR_P24_C1,2.884991132036201,6.8
POR,POR_P24_C2,3.494299458699171,7.1
POR,POR_P24_C3,2.8111355772891797,8.8
POR,POR_P24_H1,2.78651705904017,7
POR,POR_P24_H2,3.998979082803845,8.5
POR,POR_P24_H3,4.380566115663486,7.4
POR,POR_P72_C1,3.4758355700124133,7.4
POR,POR_P72_C2,2.2264457688752226,7
POR,POR_P72_C3,5.777667026294726,10.5
POR,POR_P72_H1,5.13143092225825,7
POR,POR_P72_H2,3.365052237891876,7.1
POR,POR_P72_H3,4.072834637550877,9.6
POR,POR_P120_C1,2.6818883564818847,8
POR,POR_P120_C2,3.038856871092516,7
POR,POR_P120_C3,3.9251235280568273,32.4
POR,POR_P120_H1,2.4541670626785517,8.6
POR,POR_P120_H2,1.8817865133890979,7.2
POR,POR_P120_H3,3.4389077926389042,10
MON,MON_P0_C1,7.427107748978315,7.2
MON,MON_P0_C2,4.374411486101231,7.5
MON,MON_P0_C3,4.73753463027411,7.2
MON,MON_P0_H1,5.5314818438046425,10.5
MON,MON_P0_H2,6.350047575584177,7.8
MON,MON_P0_H3,7.217850343861733,8.2
MON,MON_P1_C1,3.494299458699171,7.5
MON,MON_P1_C2,5.457626289057614,7.4
MON,MON_P1_C3,4.897554998892666,7.4
MON,MON_P1_H1,5.2791420317523,7.2
MON,MON_P1_H2,4.312865190478712,7
MON,MON_P1_H3,5.1622040700695075,11.6
MON,MON_P3_C1,5.451471659495362,7.5
MON,MON_P3_C2,3.7527939003137614,6.8
MON,MON_P3_C3,2.072580029818918,6.8
MON,MON_P3_H1,3.9497420463058264,7.4
MON,MON_P3_H2,6.565459610263007,6.6
MON,MON_P3_H3,3.211186498835571,7.6
MON,MON_P12_C1,3.863577232434302,7
MON,MON_P12_C2,4.989874442326452,7.4
MON,MON_P12_C3,3.758948529876016,8.4
MON,MON_P12_H1,6.2761920208371516,7
MON,MON_P12_H2,4.294401301791958,7
MON,MON_P12_H3,5.285296661314558,8
MON,MON_P24_C1,14.178736378768944,7.4
MON,MON_P24_C2,6.491604055515982,11
MON,MON_P24_C3,5.156049440507259,9.4
MON,MON_P24_H1,3.2296503875223257,6.6
MON,MON_P24_H2,3.0327022415302576,6.8
MON,MON_P24_H3,2.8665272433494464,10.2
MON,MON_P72_C1,5.771512396732475,6.8
MON,MON_P72_C2,3.0696300189037697,7
MON,MON_P72_C3,9.531991059268558,8.8
MON,MON_P72_H1,6.9716651613716465,7.2
MON,MON_P72_H2,8.596487365806228,7
MON,MON_P72_H3,7.691756820155153,8.2
MON,MON_P120_C1,4.048216119301864,7.6
MON,MON_P120_C2,2.4726309513653097,8
MON,MON_P120_C3,5.4022346229973435,7.2
MON,MON_P120_H1,9.08270310122415,6.8
MON,MON_P120_H2,6.707016090194805,7.2
MON,MON_P120_H3,3.740484641189255,7.4
POC,POC_P0_C1,3.685092975128988,8.4
POC,POC_P0_C2,1.3709522597221704,7.4
POC,POC_P0_C3,2.2141365097507197,7.5
POC,POC_P0_H1,3.2604235353335884,7.5
POC,POC_P0_H2,2.041806882007657,7.5
POC,POC_P0_H3,2.2941466940599957,7.5
POC,POC_P1_C1,2.238755027999729,7.2
POC,POC_P1_C2,2.1341263254414398,7.6
POC,POC_P1_C3,1.5863642944009966,7.5
POC,POC_P1_H1,2.1772087323772036,7.2
POC,POC_P1_H2,1.9002504020758573,7.4
POC,POC_P1_H3,1.998724475071893,7.5
POC,POC_P3_C1,1.1124578181075786,7.6
POC,POC_P3_C2,2.072580029818918,7.4
POC,POC_P3_C3,1.9248689203248666,7.4
POC,POC_P3_H1,1.8694772542645963,7.3
POC,POC_P3_H2,2.6326513199838657,7.2
POC,POC_P3_H3,2.6141874312971076,7.5
POC,POC_P12_C1,2.189517991501712,7.4
POC,POC_P12_C2,3.7958763072495287,7.5
POC,POC_P12_C3,2.2633735462487348,7.6
POC,POC_P12_H1,2.4603216922408033,7.5
POC,POC_P12_H2,2.7557439112289095,7.8
POC,POC_P12_H3,2.7311253929799033,7
POC,POC_P24_C1,2.054116141132162,7.5
POC,POC_P24_C2,3.137330944088545,7.2
POC,POC_P24_C3,2.7926716886024234,6.8
POC,POC_P24_H1,1.9187142907626136,7.5
POC,POC_P24_H2,1.8940957725136056,7.2
POC,POC_P24_H3,2.1341263254414398,7.5
POC,POC_P72_C1,1.7956216995175698,7.5
POC,POC_P72_C2,2.2572189166864836,7.5
POC,POC_P72_C3,2.060270770694415,7.3
POC,POC_P72_H1,1.6109828126500045,7.2
POC,POC_P72_H2,2.4480124331163005,7.6
POC,POC_P72_H3,1.7710031812685605,7.2
POC,POC_P120_C1,3.1065577962772855,8.5
POC,POC_P120_C2,1.8387041064533372,7
POC,POC_P120_C3,2.5649503947990926,7.3
POC,POC_P120_H1,2.9403827980964747,7.5
POC,POC_P120_H2,3.6666290864422333,7.4
POC,POC_P120_H3,2.1956726210639617,7.5
