"","sample_id","total_seq","n_fastqs","total_Mseq"
"1","POR_R24_C3_R1_trim",7843057,2,7.843057
"2","POR_R24_C3_R2_trim",7843057,2,7.843057
"3","POR_R3_C2_R1_trim",8570836,2,8.570836
"4","POR_R3_C2_R2_trim",8570836,2,8.570836
"5","MON_R120_C3_R1_trim",8902567,2,8.902567
"6","MON_R120_C3_R2_trim",8902567,2,8.902567
"7","POC_R3_H2_R1_trim",10182157,2,10.182157
"8","POC_R3_H2_R2_trim",10182157,2,10.182157
"9","MON_R3_H2_R1_trim",11349641,2,11.349641
"10","MON_R3_H2_R2_trim",11349641,2,11.349641
"11","POR_R120_H1_R1_trim",11367468,2,11.367468
"12","POR_R120_H1_R2_trim",11367468,2,11.367468
"13","POC_R12_C3_R1_trim",13318863,2,13.318863
"14","POC_R12_C3_R2_trim",13318863,2,13.318863
"15","POC_R120_C1_R1_trim",13618183,2,13.618183
"16","POC_R120_C1_R2_trim",13618183,2,13.618183
"17","MON_R0_H2_R1_trim",13969136,2,13.969136
"18","MON_R0_H2_R2_trim",13969136,2,13.969136
"19","POR_R120_C1_R1_trim",13988699,2,13.988699
"20","POR_R120_C1_R2_trim",13988699,2,13.988699
"21","POR_R3_H1_R1_trim",14247994,2,14.247994
"22","POR_R3_H1_R2_trim",14247994,2,14.247994
"23","POC_R1_H1_R1_trim",14383851,2,14.383851
"24","POC_R1_H1_R2_trim",14383851,2,14.383851
"25","POR_R12_C1_R1_trim",14882175,2,14.882175
"26","POR_R12_C1_R2_trim",14882175,2,14.882175
"27","POR_R3_C3_R1_trim",14949566,1,14.949566
"28","POR_R3_C3_R2_trim",14949566,1,14.949566
"29","POR_R1_C2_R1_trim",15014549,2,15.014549
"30","POR_R1_C2_R2_trim",15014549,2,15.014549
"31","POR_R12_C3_R1_trim",15086708,1,15.086708
"32","POR_R12_C3_R2_trim",15086708,1,15.086708
"33","MON_R12_C1_R1_trim",15100946,1,15.100946
"34","MON_R12_C1_R2_trim",15100946,1,15.100946
"35","MON_R1_H1_R1_trim",15133391,1,15.133391
"36","MON_R1_H1_R2_trim",15133391,1,15.133391
"37","POR_R72_H2_R1_trim",15160588,1,15.160588
"38","POR_R72_H2_R2_trim",15160588,1,15.160588
"39","MON_R12_H3_R1_trim",15284909,1,15.284909
"40","MON_R12_H3_R2_trim",15284909,1,15.284909
"41","MON_R3_H3_R1_trim",15288598,1,15.288598
"42","MON_R3_H3_R2_trim",15288598,1,15.288598
"43","POC_R12_H3_R1_trim",15294654,2,15.294654
"44","POC_R12_H3_R2_trim",15294654,2,15.294654
"45","MON_R72_H1_R1_trim",15327535,1,15.327535
"46","MON_R72_H1_R2_trim",15327535,1,15.327535
"47","POR_R72_C3_R1_trim",15342750,1,15.34275
"48","POR_R72_C3_R2_trim",15342750,1,15.34275
"49","POC_R3_H1_R1_trim",15404553,2,15.404553
"50","POC_R3_H1_R2_trim",15404553,2,15.404553
"51","POC_R72_H3_R1_trim",15415216,1,15.415216
"52","POC_R72_H3_R2_trim",15415216,1,15.415216
"53","MON_R24_H2_R1_trim",15431326,1,15.431326
"54","MON_R24_H2_R2_trim",15431326,1,15.431326
"55","POR_R3_C1_R1_trim",15451984,1,15.451984
"56","POR_R3_C1_R2_trim",15451984,1,15.451984
"57","POR_R72_H1_R1_trim",15468570,2,15.46857
"58","POR_R72_H1_R2_trim",15468570,2,15.46857
"59","MON_R120_H1_R1_trim",15508429,1,15.508429
"60","MON_R120_H1_R2_trim",15508429,1,15.508429
"61","POR_R24_H2_R1_trim",15751177,1,15.751177
"62","POR_R24_H2_R2_trim",15751177,1,15.751177
"63","MON_R3_C2_R1_trim",15798960,1,15.79896
"64","MON_R3_C2_R2_trim",15798960,1,15.79896
"65","POR_R72_C1_R1_trim",15851023,1,15.851023
"66","POR_R72_C1_R2_trim",15851023,1,15.851023
"67","MON_R72_C2_R1_trim",15855701,2,15.855701
"68","MON_R72_C2_R2_trim",15855701,2,15.855701
"69","MON_R12_C2_R1_trim",15870136,1,15.870136
"70","MON_R12_C2_R2_trim",15870136,1,15.870136
"71","POC_R12_C1_R1_trim",15950909,1,15.950909
"72","POC_R12_C1_R2_trim",15950909,1,15.950909
"73","POR_R1_C1_R1_trim",15994188,2,15.994188
"74","POR_R1_C1_R2_trim",15994188,2,15.994188
"75","POR_R24_C2_R1_trim",15996585,1,15.996585
"76","POR_R24_C2_R2_trim",15996585,1,15.996585
"77","POR_R72_H3_R1_trim",16095937,1,16.095937
"78","POR_R72_H3_R2_trim",16095937,1,16.095937
"79","MON_R0_C2_R1_trim",16101198,2,16.101198
"80","MON_R0_C2_R2_trim",16101198,2,16.101198
"81","POR_R1_C3_R1_trim",16155170,2,16.15517
"82","POR_R1_C3_R2_trim",16155170,2,16.15517
"83","MON_R1_H3_R1_trim",16190302,2,16.190302
"84","MON_R1_H3_R2_trim",16190302,2,16.190302
"85","POC_R24_C2_R1_trim",16396475,1,16.396475
"86","POC_R24_C2_R2_trim",16396475,1,16.396475
"87","MON_R24_C1_R1_trim",16411293,1,16.411293
"88","MON_R24_C1_R2_trim",16411293,1,16.411293
"89","POR_R0_H1_R1_trim",16457340,1,16.45734
"90","POR_R0_H1_R2_trim",16457340,1,16.45734
"91","POC_R120_C2_R1_trim",16540844,2,16.540844
"92","POC_R120_C2_R2_trim",16540844,2,16.540844
"93","MON_R1_H2_R1_trim",16676138,1,16.676138
"94","MON_R1_H2_R2_trim",16676138,1,16.676138
"95","MON_R72_H3_R1_trim",16724285,2,16.724285
"96","MON_R72_H3_R2_trim",16724285,2,16.724285
"97","POC_R24_H2_R1_trim",16733336,1,16.733336
"98","POC_R24_H2_R2_trim",16733336,1,16.733336
"99","MON_R12_H2_R1_trim",16820137,1,16.820137
"100","MON_R12_H2_R2_trim",16820137,1,16.820137
"101","MON_R3_C1_R1_trim",16862764,1,16.862764
"102","MON_R3_C1_R2_trim",16862764,1,16.862764
"103","POR_R0_C3_R1_trim",16973590,2,16.97359
"104","POR_R0_C3_R2_trim",16973590,2,16.97359
"105","POC_R3_H3_R1_trim",16987689,1,16.987689
"106","POC_R3_H3_R2_trim",16987689,1,16.987689
"107","MON_R0_H3_R1_trim",17067830,1,17.06783
"108","MON_R0_H3_R2_trim",17067830,1,17.06783
"109","POC_R72_H2_R1_trim",17132924,1,17.132924
"110","POC_R72_H2_R2_trim",17132924,1,17.132924
"111","POR_R120_H3_R1_trim",17159924,2,17.159924
"112","POR_R120_H3_R2_trim",17159924,2,17.159924
"113","POC_R0_H2_R1_trim",17194253,1,17.194253
"114","POC_R0_H2_R2_trim",17194253,1,17.194253
"115","POR_R24_H1_R1_trim",17263898,2,17.263898
"116","POR_R24_H1_R2_trim",17263898,2,17.263898
"117","MON_R0_C3_R1_trim",17414616,2,17.414616
"118","MON_R0_C3_R2_trim",17414616,2,17.414616
"119","POR_R1_H2_R1_trim",17470187,1,17.470187
"120","POR_R1_H2_R2_trim",17470187,1,17.470187
"121","POR_R72_C2_R1_trim",17720826,1,17.720826
"122","POR_R72_C2_R2_trim",17720826,1,17.720826
"123","POC_R72_C3_R1_trim",17855369,1,17.855369
"124","POC_R72_C3_R2_trim",17855369,1,17.855369
"125","POC_R24_H3_R1_trim",18033331,1,18.033331
"126","POC_R24_H3_R2_trim",18033331,1,18.033331
"127","MON_R12_C3_R1_trim",18046013,1,18.046013
"128","MON_R12_C3_R2_trim",18046013,1,18.046013
"129","POC_R120_H1_R1_trim",18059569,2,18.059569
"130","POC_R120_H1_R2_trim",18059569,2,18.059569
"131","POR_R12_H1_R1_trim",18094926,2,18.094926
"132","POR_R12_H1_R2_trim",18094926,2,18.094926
"133","POR_R3_H3_R1_trim",18170886,2,18.170886
"134","POR_R3_H3_R2_trim",18170886,2,18.170886
"135","MON_R1_C1_R1_trim",18187431,1,18.187431
"136","MON_R1_C1_R2_trim",18187431,1,18.187431
"137","POR_R12_C2_R1_trim",18254907,1,18.254907
"138","POR_R12_C2_R2_trim",18254907,1,18.254907
"139","POC_R0_C2_R1_trim",18332777,2,18.332777
"140","POC_R0_C2_R2_trim",18332777,2,18.332777
"141","MON_R24_C2_R1_trim",18340435,1,18.340435
"142","MON_R24_C2_R2_trim",18340435,1,18.340435
"143","POC_R120_C3_R1_trim",18412529,2,18.412529
"144","POC_R120_C3_R2_trim",18412529,2,18.412529
"145","MON_R3_C3_R1_trim",18440310,2,18.44031
"146","MON_R3_C3_R2_trim",18440310,2,18.44031
"147","POC_R0_H1_R1_trim",18505556,2,18.505556
"148","POC_R0_H1_R2_trim",18505556,2,18.505556
"149","MON_R120_C2_R1_trim",18507536,1,18.507536
"150","MON_R120_C2_R2_trim",18507536,1,18.507536
"151","POR_R0_C2_R1_trim",18534989,1,18.534989
"152","POR_R0_C2_R2_trim",18534989,1,18.534989
"153","MON_R24_H1_R1_trim",18542272,1,18.542272
"154","MON_R24_H1_R2_trim",18542272,1,18.542272
"155","MON_R12_H1_R1_trim",18594615,2,18.594615
"156","MON_R12_H1_R2_trim",18594615,2,18.594615
"157","MON_R120_H3_R1_trim",18606948,2,18.606948
"158","MON_R120_H3_R2_trim",18606948,2,18.606948
"159","POC_R3_C2_R1_trim",18647667,2,18.647667
"160","POC_R3_C2_R2_trim",18647667,2,18.647667
"161","POR_R1_H1_R1_trim",18689639,1,18.689639
"162","POR_R1_H1_R2_trim",18689639,1,18.689639
"163","MON_R1_C2_R1_trim",18709242,1,18.709242
"164","MON_R1_C2_R2_trim",18709242,1,18.709242
"165","MON_R72_C1_R1_trim",18759165,2,18.759165
"166","MON_R72_C1_R2_trim",18759165,2,18.759165
"167","POC_R12_H2_R1_trim",18767083,1,18.767083
"168","POC_R12_H2_R2_trim",18767083,1,18.767083
"169","POC_R1_C3_R1_trim",18780811,1,18.780811
"170","POC_R1_C3_R2_trim",18780811,1,18.780811
"171","POC_R72_C1_R1_trim",18783520,2,18.78352
"172","POC_R72_C1_R2_trim",18783520,2,18.78352
"173","POC_R12_H1_R1_trim",18800091,1,18.800091
"174","POC_R12_H1_R2_trim",18800091,1,18.800091
"175","MON_R24_H3_R1_trim",18939741,1,18.939741
"176","MON_R24_H3_R2_trim",18939741,1,18.939741
"177","POC_R24_H1_R1_trim",18977274,2,18.977274
"178","POC_R24_H1_R2_trim",18977274,2,18.977274
"179","POC_R0_C1_R1_trim",19155605,2,19.155605
"180","POC_R0_C1_R2_trim",19155605,2,19.155605
"181","POR_R0_H3_R1_trim",19298869,1,19.298869
"182","POR_R0_H3_R2_trim",19298869,1,19.298869
"183","POR_R0_H2_R1_trim",19312110,2,19.31211
"184","POR_R0_H2_R2_trim",19312110,2,19.31211
"185","MON_R3_H1_R1_trim",19375429,2,19.375429
"186","MON_R3_H1_R2_trim",19375429,2,19.375429
"187","POC_R0_C3_R1_trim",19413836,2,19.413836
"188","POC_R0_C3_R2_trim",19413836,2,19.413836
"189","POC_R120_H3_R1_trim",19432523,2,19.432523
"190","POC_R120_H3_R2_trim",19432523,2,19.432523
"191","POR_R3_H2_R1_trim",19612904,1,19.612904
"192","POR_R3_H2_R2_trim",19612904,1,19.612904
"193","POR_R120_H2_R1_trim",19787541,1,19.787541
"194","POR_R120_H2_R2_trim",19787541,1,19.787541
"195","POC_R1_H3_R1_trim",19823541,1,19.823541
"196","POC_R1_H3_R2_trim",19823541,1,19.823541
"197","MON_R24_C3_R1_trim",20015554,2,20.015554
"198","MON_R24_C3_R2_trim",20015554,2,20.015554
"199","POC_R1_H2_R1_trim",20024009,1,20.024009
"200","POC_R1_H2_R2_trim",20024009,1,20.024009
"201","POR_R12_H3_R1_trim",20149061,1,20.149061
"202","POR_R12_H3_R2_trim",20149061,1,20.149061
"203","MON_R120_C1_R1_trim",20292643,1,20.292643
"204","MON_R120_C1_R2_trim",20292643,1,20.292643
"205","POC_R1_C1_R1_trim",20322596,2,20.322596
"206","POC_R1_C1_R2_trim",20322596,2,20.322596
"207","POC_R3_C1_R1_trim",20389362,2,20.389362
"208","POC_R3_C1_R2_trim",20389362,2,20.389362
"209","POR_R12_H2_R1_trim",20719114,1,20.719114
"210","POR_R12_H2_R2_trim",20719114,1,20.719114
"211","POC_R0_H3_R1_trim",20720904,1,20.720904
"212","POC_R0_H3_R2_trim",20720904,1,20.720904
"213","POR_R24_H3_R1_trim",20794167,1,20.794167
"214","POR_R24_H3_R2_trim",20794167,1,20.794167
"215","POC_R12_C2_R1_trim",20841125,1,20.841125
"216","POC_R12_C2_R2_trim",20841125,1,20.841125
"217","MON_R72_H2_R1_trim",20858703,2,20.858703
"218","MON_R72_H2_R2_trim",20858703,2,20.858703
"219","POR_R120_C2_R1_trim",20884976,1,20.884976
"220","POR_R120_C2_R2_trim",20884976,1,20.884976
"221","POR_R120_C3_R1_trim",21022157,1,21.022157
"222","POR_R120_C3_R2_trim",21022157,1,21.022157
"223","POC_R24_C1_R1_trim",21120682,1,21.120682
"224","POC_R24_C1_R2_trim",21120682,1,21.120682
"225","POR_R24_C1_R1_trim",21431880,1,21.43188
"226","POR_R24_C1_R2_trim",21431880,1,21.43188
"227","POR_R1_H3_R1_trim",21850264,1,21.850264
"228","POR_R1_H3_R2_trim",21850264,1,21.850264
"229","POC_R3_C3_R1_trim",22206991,1,22.206991
"230","POC_R3_C3_R2_trim",22206991,1,22.206991
"231","POC_R72_H1_R1_trim",22264917,1,22.264917
"232","POC_R72_H1_R2_trim",22264917,1,22.264917
"233","MON_R1_C3_R1_trim",22406370,1,22.40637
"234","MON_R1_C3_R2_trim",22406370,1,22.40637
"235","POC_R24_C3_R1_trim",22674647,1,22.674647
"236","POC_R24_C3_R2_trim",22674647,1,22.674647
"237","POR_R0_C1_R1_trim",22794527,2,22.794527
"238","POR_R0_C1_R2_trim",22794527,2,22.794527
"239","MON_R72_C3_R1_trim",22918766,2,22.918766
"240","MON_R72_C3_R2_trim",22918766,2,22.918766
"241","POC_R72_C2_R1_trim",23233557,1,23.233557
"242","POC_R72_C2_R2_trim",23233557,1,23.233557
"243","POC_R1_C2_R1_trim",25354966,2,25.354966
"244","POC_R1_C2_R2_trim",25354966,2,25.354966
"245","MON_R0_H1_R1_trim",25941298,1,25.941298
"246","MON_R0_H1_R2_trim",25941298,1,25.941298
"247","MON_R120_H2_R1_trim",28172612,1,28.172612
"248","MON_R120_H2_R2_trim",28172612,1,28.172612
"249","POC_R120_H2_R1_trim",30156569,2,30.156569
"250","POC_R120_H2_R2_trim",30156569,2,30.156569
"251","MON_R0_C1_R1_trim",34387353,1,34.387353
"252","MON_R0_C1_R2_trim",34387353,1,34.387353
