"","MElightcyan","MEroyalblue","MEsalmon","MEviolet","MEdarkolivegreen","MEpurple","MEturquoise","MElightyellow","MEred","MEpaleturquoise","MEyellow","MEblue","MEmidnightblue","MEorange","MEpink","MEtan","MEgrey60","MEsteelblue","MEdarkred","MEgreenyellow","MEgreen","MEsaddlebrown","MEdarkgreen","MEwhite","MEdarkturquoise","MEblack","MEcyan","MEmagenta","MEbrown","MEdarkgrey"
"MON_R0_C1",-0.0139601419814397,0.044719574884012,-0.0838851977911169,0.00588543756088447,0.0177582745641244,-0.058806928729101,-0.0924600602125961,-0.128949412736002,-0.128393944243947,-0.162973789009506,-0.086490654065207,0.10024610748614,0.00799617032131269,0.0273676076671936,0.105044072105906,0.119277299921027,0.0437259443983779,-0.0286245996584476,0.0278253231127799,0.131626717145537,0.157262587577012,0.0095007137356911,-0.0575199355123767,0.0918236627205773,-0.0626173757110788,0.0351474073342483,-0.0302971623970423,-0.0280982821704453,0.102598907591908,0.0574926555352745
"MON_R0_C2",-0.054279021672231,0.0191979799152618,-0.0824314457932331,0.020338639045308,0.0118675056467941,-0.0550545641460605,-0.0930290137593215,-0.134344312848948,-0.135936803327044,-0.142287352347485,-0.0927118655894213,0.0754007274053198,-0.0210026000116091,-0.0122562226207226,0.071934135763619,0.136826030322932,0.0340942377020053,-0.00179320435801111,0.068896342138089,0.134532984771297,0.167279228100147,0.0246647416182404,-0.0555739307246078,0.143108908093774,0.00809374199128832,0.119341081040349,0.147531542930309,0.0112035040846077,0.0575800073582511,-0.0267561285931752
"MON_R0_C3",0.0128971151052965,0.101983497714612,0.301633454563226,0.347770811690378,0.02735028136286,-0.0669386214249117,-0.123200812678216,0.0406130083482074,0.104911986157369,-0.0421151731553573,0.0540987956490094,0.0829159471446402,0.140810377729958,-0.0233892433952852,0.05706212118235,-0.123970425045654,-0.0215052328627819,-0.0990032567598962,-0.0690572073516689,0.037279065448571,-0.0950246289236568,-0.197263614791404,0.531232513015184,0.314337864195643,-0.182170498108678,-0.0383645931957624,-0.0208180612225056,0.0103603229196297,0.0957117109406973,0.306784313143575
"MON_R0_H1",0.000141749309060135,0.0294449048685349,0.248880186170662,0.30824587690105,0.00947968821200317,-0.0742517374917482,-0.0940259662849107,0.0133518301083898,0.0616909361721846,-0.0814280829599154,0.00609479278373728,0.0693084307276056,0.0281807446867948,-0.140881667899286,-0.0834809387301329,-0.157351036642438,-0.135232187969959,-0.133251252417392,-0.0689533794465663,-0.0320857488871457,-0.112392879995057,-0.191055282102971,0.457208196452284,0.270701772940916,0.103311748557165,0.14820079846749,0.18431585627901,0.209741875827607,0.0610669235003835,0.0579073275129174
"MON_R0_H2",-0.0559004457327704,-0.00954058737179362,-0.0956547372824613,0.0155302183905082,0.00708741714005532,-0.0721563392605537,-0.108320529988359,-0.146398242167237,-0.151419610825933,-0.159352383612514,-0.106397109745386,0.111890871270868,-0.0128885415613064,0.106295139933506,0.177058798832062,0.119315576205065,0.0309709585917512,-0.0254672518759992,0.0358152197075028,0.113160617506384,0.147066132558806,0.00027099884241603,-0.0758628752722771,0.0987435166357659,-0.0583384256029443,0.0212090314331959,0.0587819425424928,0.0649192151884384,0.0697249217539757,0.00683948094768058
"MON_R0_H3",0.105326499962309,0.150826345518002,0.33565323259463,0.235791250210361,0.224977608916048,0.433408474484843,-0.0898864036556258,0.137041860581397,0.221805449905927,-0.0620138504380008,-0.0640710528008469,0.115294567916011,0.190077783505221,-0.00189381195932929,0.045090950600338,-0.286145903041637,-0.192000606301772,-0.280426179450566,0.021619690403679,0.133060767227331,-0.155970980799029,-0.184040978406392,-0.00693549817616564,-0.0576844347304853,-0.0994543637625851,-0.00466833385981737,-0.135925711787012,-0.0978170812568668,0.108526032954106,0.196499981146855
"MON_R1_C1",-0.102490450396874,-0.0269415835565191,-0.0710149078736053,0.0397812411089435,-0.00739292127186615,-0.0583814193308924,-0.0979964017199488,-0.129299233937639,-0.123879296460898,-0.110880704233685,-0.0721128896288605,0.126828117702418,0.0187500074782579,0.0980058827023994,0.183232379145128,0.162204136854923,0.0683318463505538,0.0394002851909149,0.0471146651400913,0.141838862347768,0.173082240125465,0.0564801254635915,-0.0280790485488129,0.164813110388776,-0.00921685844058499,0.163349853284636,-0.0661148783642941,0.0214162453195934,0.00358779840860906,-0.0620351892944771
"MON_R1_C2",-0.101220101201094,0.00454912576254829,-0.0817076732187842,0.0473115535720061,0.0071580522375539,-0.0581260535950408,-0.137019101746409,-0.145559285430279,-0.139166994777462,-0.167171040763806,-0.099840180050409,0.129351893259993,-0.00501485174897206,0.0509780251818943,0.159845561449752,0.137536409950969,0.0354068373751936,-0.0472733589491039,0.042766114812324,0.132230577527143,0.160524092665699,0.0247889478058116,-0.0708421836664811,0.116246712936778,-0.0370461197574765,0.114333847608481,0.174994621213453,0.0534237963323005,0.0823695234799595,0.02274034453338
"MON_R1_C3",0.0175032635704534,0.0721413041632879,-0.0938282715340152,-0.0129075872249924,-0.0228972965779914,-0.0736758922903043,-0.079770316539597,-0.136176638822215,-0.143274063714379,-0.162020857475523,-0.101984415267307,0.082634741793523,-0.0522812272371274,-0.130097320991311,-0.0891533891307677,0.0829518467027231,-0.0250033945953857,-0.0481811165178942,0.0178994511097236,0.100021561654557,0.128143131976652,-0.0159189359163752,-0.0625169116321936,0.0941139214405662,0.0111768928612096,0.0365882721179908,0.0686875564165084,0.239227711838188,0.109525409247189,0.0193044018356336
"MON_R1_H1",-0.0946429173242127,-0.165583144535153,-0.118367626208646,-0.017156840428798,-0.0482420229383618,-0.0959707453930052,-0.0382862186843056,-0.146631254567671,-0.174552430478279,-0.144486870596339,-0.11891162973899,0.00662535224670961,-0.155142673031675,-0.110000064140148,-0.0566221825846386,0.0695139828504571,-0.0761625359032975,0.00481773299794395,0.0565306311292525,0.0388438174226194,0.093433350360921,0.0229404682200598,-0.0640252392851447,0.0913653784695945,0.171809037998383,0.114875581203982,0.0350345411333949,0.0937797114477839,0.0760295279984488,-0.0884168555083394
"MON_R1_H2",-0.0939983616794689,-0.0868527219668306,0.307858466642957,0.359859491636119,-0.0153464401952849,-0.0862084646145144,-0.0724196429540256,0.0540123038922024,0.1088606445394,0.0148868043446163,0.0603555967463873,0.0471002007875468,0.100885590166875,0.116663238897573,0.202665858169275,-0.12137046902095,-0.0289565451210583,-0.0657531529552572,-0.0686766086458952,0.0216376404032179,-0.0873082900159421,-0.135310049289537,0.61689799674501,0.385096065815529,-0.103701466040586,-0.010509105988706,-0.104853427299117,0.142751843105915,0.0203999296739479,0.161312973674802
"MON_R1_H3",-0.11964790947905,-0.106273680814628,-0.077311149394369,-0.209149007786727,-0.221134677670452,-0.0603236229549649,-0.0924962761975935,0.0674624710473583,0.198031474348606,0.167685129938733,0.304800410006078,0.0640312142799349,0.204805479334004,0.11694384482742,0.201127878662967,0.0572915386857735,0.247618975472385,0.0897523485621672,-0.261566682414887,-0.275926742080944,-0.180578392114872,-0.129246505679219,-0.00872833421305843,-0.182002793204831,-0.125979665826789,-0.0839368515760647,-0.133546277866334,0.023962253858463,0.103160712953842,0.184705003334475
"MON_R3_C1",0.110943520707431,0.195551662359704,-0.099863783045597,-0.244174644778073,-0.203898928824103,-0.0686368449430738,-0.0908456094010393,0.0492804618901318,0.177377243356327,0.0699348042485724,0.253992083362404,0.090091707623129,0.162002468851904,-0.186531464522637,-0.154721403695806,-0.00233773447099104,0.135112924357022,0.0255103385541433,-0.282562953522021,-0.280630870708174,-0.211551579586766,-0.161051456858673,-0.036444563758978,-0.216477585278423,-0.216337475345409,-0.19604721322962,-0.191180252177602,0.00553084952473605,0.185561019681855,0.281373465588839
"MON_R3_C2",-0.0879668312960591,-0.0124360811296601,-0.102617607876243,0.0188312506071774,0.0168344260346279,-0.073363434092661,-0.110099731788333,-0.156476117363124,-0.148459342935286,-0.168652179690742,-0.110013453266601,0.120078212807944,-0.01217763820368,0.124560713810501,0.216423671067359,0.147075196975812,0.0568839239549915,-0.0214714949659715,0.0265704186731187,0.1377294750178,0.173063457628746,0.0212127779874244,-0.0772516150658539,0.106213919443507,-0.0353776400451154,0.0234806344210992,-0.0446087462581095,-0.0638728442087243,0.0910447230266431,-0.000301628093716948
"MON_R3_C3",0.0100344149881491,0.0606084341415827,-0.0955603903536498,-0.0235428768878754,0.00505908976500348,-0.0731327290821026,-0.0924671084592489,-0.141332654329473,-0.154389944456136,-0.184845318913555,-0.118930437864838,0.0873243620295875,-0.0848790938159986,-0.131307589147651,-0.0845761211207326,0.0741058923054684,-0.0476145484207185,-0.0682562065310103,0.0246653629755609,0.0830094078705656,0.114548842961187,-0.0619243577987461,-0.0743835292226036,0.0757744548064235,0.0975580167208737,0.13389570553565,0.213248660953226,0.116852023969893,0.113955951623287,-0.0355839878802404
"MON_R3_H1",-0.196808479011357,-0.515218812916926,-0.12800450462792,-0.100417380014595,-0.00958587358416006,-0.0823974603339451,0.245686413700981,-0.0990291004305461,-0.175502262488566,0.0418930433035072,-0.110572955869078,-0.357877186139253,-0.358155640707085,-0.142581091300866,-0.239925464939103,0.0501136307443815,-0.130096017378342,0.177424336333021,0.228573427543547,0.0122367842295863,0.107662724762168,0.208992683451545,-0.062941548984422,0.0450296088517258,0.496809222641274,0.0488236314893443,0.212990674110284,0.195936741806275,0.0444359834832589,-0.134987192364999
"MON_R3_H2",-0.257724410568338,-0.428347855949467,-0.106172694447694,-0.0416590159295779,0.0317352762643827,-0.0799004650324931,0.138292852803109,-0.110999626350945,-0.154773736693518,0.0426475799998535,-0.0884342373985411,-0.269245710368598,-0.269520137195876,0.0880407647419026,0.0302187344545444,0.131843273603527,0.00181009169517643,0.159251758109367,0.205112169355848,0.0868273445770755,0.16953112770416,0.274704806802926,-0.0579594532020766,0.0696987368812149,0.0351585437459302,-0.137233033917884,0.0604103699240034,0.0542716468775306,0.01119844815393,-0.0317397650757246
"MON_R3_H3",-0.176981734844806,-0.373199405087117,-0.102674915021372,-0.244924407129404,-0.252177495231334,-0.0813737518924627,0.153031634676673,0.139822741552473,0.156686259048051,0.394240788974239,0.263599781170631,-0.250808524044669,-0.0807844467665514,-0.149325406919941,-0.225031143126298,-0.0242990971973582,0.0933956988456667,0.19662708781511,-0.224611463130033,-0.331731644994823,-0.201393144273071,-0.0225252795117896,-0.0260355670866415,-0.218081897341928,0.184702687246175,-0.102579415240169,0.00381689510115953,0.385960512396608,0.0539323523559287,0.00734079490492599
"MON_R12_C1",-0.024703531856909,0.077466077305537,-0.0760918647684948,-0.18978547143079,-0.203107488551786,-0.0585381387678743,-0.0885274046651688,0.062090010491833,0.21409461442045,0.141317362710264,0.303842829658373,0.0946642641383843,0.24003862671068,0.024561382226943,0.0884807991751385,0.0445327353571817,0.287705772902393,0.0957339247935813,-0.278667144754077,-0.271101967598433,-0.180368547166269,-0.126634185437324,-0.0313364053219157,-0.198017388131931,-0.168098699264768,-0.113622738335295,-0.153583020170138,-0.0723698841714859,0.0958108076578224,0.233627934894719
"MON_R12_C2",0.0430557210991399,0.0782829374914983,0.346548891492716,0.274173085474987,0.230463582893309,0.454796972139949,-0.128005564390791,0.125748990386045,0.235440849005285,-0.0590716826036803,-0.0640748011179591,0.118225431886588,0.219821673330638,0.0486563833654659,0.125306627539037,-0.279270823040234,-0.169490472200567,-0.286091102315178,0.0311665492266062,0.165362594852211,-0.140565369449537,-0.164371418168188,-0.00919114248363988,-0.0633829112817109,-0.0672677573678452,0.0626476671433901,0.0944729895230031,-0.148772401178802,0.090543567510827,0.187824365356884
"MON_R12_C3",0.0729318926586724,0.130596918344085,-0.0765186767965382,-0.0132374975584343,0.00368179940611259,-0.063411460882391,-0.0724929033090365,-0.140578502936886,-0.140321167598913,-0.146811836250913,-0.0991416933336981,0.0536522315338661,-0.0717998573291109,-0.216077771966991,-0.171205053466841,0.0815976026669978,-0.0287418320132723,-0.0197399711727464,0.0367000754672439,0.104094284450616,0.123572744197745,-0.000959961547679211,-0.0633549721302425,0.117927956712825,0.0371208204605688,0.131038393761949,0.220435310001327,0.0655508205598624,0.0949849884539361,-0.0125398467207269
"MON_R12_H1",0.620095718523924,0.280580336286806,0.220973485483394,-0.00367105047086924,0.445625424518384,0.296508069665301,0.509247996979882,0.534000243325754,0.151385484451768,0.243233861727395,-0.122717673465187,-0.519778251104546,-0.250714887355341,0.116771660263969,-0.241143913441176,-0.410809599010351,-0.376779082922714,-0.238562704979118,0.245623022339886,0.00615764836900874,-0.222561222805724,-0.0538685872996507,-0.053163722694567,-0.249202437157187,-0.208897305101188,-0.473312710758688,-0.229836625705358,-0.0225483452832402,-0.292096366378988,0.00239904069341877
"MON_R12_H2",-0.0565235840221713,-0.12977514565153,-0.103967839179112,-0.0353589702747871,0.0193711708505383,-0.0906317357503382,0.148970046338811,-0.0865845617912297,-0.15286679207265,-0.000166904525139894,-0.110646139398608,-0.161025380787107,-0.171259469052255,0.339429969804815,0.226372249435857,0.097050911716185,0.0140128761747925,0.162685687641471,0.167053165558766,0.0762611440527519,0.148021219953996,0.318473337669304,-0.0834003019962848,-0.0306061413434935,-0.165733016715712,-0.195467631298746,-0.0137340593749634,-0.0222624267276121,-0.208816496558764,-0.171810177989739
"MON_R12_H3",-0.0855184045702629,-0.139820992495729,-0.0937264464778719,-0.0140614170858498,0.0156992135132469,-0.0715422858390265,0.140509397733448,-0.0781218954225153,-0.14150440217068,0.0136170987216951,-0.0885085072989068,-0.168062313195635,-0.150349234811701,0.303758143719378,0.199046725030497,0.13736885695974,0.0577211315053636,0.205826385291629,0.192107870739999,0.108599427737766,0.187743460286659,0.356076048116839,-0.0635222720607334,0.012131298731291,-0.10721395046568,-0.124227366702397,-0.0467844466424322,-0.0222489193864218,-0.194908522858299,-0.1421651434206
"MON_R24_C1",-0.0497500855698309,0.0332536481964729,-0.05002734534228,-0.170310856615595,-0.1726644426769,-0.0459112778190513,-0.055026810192547,0.100023292333063,0.201563250181438,0.182556725676251,0.297351018480613,0.0546042189420585,0.217554319400815,0.0117184651925236,0.0569179884014243,0.0265364570819178,0.230085312179259,0.110545765373176,-0.249064473405971,-0.266741770880131,-0.170452270364869,-0.125030100657095,-0.0121935971145546,-0.177989481754585,0.0221266879844994,0.0476924928970318,-0.0636233049556668,-0.0170947754785531,0.0181735732809138,0.0986924946841095
"MON_R24_C2",0.0190679446897892,0.0763284460572768,-0.0760178331969771,0.0157618497349408,0.0168924737264981,-0.0535978010665816,-0.0934387282087852,-0.140621697766283,-0.143917199218168,-0.153782144110823,-0.104183133915397,0.0986347668336021,-0.0544957434639162,-0.203927178111958,-0.147437838583881,0.0975021452584825,-0.0341327306784154,-0.0360988112288416,0.0578390112216009,0.10815819130354,0.151438441918962,0.0134632895041183,-0.0710200747617761,0.10060117234573,0.26216219210565,0.251971911890464,0.140495126944176,0.0490278974702434,0.115515724607871,-0.0369581510052214
"MON_R24_C3",0.00925021076824012,0.076748607553051,-0.0628448643923496,-0.167049907384637,-0.167860608833219,-0.0454259374307453,-0.0645875983826216,0.0625286941315154,0.190921629632973,0.127403127628448,0.276828258225862,0.0364301750736687,0.171069207868868,-0.172725748475298,-0.127309706545929,0.0066284668731975,0.172398560385958,0.081583756054874,-0.246166229342739,-0.268552334606092,-0.172823498167006,-0.134734897392901,-0.00471786796616301,-0.183469962731619,0.0639054361874634,0.0173348699309148,-0.0146456349925521,0.277337033096266,0.0818719008495049,0.0939263490893553
"MON_R24_H1",0.0820082968751514,0.0432425617356312,-0.108341953486286,-0.048138006373161,0.00891259742204881,-0.0869009439445798,0.132336031197285,-0.0905879244727066,-0.15610677573036,-0.0583913202030736,-0.108082956821168,-0.105759455233589,-0.165849442069682,-0.0214240835200984,-0.130991480777002,0.075817298928618,-0.0212918144851578,0.109797113737112,0.145232513057292,0.0632692561995512,0.132079257581178,0.26907032740186,-0.0945426877340476,-0.045473288284363,0.0350619003561966,-0.0813392889805767,-0.0818998582266102,0.0282814400113593,-0.217107748057061,-0.178271053293038
"MON_R24_H2",0.0562252895826327,0.054782521496328,-0.112222187621079,-0.0445139247756533,0.0147372976604453,-0.0874012544792252,0.106699697296116,-0.0973889957405539,-0.152342190573313,-0.0485647369494791,-0.109033823993773,-0.0682166431757145,-0.137869391167198,0.058432454822255,-0.0594576256309518,0.0786757460416173,-0.0453803222707607,0.0926213942529777,0.107891006622922,0.0700144444968894,0.124150704681846,0.238243925496193,-0.0784089592488638,-0.0174470825201193,-0.105239983329985,-0.134003695976601,-0.107117055268025,-0.0155823290752765,-0.15678109702764,-0.125328791666693
"MON_R24_H3",0.549829334207407,0.230351422161968,0.203506732393315,-0.00962238958209138,0.400942251667317,0.274718719549635,0.49331503889155,0.46887376073426,0.111260618932064,0.16446515772089,-0.142712185026683,-0.403215756008752,-0.23541109252295,0.0958775986690859,-0.22421233855071,-0.398158458035061,-0.356683799136142,-0.266190189094788,0.225583202506936,-0.0156033704165903,-0.226882080376389,-0.0932058960900597,-0.0720614896271052,-0.240943449451858,-0.0186156559173575,-0.352922203064146,-0.0231986325441806,-0.193200732833868,-0.289191020836338,-0.167338733182864
"MON_R72_C1",0.114843440524401,0.124495706988965,0.269641757059232,0.214828474347609,0.255192447918149,0.361848230094578,-0.15321184455501,0.0979663230702478,0.160803624969609,-0.108688203963794,-0.111883266741622,0.077071364090453,0.0575580370273985,-0.108674277497941,-0.0501660756203123,-0.303324352255602,-0.29147702732387,-0.354857676930007,0.0409318470885101,0.0619165469324146,-0.173001308419388,-0.195921778202849,-0.0352207859275955,-0.0905131249793899,0.0412689827888446,0.148453256278185,0.273906612619152,0.0845151174418763,0.137564223233955,0.102127307989917
"MON_R72_C2",-0.0109555726763066,0.133444202253299,0.120257903376206,0.125410343133773,-0.0147457890355368,0.0553116335422657,-0.0995135747996705,0.0698935501589114,0.0840947071554782,-0.0160573609520502,0.0357063199929487,0.152175101697002,0.199719130907674,0.0638438222456463,0.122384867188104,-0.0854456355096706,0.00637105158360214,-0.130466195213604,-0.0898004933678857,0.0104178305330815,-0.0692705622656613,-0.0852314180079079,0.126791553603663,0.0681809551907041,-0.169269821052233,-0.0149835745879904,0.0203247905078162,-0.136682796729913,0.028226351581648,0.117022992975993
"MON_R72_C3",-0.0674221143677917,0.0382407902156052,-0.0454095613257958,-0.179233736248698,-0.171879032163139,-0.0386957735734525,-0.125797351653876,0.0559114102872036,0.207346591340641,0.135733728692038,0.297838271015549,0.103775215597689,0.220207569803422,-0.0085090116162222,0.0739985964175355,0.047621969712883,0.229609505641511,0.063626596031185,-0.245951940272356,-0.254793617706243,-0.164956216648306,-0.148572027919281,-0.00183808113850815,-0.161113077661278,0.000476980554356604,0.0519911056076857,-0.037017919918429,-0.00851141482046399,0.125962815303408,0.168457957637912
"MON_R72_H3",-0.0810944657558053,-0.0682385718665504,-0.0808226146202426,-0.020113966805607,0.00213565673754714,-0.0590988137442177,0.0753980736001055,-0.0778532893329523,-0.129281138314484,-0.0041490990323904,-0.0811603228734887,-0.00763226997017484,-0.0641376724545863,0.204555671257175,0.135010965439288,0.148699109506521,0.0716708997955296,0.170614321537529,0.144931665228134,0.11774749329133,0.184321435039042,0.286408405710438,-0.0601236273928351,0.0498304423553015,-0.0378197692206852,-0.00668034853850076,-0.0896767263727702,-0.252539452359008,-0.250751180901706,-0.246662111927352
"MON_R120_C1",0.0891117338556879,0.0925265451093648,0.309210839153426,0.224233683311069,0.22927253865022,0.383489393716552,-0.0755811266256474,0.112806826161355,0.181450097599411,-0.063400867823942,-0.0824085955618968,0.0700519474708247,0.0882073976761095,-0.232349256943901,-0.200735727545489,-0.296678615566325,-0.256061137784194,-0.294069728668661,0.061691000657014,0.0960339899345094,-0.147497056752848,-0.166413384764658,-0.00648848037870694,-0.0462872237462133,0.280305854501622,0.286348412365425,0.167272826308922,-0.0557987469229076,0.119384652300363,0.0736195717593189
"MON_R120_C2",-0.0258909325942768,0.0292600887872695,-0.0805048913114914,0.0399804599077704,0.00731737296795968,-0.0609766899654719,-0.0920067109223678,-0.142907284421535,-0.138362963719325,-0.135037480651657,-0.102313803917761,0.0944855220369289,-0.0780162189821446,-0.235480579688367,-0.164050885312731,0.108130277192072,-0.0453133743201028,-0.015959501985061,0.0913881465210462,0.100449728134522,0.154512940589348,0.0209037112704549,-0.0574065414826186,0.132705421434204,0.383995238499932,0.344769412808445,0.22050180949872,-0.0267577533718816,0.138428525899999,-0.0778648821636408
"MON_R120_C3",-0.00321164209088827,0.057032145046681,-0.0961167465711904,-0.0134547759525885,0.0148653537945361,-0.057523016710907,-0.0896042578022232,-0.14735325185205,-0.152173208563572,-0.119028392799059,-0.0974468914434975,0.000241982719698607,-0.131573046309681,-0.325564705890238,-0.291712065366236,0.111012532762526,-0.0478439971122539,-0.0467792736376733,0.0876466843004153,0.126216635647286,0.154991028495297,0.00847248051775969,-0.0798818369424025,0.118548322962229,0.0812568021039681,0.0962574707725032,0.206348729557698,0.118741391703419,0.167352150388305,0.10937073646841
"MON_R120_H1",-0.0905804389488335,-0.0749556646626969,-0.0877223758554489,-0.227465422369593,-0.254126184709565,-0.0711541235669335,0.0958997477104273,0.165982588798223,0.170864596576366,0.387487020038732,0.288149419800109,0.032866835449773,0.209044181820841,0.274574649077854,0.175225222483397,0.035579231357713,0.276838628318555,0.281680838688662,-0.255773063363234,-0.291220710642469,-0.184632579497379,-0.02103208361057,-0.00835535750440758,-0.21813708291344,-0.219789639844359,-0.180164559361277,-0.418857584151739,-0.357506405851199,-0.303012266704006,-0.219942127929962
"MON_R120_H2",0.0450669127060187,-0.00787801829064522,-0.094831182736797,-0.059386657727651,-0.00614867952572967,-0.0782572006196121,0.197948019176185,-0.0555078563688097,-0.146932703599969,-0.00758411325723532,-0.0932148366842667,-0.0612894735745633,-0.0988598188846814,0.00462805780576406,-0.127179515833925,0.0786473365365393,8.99877586665672e-05,0.187206333061138,0.151512422887132,0.0592200214120762,0.127682194869272,0.275520593006753,-0.0784244783580145,-0.0547383316703438,0.0383659833200877,-0.0230974456694671,-0.112970949488199,-0.314122169734937,-0.331487576937557,-0.374374448716403
"MON_R120_H3",-0.107061481492987,-0.0905935180621401,-0.0799036607791007,-0.204397855796837,-0.253208920080334,-0.0723159644248809,0.112782119472705,0.175290771791028,0.144966914169537,0.381859512594433,0.245341935987696,0.0769094516506967,0.185453958062352,0.277333020394925,0.216664667459086,0.0257066557610197,0.23591149381201,0.253610225639224,-0.249835360507686,-0.289566081975959,-0.182879736412537,-0.0158761831681549,-0.00237734319946384,-0.215425509169876,-0.156481283704426,-0.124590727110754,-0.383280520381577,-0.397005193218991,-0.360076888994416,-0.356293278881483
