"sample","ME20","ME16","ME23","ME2","ME4","ME18","ME7","ME13","ME12","ME17","ME19","ME8","ME22","ME9","ME24","ME1","ME5","ME15","ME11","ME14","ME21","ME10","ME3","ME6","ME0"
"POC_R0_C1",-0.0355924844227539,0.154467886270078,0.0637036100568596,0.0706288073551442,0.192932842690399,-0.0851299245613058,-0.0446012893509921,0.0154010971273888,-0.0284274111210593,-0.1461335388926,-0.111334372687578,-0.120872116686804,-0.126498012079435,-0.128187386426397,-0.0704173968923496,-0.125136911230209,-0.0514262665645154,-0.0124489467870224,0.0188199899335001,0.0237038389032048,0.0092696790139223,0.0132086750105691,0.124741629202162,0.224360738680595,-0.0778989573750336
"POC_R0_C2",0.0187766320937426,0.0249668141668253,0.04004044413248,0.137007853771849,0.166337220459796,-0.0648951961626236,-0.0120966634465886,-0.128044074906176,0.0101187349155408,-0.120753833261313,-0.0564482970098347,-0.139783574489567,0.0916179987806137,-0.0771632586415635,-0.249629332290858,-0.135606757391213,-0.17007110808388,0.0951527361945416,-0.140745954234305,-0.110701883449433,0.0281284719804723,0.14188719152562,0.167632399725207,0.12483060448806,-0.0473348577303927
"POC_R0_C3",-0.0143597517108772,0.143913365976077,0.067032688401272,0.141579221881715,0.126682683625408,-0.053525816485141,-0.019199456378315,-0.0766572254133016,-0.023363085296952,-0.122424866330149,-0.119098259414907,-0.120886049484158,-0.0552533742401995,-0.0431786476322164,-0.0371775788990953,-0.143360577176735,-0.13169934385258,-0.0263633001214602,0.0659072081644412,-0.0306052581512248,0.0463676798379969,0.0571240957270631,0.112881330153793,0.0667939733082398,-0.0650987297957403
"POC_R0_H1",-0.0641041857535309,0.133602372934639,0.0763138069541625,0.0742074156908006,0.165124781116354,-0.052473206097931,-0.0138837888025145,-0.0286390080315591,-0.0174859863673175,0.0668486345336686,-0.114480517788975,-0.0856682681301952,-0.0890526754003214,-0.149583172771815,0.0815864414444613,-0.128833251968451,-0.0610386950632611,-0.00968780445040442,0.192847490867943,0.0239387956063005,0.091197560021396,-0.0578340696820438,0.096515532379274,0.140192594104802,-0.100124064813671
"POC_R0_H2",0.000986191483645172,0.150693138294061,0.07977070287001,0.177070169092946,0.1359429378718,-0.01821304535326,0.0278682002793079,-0.0755638649362263,-0.00661714035540362,-0.140187311160937,-0.10791539022034,-0.113091667845478,-0.0295489829991554,-0.0284701340259913,-0.263174449194303,-0.151671238384881,-0.186011418467415,-0.0725180071216916,-0.150325915275762,-0.133696178245407,-0.00613717739498531,0.144967133550801,0.142906595580142,0.0876787724004855,-0.0589239543460847
"POC_R0_H3",0.108246457792165,0.0848763838460666,0.0769571609025036,0.171036993731357,0.000703649202987179,0.184797707017236,0.0853651716048037,0.0938918705494434,-0.0421642889119844,-0.069365344295743,-0.0339201391651076,0.0881978595394899,0.142539686039271,-0.081476206059649,-0.236086647635393,-0.134644377320474,-0.117077660042435,-0.0359103442649453,-0.138718928166768,-0.0879168673770445,0.159841061995093,0.161343297376217,0.0707187716823739,-0.167145057765822,-0.0725222290405778
"POC_R1_C1",-0.0665247502963817,0.136108833426061,0.133684707316974,0.0408342592886231,0.0758756823098602,0.018087128266218,-0.0343883258901711,0.050876995962782,-0.108415615618927,0.0347261843777719,-0.170817306562993,-0.0168966772758386,0.0261554777186941,-0.134760214995567,0.100352016856226,-0.118277345047765,0.00710723949767496,0.106619976315798,0.222240841627466,0.106235424769775,0.158045624434043,-0.130109260329431,0.0625367634916139,0.105255670367874,-0.113870623134225
"POC_R1_C2",-0.05112486381749,0.237442090175711,0.145416540431028,0.0254813583353965,0.163295844833933,-0.137039995316372,-0.0697477746608699,0.00377336493524369,-0.077243968489032,0.0557057103491997,-0.116219003070006,-0.0819634990904857,-0.209079446081049,-0.177736729147282,0.00244167674657653,-0.127913330783701,0.00906615184183903,0.133302732395815,0.153055500386871,0.0981175953638475,0.0975051823495031,-0.0945385520024402,0.140913883969152,0.237365596910125,-0.0664275575175815
"POC_R1_C3",0.125050280185383,0.110499032547733,0.13000406413564,0.185565458068846,0.0296021505722727,0.0555581466654495,0.0299833500499292,-0.0392931368567839,0.00470118667395475,-0.0416741137048627,0.0103496032547965,-0.0535757876166317,-0.0332026835782079,-0.0571455124127131,-0.249466259979581,-0.135192594187661,-0.156134949418858,0.0801184287448689,-0.149469902120572,-0.0686805263547464,0.0410335811512644,0.19681394733757,0.117967521780266,-0.0243539163380507,-0.0446890052012293
"POC_R1_H1",-0.105305225096868,-0.060272955864842,0.0659415070827516,-0.0212597473873624,0.11804153435932,-0.399200539665415,-0.311972641943293,-0.355652057043676,-0.0406737626953803,-0.00853780664389819,-0.0794549670359312,-0.344811497805481,-0.0282072380375522,0.190593626661295,-0.196149913835672,-0.062250976554158,0.0265877022061325,-0.0316512883756248,-0.127904519054101,0.237446079163297,-0.0777410558088606,0.273701070207855,0.265049833225172,0.256239934881907,0.165136466658622
"POC_R1_H2",-0.0548855216707816,0.0284864121645803,0.0860718297538408,0.0646620628470558,0.18516913629098,-0.324799259370027,-0.175435921784597,-0.322505288973067,0.0476465765979061,-0.171654066131113,-0.0918616676473674,-0.343079543504569,-0.112692997389658,0.258104472031238,-0.234852405034444,-0.0737513139477804,-0.150381309924494,-0.0667894362233865,-0.196622753810612,-0.0693187381564808,-0.181412987334201,0.170903681642808,0.191713787449173,0.230919037151877,0.0780178727295756
"POC_R1_H3",-0.162166332745541,0.240024433355068,0.135148088245099,0.00600304782134324,-0.0745021716198378,0.153312320039153,0.0027432059467307,0.0721960456840011,-0.120768693298622,0.31355349490719,-0.224611629374615,0.124527710014498,0.202687348467265,0.266336623845547,0.171556612257597,-0.0383486855275122,0.0515437670547625,-0.135603973996952,0.295380437385807,0.0237474899879577,0.152958413437021,-0.140478785688546,-0.0437088407614986,-0.0576679270894731,-0.027358070794829
"POC_R3_C1",0.133995678386531,-0.102648114364693,-0.0894451829673979,-0.00539733579305246,-0.0731218883958108,0.13537046218619,-0.149451081039328,0.120375650238236,-0.164838204229683,0.000816078324351955,0.0556541389252357,0.132753702872608,0.2798641734597,-0.218148132414427,-0.155969487148802,-0.0823014295706812,0.193161501032161,0.149141472671465,-0.0493905191491349,0.41691788897117,0.338766305395204,0.271798874378559,0.12782054611355,-0.00159402801937108,-0.0284199387352374
"POC_R3_C2",0.149563734607862,0.0491372511220918,-0.018910516220944,0.0227203748642002,0.152916156917879,-0.0877191200010218,-0.106392036801382,-0.0349925067374511,0.0329522746810577,-0.0914921292162313,0.0914205818442694,-0.127430624419766,-0.0191404454320316,-0.202005087864586,-0.231818331237674,-0.104718022910397,0.0190577689414713,0.0107187624025375,-0.119992572783621,0.176139467972134,0.107388794280639,0.1089427239943,0.159227669808973,0.15839024270368,-0.0353120274041388
"POC_R3_C3",0.0624375855819849,0.137003229092255,-0.0213468164716991,0.0841203571468879,-0.00751263410380507,0.162348347092063,0.0219353475655271,0.07865862118652,-0.0816810510493832,0.0615181469058174,-0.0348741061395823,0.0897281183320955,0.143851806028545,-0.131006300231637,0.0384444165978698,-0.117175998355825,-0.00298899656521213,0.00718605675225299,0.136362692789468,0.107735459995713,0.180105679041943,-0.0126393338160115,0.0505198319804056,-0.0690504951031342,-0.0944275066777848
"POC_R3_H1",-0.268439583413903,-0.294420054742446,-0.243864657151167,-0.338392347909644,-0.317181752764616,-0.197312266625902,-0.380500263482259,-0.208070078310616,-0.313096692766542,-0.0195071956554991,0.0773073226427219,0.174831363981413,0.18364298254719,0.365125436593938,0.257753896714821,0.244507216892919,0.355075416702496,0.118483667081262,0.203514417454165,0.289125395221441,0.115367677630641,0.0199218542103846,0.00844925658909478,0.119334182120862,0.445997717677937
"POC_R3_H2",-0.197860703026872,-0.346906331976582,-0.290849429343104,-0.374545576571304,-0.25093354599743,-0.383603975568502,-0.451555646563056,-0.259535967945407,-0.248367228556295,0.121931773362728,0.318013829548217,0.109973008160445,0.0493648634957241,0.196769783782072,0.104416713409663,0.28682988076401,0.408793940924303,0.208827226453354,0.0946200640441422,0.257512638886799,0.0863535679749509,0.0983419530387663,0.0872813010226667,0.0998383667029199,0.569903717379814
"POC_R3_H3",-0.178241474888381,-0.316009044688964,-0.262351030954523,-0.315844778027879,-0.370753784523123,0.00691822922126679,-0.32099355928161,-0.0881491569069837,-0.287352057100753,0.0217955165980335,0.248336719847586,0.350256253976093,0.438320150071321,0.254882983599904,0.170663844256839,0.279576105424641,0.397620148738384,-0.0560619003591039,0.153520564538148,0.33993039446415,0.181020570402688,0.258978776977998,-0.0318406503753714,-0.0357848076665237,0.506425814966075
"POC_R12_C1",0.0828387578033559,-0.00525381636294624,-0.272205839111859,0.0972793074986656,0.120652904741009,-0.0695642558170007,-0.0345802889292505,-0.103980461968612,0.00889783313345274,-0.0496955269484035,-0.00729141681180981,-0.141927752674821,0.00344182518625085,-0.0285920762424504,-0.183275605126645,-0.0947671398545819,-0.106411484246144,-0.00986291897906914,-0.168938068127242,-0.00226371284332692,-0.0201477975496152,0.0828313344132916,0.0846941191613036,0.154322025668868,-0.0468303430893827
"POC_R12_C2",0.0581287608294905,-0.0257893830190805,-0.213499469250308,0.166436072094868,0.139421940844105,-0.0196239721531556,0.0373658013816333,-0.0919233213802625,0.0402205285976199,-0.125787552399265,-0.036111865510621,-0.146305431293465,-0.0535471181483935,-0.0366500789361347,-0.221675834154763,-0.116447170356259,-0.180291537590788,-0.0900277316767283,-0.172286764019836,-0.10100621910529,-0.0445045101296134,0.134794014620233,0.0796717411305489,0.0905544677582201,-0.0707102046162236
"POC_R12_C3",0.0316127574855205,-0.0438759932365605,-0.257376570825559,0.167746999158835,-0.101197397107766,0.204251847645135,0.0916046253107764,0.100334058255132,-0.145304905179374,-0.132927843204662,-0.12617913159901,0.0984377870786106,0.231460603494266,0.0498530904265436,-0.143926578293708,-0.085532074735104,-0.0592091348477403,-0.0136364610006443,-0.129220227905267,-0.0471346914657089,0.113113928656419,0.160703887243282,-0.000630461747199388,-0.19446935191757,-0.0356185735902237
"POC_R12_H1",-0.262643648528916,-0.42910375202183,-0.37798319539564,-0.267366496141331,-0.334853409832902,0.182999594146891,0.0211709088915824,0.338413985747916,-0.260257142331667,-0.400520682158994,-0.187874956798382,0.33733875186146,0.263565337958377,0.129203530236032,0.0917283493767472,0.211616045079953,0.32024717721224,0.198450928274857,-0.155896470504893,0.196286120564848,0.101561652168907,0.168315752359506,-0.193204960908795,-0.100853948901508,-0.0682392391138867
"POC_R12_H2",-0.276461991330392,-0.123980663425494,-0.249041067397378,-0.107632771906269,-0.194394714300641,0.107697052431542,0.224271703146718,0.29110789430468,-0.041944451588924,-0.294290308694478,-0.187977181990574,0.127645324456559,-0.0222496999124148,0.151135168489636,0.0145791029595536,0.161002614166834,0.100842391127449,0.0976653084525285,-0.240771882086247,-0.156197321614069,-0.146641242507603,0.0657250116945461,-0.21432413486492,-0.163251629151479,-0.174954207111287
"POC_R12_H3",-0.396498813116259,-0.239050522004971,-0.286713450195828,-0.193400695323414,-0.204644780698152,-0.0185449187851982,0.00286324443018327,0.0897556581761043,-0.197939724170398,-0.170082655167061,-0.283205936935149,0.0888634792823214,-0.170585916164354,0.283737857721614,0.320512304182255,0.174789317019425,0.223872698451364,-0.110223612690176,0.0245021260350692,0.102100799652901,-0.0899275503268494,-0.116494886790842,-0.15218043057817,0.0687364150680758,-0.0845422636495421
"POC_R24_C1",-0.050688231773755,0.184923144725856,0.138795412276166,0.153213746039521,0.0542997023966503,0.00697770848735718,0.035310725946305,-0.103238252116512,-0.0399529595798369,-0.0363686930123958,-0.170840268059072,-0.0797338232877743,0.067082901261887,0.0156453811150898,0.14002113060351,-0.120356533601147,-0.110141629248293,0.0149555582785164,0.229684894199316,0.0160403692484506,0.0706230451178132,-0.00227570403513139,0.031790466029497,-0.0730887965217818,-0.0909009489432153
"POC_R24_C2",0.0786252979349509,0.1413074884628,0.0836120456907089,0.15863133779688,0.0466106512235576,0.0831053702798519,0.0540521397060648,-0.102694847076156,0.00423817983838577,0.0527761597823346,-0.0602615464077889,-0.0440179460547259,0.105655877943188,-0.0666257379984319,-0.0199532872206812,-0.133028277362399,-0.156747756783492,0.0420955577110242,0.0849436611281155,-0.0671431792031026,0.0745218547411817,0.0792631123747022,0.0482056408402289,-0.0214743816632692,-0.0812171934789474
"POC_R24_C3",0.11573484671114,0.080931799187744,0.117105815136209,0.166326993398583,0.0248055888648968,0.167936448398739,0.108337310264641,-0.018992081161465,0.0213735705108807,0.0886347152202632,-0.021668766262932,0.0468802541771755,0.149711576993643,-0.0874678257374845,-0.0767458543164889,-0.111943623875857,-0.135146759273571,0.00613827214417776,0.0104172291543025,-0.0890833143011321,0.109560453174453,0.0742977279065566,0.0168797415794263,-0.121902164638131,-0.0818777530263282
"POC_R24_H1",-0.183053019654099,-0.0161156901348085,0.0900432440464762,-0.176054371526856,-0.0673434218969484,-0.0141085473720232,0.160587419058226,0.202417442978344,0.177757418823413,0.103030845208419,0.106291194265577,0.0409069477443376,-0.196939212042844,0.0406780886703895,0.0984993417981635,0.206258750500331,0.073357900548577,-0.0318846477195378,-0.102424935384461,-0.166286423308803,-0.256567090016885,-0.233652894908143,-0.221318203311605,-0.00430472834624021,-0.0132857266275659
"POC_R24_H2",-0.191991253567588,-0.0659605363993272,0.178004672299222,-0.138094939471613,-0.0592811904633576,0.0487423389661194,0.197369032370351,0.215869751414327,0.156719119759438,-0.145336501952286,0.0265201933930701,0.0826782108892279,-0.151630016148814,0.0338948917403448,-0.00341912977299409,0.183010073128825,0.0725061235620803,-0.0264734170807479,-0.207538434323001,-0.186493600782202,-0.212042372870294,-0.128605075942604,-0.200477001448175,-0.0603102750575511,-0.0927800620430344
"POC_R24_H3",-0.0640578823933426,0.0294652082914379,0.140338459500483,-0.122452590981821,-0.215550550111839,0.286334424200387,0.264112757856106,0.3188845282284,0.138601549308028,0.0599850472369638,0.129366288179361,0.283813153746732,0.114484732611071,0.0185175995680063,0.0618870632696864,0.180990897957077,0.059346431151538,-0.0293979919561904,-0.0806736920287137,-0.173429147624769,-0.121491376691128,-0.132060625264144,-0.281823668957342,-0.184402185010712,-0.0734062042911516
"POC_R72_C1",0.10626733137153,0.112975465864603,0.101709841711559,0.109637202028148,0.0218826644430783,0.0682155406430024,-0.015550302654694,0.0550012688218921,-0.103057842378877,-0.00268067076494253,-0.123725861873216,0.0238952172687229,-0.00763258157299605,-0.118022278327913,0.101730938122663,-0.134173705258529,-0.0103828357918086,0.0335326479242164,0.236652396277519,0.0945170647313978,0.195812012497942,-0.118789218035308,0.0682465205211048,0.00927301017703257,-0.0994191441917373
"POC_R72_C2",0.285444812837297,-0.0334752786429634,0.0652707788800236,0.126446328228876,0.127762573074652,-0.0847827080929127,-0.0505513387764859,-0.176073193742351,0.107167408258087,0.0650226574946603,0.131951510314199,-0.173989791998864,-0.173515336510983,-0.0738441799842254,-0.125990107682981,-0.0988256765770372,-0.151852296875408,0.0873763131419542,-0.00546261339593238,-0.0442457484406893,-0.0125373543221052,0.0597640993189975,0.135399495469493,0.0487997001392533,0.00210039795088049
"POC_R72_C3",0.0696860829457787,0.0796577568212164,0.0830937345482039,0.113654416476144,0.192430692530788,-0.123952949841291,-0.0421309960438631,-0.12680615140637,0.0138037500940783,-0.0573610251603914,-0.081512840823477,-0.191799400505849,-0.170960445338547,-0.0762525171087701,-0.00683720452738712,-0.137329252397255,-0.125065830477421,0.0349527505795802,0.123058860109202,-0.0170914190374844,0.0226177515432411,-0.0713408318696643,0.131795796948768,0.198907684453689,-0.0631116671097824
"POC_R72_H1",0.0706361891413822,0.117636848949683,0.00920990505156528,-0.0691732564171123,-0.0693268558650877,0.157807337743363,0.200591346257967,0.0781095223342779,0.244936069572618,0.318617346555402,0.211263944385075,0.107602831075011,-0.00448339789487211,0.0454139495939706,0.100119454434072,0.167809493373486,-0.0572902312189462,-0.31293483896198,-0.0986555363445797,-0.225234506473967,-0.254407430138189,-0.152139830701993,-0.259715592981187,-0.27998367463558,0.0132509540666365
"POC_R72_H2",0.00420144110760989,0.0961629894384271,0.0264860501211624,-0.117424258341103,-0.00844231999139878,0.0686839126852532,0.167035699255223,0.0628468020818702,0.258191668248879,0.252200063448434,0.177892334419633,0.0570557308136507,-0.0508434955896794,0.0392941109444189,0.181874225362361,0.17993843298014,-0.0259107138725925,-0.436701190087296,-0.0559209084162187,-0.186497468497661,-0.242130544203195,-0.243551876575155,-0.25734165644121,-0.133157847419322,0.00817840856403204
"POC_R72_H3",0.1016404058645,0.00903820436183686,0.0258523704928516,-0.0610354036713013,-0.0598729469040722,0.04188793147318,0.164185444100283,0.00990250748730614,0.264160223665385,0.245176817428992,0.212131644879943,0.0254345276838004,-0.0725411187548167,0.134931890833192,0.144713805597715,0.171580744549975,-0.0640492357737068,-0.40731182127007,-0.0802755741788373,-0.192689285670026,-0.272622153464958,-0.171037008661113,-0.258329774385974,-0.251159583349567,0.0199570728557087
"POC_R120_C1",0.16393756454533,0.0435468675122496,0.20310965013578,0.118862851392592,0.0122850589179996,0.12443262404108,0.0195755386535578,0.0115873374834677,-0.0843533155659465,-0.0774581283167416,-0.108476809998958,0.0622460070174021,0.0498360411750326,-0.0678445508051584,0.122262081491276,-0.125158700403283,-0.0572940829476338,0.00950420679219434,0.268596189584586,0.0149342861928534,0.136128887141052,-0.131689738024709,0.0806064490139636,0.00423076315068275,-0.0237325543965337
"POC_R120_C2",0.264554376180129,-0.106324290233506,0.111594403806195,0.0765923645703962,0.136336943135328,-0.0897697289242415,-0.0424594551434874,-0.120505981887427,0.049620416824689,-0.109689895999768,0.0273650070952803,-0.130939345592849,-0.199343234235677,-0.120818221075967,0.0198974592935747,-0.0949529494379156,-0.0800140527070205,0.0796966505692328,0.161564446450899,0.00538085016003684,0.0275708717217463,-0.076442788350647,0.0949453414139924,0.119015771222239,-0.02256789922797
"POC_R120_C3",0.21074039582334,-0.0724946405070561,0.113735424703733,0.0797988295045406,0.0990896633220514,-0.0478333962234208,-0.0356936327906999,-0.0781188470124027,0.0126071266289106,0.0231993222851712,-0.0329562046579153,-0.099623438462158,-0.238810030240575,-0.126775713204676,0.0708373283408564,-0.11002604601747,-0.0565195370863815,0.124790028991985,0.19516014019854,0.052672748858858,0.0454509675661127,-0.109237521361706,0.0906217853159197,0.142854838386605,-0.064987063660108
"POC_R120_H1",0.234572584559452,-0.170823413391447,-0.0251935534911498,-0.0765822043819572,-0.218804891013685,0.245829142466621,0.157038744525898,0.0437478678323636,0.202493176736153,0.151333836604646,0.313303198435522,0.20572007461114,0.0627951768594627,0.0754688970413063,-0.012852977162388,0.176766266574272,-0.0687960414559561,0.316396710207858,-0.199166941442668,-0.180154532342461,-0.224611578261748,0.0189316765949518,-0.22856328654657,-0.400249058079999,0.104658343658564
"POC_R120_H2",0.0447428244062023,-0.0390102575967168,0.0344317057261731,-0.209609475284451,0.146198002706218,-0.202762841001014,0.126548729334181,0.215872197193661,0.346860215695854,0.222197959574795,0.273029353156528,-0.0942115660562059,-0.212142042325182,-0.380068985491755,0.140666783146916,0.195375765742448,0.121507420178837,0.279646886777759,-0.0405562694967297,-0.129364536862457,-0.235950001588872,-0.355496180920264,-0.202726621106439,-0.127800857526153,0.0313460586420032
"POC_R120_H3",0.10157872752941,-0.0353522783728669,-0.0136978856325756,-0.141277578947741,-0.0066827508608511,-0.036437950678339,0.111268017827461,0.0704110357894504,0.290238498088027,0.274859378872893,0.278921579259127,-0.00817851230710859,-0.178179059973745,0.0622355646422746,0.182873394142806,0.221672356079945,0.0322591290082448,-0.319263245734747,-0.0598897680799998,-0.117248149407648,-0.291439050666542,-0.284145708544683,-0.243548467162809,-0.215889675644854,0.0756157455835989
