accession	message	sample_name	sample_title	bioproject_accession	organism	isolate	breed	host	isolation_source	collection_date	geo_loc_name	tissue	age	altitude	biomaterial_provider	collected_by	depth	dev_stage	env_broad_scale	host_tissue_sampled	identified_by	lat_lon	sex	specimen_voucher	temp	description	treatment	timepoint	replicate
SAMN56252319	Successfully loaded	POC_R0_C1			Pocillopora acuta	not applicable	not applicable	not applicable	not applicable	2025-07-09	USA: Rhode Island	whole organism			Hollie Putnam	Zoe Dellaert		Adult							25 C	Nubbin of lab-acclimated coral sampled after (timepoint) hours of ambient conditions	Control	0 hr	1
SAMN56252320	Successfully loaded	POC_R0_C2			Pocillopora acuta	not applicable	not applicable	not applicable	not applicable	2025-07-09	USA: Rhode Island	whole organism			Hollie Putnam	Zoe Dellaert		Adult							25 C	Nubbin of lab-acclimated coral sampled after (timepoint) hours of ambient conditions	Control	0 hr	2
SAMN56252321	Successfully loaded	POC_R0_C3			Pocillopora acuta	not applicable	not applicable	not applicable	not applicable	2025-07-09	USA: Rhode Island	whole organism			Hollie Putnam	Zoe Dellaert		Adult							25 C	Nubbin of lab-acclimated coral sampled after (timepoint) hours of ambient conditions	Control	0 hr	3
SAMN56252322	Successfully loaded	POC_R0_H1			Pocillopora acuta	not applicable	not applicable	not applicable	not applicable	2025-07-09	USA: Rhode Island	whole organism			Hollie Putnam	Zoe Dellaert		Adult							25 C	Nubbin of lab-acclimated coral sampled after (timepoint) hours of acute thermal stress	Heat	0 hr	1
SAMN56252323	Successfully loaded	POC_R0_H2			Pocillopora acuta	not applicable	not applicable	not applicable	not applicable	2025-07-09	USA: Rhode Island	whole organism			Hollie Putnam	Zoe Dellaert		Adult							25 C	Nubbin of lab-acclimated coral sampled after (timepoint) hours of acute thermal stress	Heat	0 hr	2
SAMN56252324	Successfully loaded	POC_R0_H3			Pocillopora acuta	not applicable	not applicable	not applicable	not applicable	2025-07-09	USA: Rhode Island	whole organism			Hollie Putnam	Zoe Dellaert		Adult							25 C	Nubbin of lab-acclimated coral sampled after (timepoint) hours of acute thermal stress	Heat	0 hr	3
SAMN56252325	Successfully loaded	POC_R1_C1			Pocillopora acuta	not applicable	not applicable	not applicable	not applicable	2025-07-09	USA: Rhode Island	whole organism			Hollie Putnam	Zoe Dellaert		Adult							25 C	Nubbin of lab-acclimated coral sampled after (timepoint) hours of ambient conditions	Control	1 hr	1
SAMN56252326	Successfully loaded	POC_R1_C2			Pocillopora acuta	not applicable	not applicable	not applicable	not applicable	2025-07-09	USA: Rhode Island	whole organism			Hollie Putnam	Zoe Dellaert		Adult							25 C	Nubbin of lab-acclimated coral sampled after (timepoint) hours of ambient conditions	Control	1 hr	2
SAMN56252327	Successfully loaded	POC_R1_C3			Pocillopora acuta	not applicable	not applicable	not applicable	not applicable	2025-07-09	USA: Rhode Island	whole organism			Hollie Putnam	Zoe Dellaert		Adult							25 C	Nubbin of lab-acclimated coral sampled after (timepoint) hours of ambient conditions	Control	1 hr	3
SAMN56252328	Successfully loaded	POC_R1_H1			Pocillopora acuta	not applicable	not applicable	not applicable	not applicable	2025-07-09	USA: Rhode Island	whole organism			Hollie Putnam	Zoe Dellaert		Adult							32 C	Nubbin of lab-acclimated coral sampled after (timepoint) hours of acute thermal stress	Heat	1 hr	1
SAMN56252329	Successfully loaded	POC_R1_H2			Pocillopora acuta	not applicable	not applicable	not applicable	not applicable	2025-07-09	USA: Rhode Island	whole organism			Hollie Putnam	Zoe Dellaert		Adult							32 C	Nubbin of lab-acclimated coral sampled after (timepoint) hours of acute thermal stress	Heat	1 hr	2
SAMN56252330	Successfully loaded	POC_R1_H3			Pocillopora acuta	not applicable	not applicable	not applicable	not applicable	2025-07-09	USA: Rhode Island	whole organism			Hollie Putnam	Zoe Dellaert		Adult							32 C	Nubbin of lab-acclimated coral sampled after (timepoint) hours of acute thermal stress	Heat	1 hr	3
SAMN56252331	Successfully loaded	POC_R3_C1			Pocillopora acuta	not applicable	not applicable	not applicable	not applicable	2025-07-09	USA: Rhode Island	whole organism			Hollie Putnam	Zoe Dellaert		Adult							25 C	Nubbin of lab-acclimated coral sampled after (timepoint) hours of ambient conditions	Control	3 hr	1
SAMN56252332	Successfully loaded	POC_R3_C2			Pocillopora acuta	not applicable	not applicable	not applicable	not applicable	2025-07-09	USA: Rhode Island	whole organism			Hollie Putnam	Zoe Dellaert		Adult							25 C	Nubbin of lab-acclimated coral sampled after (timepoint) hours of ambient conditions	Control	3 hr	2
SAMN56252333	Successfully loaded	POC_R3_C3			Pocillopora acuta	not applicable	not applicable	not applicable	not applicable	2025-07-09	USA: Rhode Island	whole organism			Hollie Putnam	Zoe Dellaert		Adult							25 C	Nubbin of lab-acclimated coral sampled after (timepoint) hours of ambient conditions	Control	3 hr	3
SAMN56252334	Successfully loaded	POC_R3_H1			Pocillopora acuta	not applicable	not applicable	not applicable	not applicable	2025-07-09	USA: Rhode Island	whole organism			Hollie Putnam	Zoe Dellaert		Adult							32 C	Nubbin of lab-acclimated coral sampled after (timepoint) hours of acute thermal stress	Heat	3 hr	1
SAMN56252335	Successfully loaded	POC_R3_H2			Pocillopora acuta	not applicable	not applicable	not applicable	not applicable	2025-07-09	USA: Rhode Island	whole organism			Hollie Putnam	Zoe Dellaert		Adult							32 C	Nubbin of lab-acclimated coral sampled after (timepoint) hours of acute thermal stress	Heat	3 hr	2
SAMN56252336	Successfully loaded	POC_R3_H3			Pocillopora acuta	not applicable	not applicable	not applicable	not applicable	2025-07-09	USA: Rhode Island	whole organism			Hollie Putnam	Zoe Dellaert		Adult							32 C	Nubbin of lab-acclimated coral sampled after (timepoint) hours of acute thermal stress	Heat	3 hr	3
SAMN56252337	Successfully loaded	POC_R12_C1			Pocillopora acuta	not applicable	not applicable	not applicable	not applicable	2025-07-09	USA: Rhode Island	whole organism			Hollie Putnam	Zoe Dellaert		Adult							25 C	Nubbin of lab-acclimated coral sampled after (timepoint) hours of ambient conditions	Control	12 hr	1
SAMN56252338	Successfully loaded	POC_R12_C2			Pocillopora acuta	not applicable	not applicable	not applicable	not applicable	2025-07-09	USA: Rhode Island	whole organism			Hollie Putnam	Zoe Dellaert		Adult							25 C	Nubbin of lab-acclimated coral sampled after (timepoint) hours of ambient conditions	Control	12 hr	2
SAMN56252339	Successfully loaded	POC_R12_C3			Pocillopora acuta	not applicable	not applicable	not applicable	not applicable	2025-07-09	USA: Rhode Island	whole organism			Hollie Putnam	Zoe Dellaert		Adult							25 C	Nubbin of lab-acclimated coral sampled after (timepoint) hours of ambient conditions	Control	12 hr	3
SAMN56252340	Successfully loaded	POC_R12_H1			Pocillopora acuta	not applicable	not applicable	not applicable	not applicable	2025-07-09	USA: Rhode Island	whole organism			Hollie Putnam	Zoe Dellaert		Adult							32 C	Nubbin of lab-acclimated coral sampled after (timepoint) hours of acute thermal stress	Heat	12 hr	1
SAMN56252341	Successfully loaded	POC_R12_H2			Pocillopora acuta	not applicable	not applicable	not applicable	not applicable	2025-07-09	USA: Rhode Island	whole organism			Hollie Putnam	Zoe Dellaert		Adult							32 C	Nubbin of lab-acclimated coral sampled after (timepoint) hours of acute thermal stress	Heat	12 hr	2
SAMN56252342	Successfully loaded	POC_R12_H3			Pocillopora acuta	not applicable	not applicable	not applicable	not applicable	2025-07-09	USA: Rhode Island	whole organism			Hollie Putnam	Zoe Dellaert		Adult							32 C	Nubbin of lab-acclimated coral sampled after (timepoint) hours of acute thermal stress	Heat	12 hr	3
SAMN56252343	Successfully loaded	POC_R24_C1			Pocillopora acuta	not applicable	not applicable	not applicable	not applicable	2025-07-10	USA: Rhode Island	whole organism			Hollie Putnam	Zoe Dellaert		Adult							25 C	Nubbin of lab-acclimated coral sampled after (timepoint) hours of ambient conditions	Control	24 hr	1
SAMN56252344	Successfully loaded	POC_R24_C2			Pocillopora acuta	not applicable	not applicable	not applicable	not applicable	2025-07-10	USA: Rhode Island	whole organism			Hollie Putnam	Zoe Dellaert		Adult							25 C	Nubbin of lab-acclimated coral sampled after (timepoint) hours of ambient conditions	Control	24 hr	2
SAMN56252345	Successfully loaded	POC_R24_C3			Pocillopora acuta	not applicable	not applicable	not applicable	not applicable	2025-07-10	USA: Rhode Island	whole organism			Hollie Putnam	Zoe Dellaert		Adult							25 C	Nubbin of lab-acclimated coral sampled after (timepoint) hours of ambient conditions	Control	24 hr	3
SAMN56252346	Successfully loaded	POC_R24_H1			Pocillopora acuta	not applicable	not applicable	not applicable	not applicable	2025-07-10	USA: Rhode Island	whole organism			Hollie Putnam	Zoe Dellaert		Adult							32 C	Nubbin of lab-acclimated coral sampled after (timepoint) hours of acute thermal stress	Heat	24 hr	1
SAMN56252347	Successfully loaded	POC_R24_H2			Pocillopora acuta	not applicable	not applicable	not applicable	not applicable	2025-07-10	USA: Rhode Island	whole organism			Hollie Putnam	Zoe Dellaert		Adult							32 C	Nubbin of lab-acclimated coral sampled after (timepoint) hours of acute thermal stress	Heat	24 hr	2
SAMN56252348	Successfully loaded	POC_R24_H3			Pocillopora acuta	not applicable	not applicable	not applicable	not applicable	2025-07-10	USA: Rhode Island	whole organism			Hollie Putnam	Zoe Dellaert		Adult							32 C	Nubbin of lab-acclimated coral sampled after (timepoint) hours of acute thermal stress	Heat	24 hr	3
SAMN56252349	Successfully loaded	POC_R72_C1			Pocillopora acuta	not applicable	not applicable	not applicable	not applicable	2025-07-12	USA: Rhode Island	whole organism			Hollie Putnam	Zoe Dellaert		Adult							25 C	Nubbin of lab-acclimated coral sampled after (timepoint) hours of ambient conditions	Control	72 hr	1
SAMN56252350	Successfully loaded	POC_R72_C2			Pocillopora acuta	not applicable	not applicable	not applicable	not applicable	2025-07-12	USA: Rhode Island	whole organism			Hollie Putnam	Zoe Dellaert		Adult							25 C	Nubbin of lab-acclimated coral sampled after (timepoint) hours of ambient conditions	Control	72 hr	2
SAMN56252351	Successfully loaded	POC_R72_C3			Pocillopora acuta	not applicable	not applicable	not applicable	not applicable	2025-07-12	USA: Rhode Island	whole organism			Hollie Putnam	Zoe Dellaert		Adult							25 C	Nubbin of lab-acclimated coral sampled after (timepoint) hours of ambient conditions	Control	72 hr	3
SAMN56252352	Successfully loaded	POC_R72_H1			Pocillopora acuta	not applicable	not applicable	not applicable	not applicable	2025-07-12	USA: Rhode Island	whole organism			Hollie Putnam	Zoe Dellaert		Adult							32 C	Nubbin of lab-acclimated coral sampled after (timepoint) hours of acute thermal stress	Heat	72 hr	1
SAMN56252353	Successfully loaded	POC_R72_H2			Pocillopora acuta	not applicable	not applicable	not applicable	not applicable	2025-07-12	USA: Rhode Island	whole organism			Hollie Putnam	Zoe Dellaert		Adult							32 C	Nubbin of lab-acclimated coral sampled after (timepoint) hours of acute thermal stress	Heat	72 hr	2
SAMN56252354	Successfully loaded	POC_R72_H3			Pocillopora acuta	not applicable	not applicable	not applicable	not applicable	2025-07-12	USA: Rhode Island	whole organism			Hollie Putnam	Zoe Dellaert		Adult							32 C	Nubbin of lab-acclimated coral sampled after (timepoint) hours of acute thermal stress	Heat	72 hr	3
SAMN56252355	Successfully loaded	POC_R120_C1			Pocillopora acuta	not applicable	not applicable	not applicable	not applicable	2025-07-14	USA: Rhode Island	whole organism			Hollie Putnam	Zoe Dellaert		Adult							25 C	Nubbin of lab-acclimated coral sampled after (timepoint) hours of ambient conditions	Control	120 hr	1
SAMN56252356	Successfully loaded	POC_R120_C2			Pocillopora acuta	not applicable	not applicable	not applicable	not applicable	2025-07-14	USA: Rhode Island	whole organism			Hollie Putnam	Zoe Dellaert		Adult							25 C	Nubbin of lab-acclimated coral sampled after (timepoint) hours of ambient conditions	Control	120 hr	2
SAMN56252357	Successfully loaded	POC_R120_C3			Pocillopora acuta	not applicable	not applicable	not applicable	not applicable	2025-07-14	USA: Rhode Island	whole organism			Hollie Putnam	Zoe Dellaert		Adult							25 C	Nubbin of lab-acclimated coral sampled after (timepoint) hours of ambient conditions	Control	120 hr	3
SAMN56252358	Successfully loaded	POC_R120_H1			Pocillopora acuta	not applicable	not applicable	not applicable	not applicable	2025-07-14	USA: Rhode Island	whole organism			Hollie Putnam	Zoe Dellaert		Adult							32 C	Nubbin of lab-acclimated coral sampled after (timepoint) hours of acute thermal stress	Heat	120 hr	1
SAMN56252359	Successfully loaded	POC_R120_H2			Pocillopora acuta	not applicable	not applicable	not applicable	not applicable	2025-07-14	USA: Rhode Island	whole organism			Hollie Putnam	Zoe Dellaert		Adult							32 C	Nubbin of lab-acclimated coral sampled after (timepoint) hours of acute thermal stress	Heat	120 hr	2
SAMN56252360	Successfully loaded	POC_R120_H3			Pocillopora acuta	not applicable	not applicable	not applicable	not applicable	2025-07-14	USA: Rhode Island	whole organism			Hollie Putnam	Zoe Dellaert		Adult							32 C	Nubbin of lab-acclimated coral sampled after (timepoint) hours of acute thermal stress	Heat	120 hr	3
SAMN56252361	Successfully loaded	MON_R0_C1			Montipora capitata	not applicable	not applicable	not applicable	not applicable	2025-07-02	USA: Hawaii, Oahu, Kaneohe Bay	whole organism			Hollie Putnam	Zoe Dellaert		Adult							25 C	Nubbin of lab-acclimated coral sampled after (timepoint) hours of ambient conditions	Control	0 hr	1
SAMN56252362	Successfully loaded	MON_R0_C2			Montipora capitata	not applicable	not applicable	not applicable	not applicable	2025-07-02	USA: Hawaii, Oahu, Kaneohe Bay	whole organism			Hollie Putnam	Zoe Dellaert		Adult							25 C	Nubbin of lab-acclimated coral sampled after (timepoint) hours of ambient conditions	Control	0 hr	2
SAMN56252363	Successfully loaded	MON_R0_C3			Montipora capitata	not applicable	not applicable	not applicable	not applicable	2025-07-02	USA: Hawaii, Oahu, Kaneohe Bay	whole organism			Hollie Putnam	Zoe Dellaert		Adult							25 C	Nubbin of lab-acclimated coral sampled after (timepoint) hours of ambient conditions	Control	0 hr	3
SAMN56252364	Successfully loaded	MON_R0_H1			Montipora capitata	not applicable	not applicable	not applicable	not applicable	2025-07-02	USA: Hawaii, Oahu, Kaneohe Bay	whole organism			Hollie Putnam	Zoe Dellaert		Adult							25 C	Nubbin of lab-acclimated coral sampled after (timepoint) hours of acute thermal stress	Heat	0 hr	1
SAMN56252365	Successfully loaded	MON_R0_H2			Montipora capitata	not applicable	not applicable	not applicable	not applicable	2025-07-02	USA: Hawaii, Oahu, Kaneohe Bay	whole organism			Hollie Putnam	Zoe Dellaert		Adult							25 C	Nubbin of lab-acclimated coral sampled after (timepoint) hours of acute thermal stress	Heat	0 hr	2
SAMN56252366	Successfully loaded	MON_R0_H3			Montipora capitata	not applicable	not applicable	not applicable	not applicable	2025-07-02	USA: Hawaii, Oahu, Kaneohe Bay	whole organism			Hollie Putnam	Zoe Dellaert		Adult							25 C	Nubbin of lab-acclimated coral sampled after (timepoint) hours of acute thermal stress	Heat	0 hr	3
SAMN56252367	Successfully loaded	MON_R1_C1			Montipora capitata	not applicable	not applicable	not applicable	not applicable	2025-07-02	USA: Hawaii, Oahu, Kaneohe Bay	whole organism			Hollie Putnam	Zoe Dellaert		Adult							25 C	Nubbin of lab-acclimated coral sampled after (timepoint) hours of ambient conditions	Control	1 hr	1
SAMN56252368	Successfully loaded	MON_R1_C2			Montipora capitata	not applicable	not applicable	not applicable	not applicable	2025-07-02	USA: Hawaii, Oahu, Kaneohe Bay	whole organism			Hollie Putnam	Zoe Dellaert		Adult							25 C	Nubbin of lab-acclimated coral sampled after (timepoint) hours of ambient conditions	Control	1 hr	2
SAMN56252369	Successfully loaded	MON_R1_C3			Montipora capitata	not applicable	not applicable	not applicable	not applicable	2025-07-02	USA: Hawaii, Oahu, Kaneohe Bay	whole organism			Hollie Putnam	Zoe Dellaert		Adult							25 C	Nubbin of lab-acclimated coral sampled after (timepoint) hours of ambient conditions	Control	1 hr	3
SAMN56252370	Successfully loaded	MON_R1_H1			Montipora capitata	not applicable	not applicable	not applicable	not applicable	2025-07-02	USA: Hawaii, Oahu, Kaneohe Bay	whole organism			Hollie Putnam	Zoe Dellaert		Adult							32 C	Nubbin of lab-acclimated coral sampled after (timepoint) hours of acute thermal stress	Heat	1 hr	1
SAMN56252371	Successfully loaded	MON_R1_H2			Montipora capitata	not applicable	not applicable	not applicable	not applicable	2025-07-02	USA: Hawaii, Oahu, Kaneohe Bay	whole organism			Hollie Putnam	Zoe Dellaert		Adult							32 C	Nubbin of lab-acclimated coral sampled after (timepoint) hours of acute thermal stress	Heat	1 hr	2
SAMN56252372	Successfully loaded	MON_R1_H3			Montipora capitata	not applicable	not applicable	not applicable	not applicable	2025-07-02	USA: Hawaii, Oahu, Kaneohe Bay	whole organism			Hollie Putnam	Zoe Dellaert		Adult							32 C	Nubbin of lab-acclimated coral sampled after (timepoint) hours of acute thermal stress	Heat	1 hr	3
SAMN56252373	Successfully loaded	MON_R3_C1			Montipora capitata	not applicable	not applicable	not applicable	not applicable	2025-07-02	USA: Hawaii, Oahu, Kaneohe Bay	whole organism			Hollie Putnam	Zoe Dellaert		Adult							25 C	Nubbin of lab-acclimated coral sampled after (timepoint) hours of ambient conditions	Control	3 hr	1
SAMN56252374	Successfully loaded	MON_R3_C2			Montipora capitata	not applicable	not applicable	not applicable	not applicable	2025-07-02	USA: Hawaii, Oahu, Kaneohe Bay	whole organism			Hollie Putnam	Zoe Dellaert		Adult							25 C	Nubbin of lab-acclimated coral sampled after (timepoint) hours of ambient conditions	Control	3 hr	2
SAMN56252375	Successfully loaded	MON_R3_C3			Montipora capitata	not applicable	not applicable	not applicable	not applicable	2025-07-02	USA: Hawaii, Oahu, Kaneohe Bay	whole organism			Hollie Putnam	Zoe Dellaert		Adult							25 C	Nubbin of lab-acclimated coral sampled after (timepoint) hours of ambient conditions	Control	3 hr	3
SAMN56252376	Successfully loaded	MON_R3_H1			Montipora capitata	not applicable	not applicable	not applicable	not applicable	2025-07-02	USA: Hawaii, Oahu, Kaneohe Bay	whole organism			Hollie Putnam	Zoe Dellaert		Adult							32 C	Nubbin of lab-acclimated coral sampled after (timepoint) hours of acute thermal stress	Heat	3 hr	1
SAMN56252377	Successfully loaded	MON_R3_H2			Montipora capitata	not applicable	not applicable	not applicable	not applicable	2025-07-02	USA: Hawaii, Oahu, Kaneohe Bay	whole organism			Hollie Putnam	Zoe Dellaert		Adult							32 C	Nubbin of lab-acclimated coral sampled after (timepoint) hours of acute thermal stress	Heat	3 hr	2
SAMN56252378	Successfully loaded	MON_R3_H3			Montipora capitata	not applicable	not applicable	not applicable	not applicable	2025-07-02	USA: Hawaii, Oahu, Kaneohe Bay	whole organism			Hollie Putnam	Zoe Dellaert		Adult							32 C	Nubbin of lab-acclimated coral sampled after (timepoint) hours of acute thermal stress	Heat	3 hr	3
SAMN56252379	Successfully loaded	MON_R12_C1			Montipora capitata	not applicable	not applicable	not applicable	not applicable	2025-07-02	USA: Hawaii, Oahu, Kaneohe Bay	whole organism			Hollie Putnam	Zoe Dellaert		Adult							25 C	Nubbin of lab-acclimated coral sampled after (timepoint) hours of ambient conditions	Control	12 hr	1
SAMN56252380	Successfully loaded	MON_R12_C2			Montipora capitata	not applicable	not applicable	not applicable	not applicable	2025-07-02	USA: Hawaii, Oahu, Kaneohe Bay	whole organism			Hollie Putnam	Zoe Dellaert		Adult							25 C	Nubbin of lab-acclimated coral sampled after (timepoint) hours of ambient conditions	Control	12 hr	2
SAMN56252381	Successfully loaded	MON_R12_C3			Montipora capitata	not applicable	not applicable	not applicable	not applicable	2025-07-02	USA: Hawaii, Oahu, Kaneohe Bay	whole organism			Hollie Putnam	Zoe Dellaert		Adult							25 C	Nubbin of lab-acclimated coral sampled after (timepoint) hours of ambient conditions	Control	12 hr	3
SAMN56252382	Successfully loaded	MON_R12_H1			Montipora capitata	not applicable	not applicable	not applicable	not applicable	2025-07-02	USA: Hawaii, Oahu, Kaneohe Bay	whole organism			Hollie Putnam	Zoe Dellaert		Adult							32 C	Nubbin of lab-acclimated coral sampled after (timepoint) hours of acute thermal stress	Heat	12 hr	1
SAMN56252383	Successfully loaded	MON_R12_H2			Montipora capitata	not applicable	not applicable	not applicable	not applicable	2025-07-02	USA: Hawaii, Oahu, Kaneohe Bay	whole organism			Hollie Putnam	Zoe Dellaert		Adult							32 C	Nubbin of lab-acclimated coral sampled after (timepoint) hours of acute thermal stress	Heat	12 hr	2
SAMN56252384	Successfully loaded	MON_R12_H3			Montipora capitata	not applicable	not applicable	not applicable	not applicable	2025-07-02	USA: Hawaii, Oahu, Kaneohe Bay	whole organism			Hollie Putnam	Zoe Dellaert		Adult							32 C	Nubbin of lab-acclimated coral sampled after (timepoint) hours of acute thermal stress	Heat	12 hr	3
SAMN56252385	Successfully loaded	MON_R24_C1			Montipora capitata	not applicable	not applicable	not applicable	not applicable	2025-07-03	USA: Hawaii, Oahu, Kaneohe Bay	whole organism			Hollie Putnam	Zoe Dellaert		Adult							25 C	Nubbin of lab-acclimated coral sampled after (timepoint) hours of ambient conditions	Control	24 hr	1
SAMN56252386	Successfully loaded	MON_R24_C2			Montipora capitata	not applicable	not applicable	not applicable	not applicable	2025-07-03	USA: Hawaii, Oahu, Kaneohe Bay	whole organism			Hollie Putnam	Zoe Dellaert		Adult							25 C	Nubbin of lab-acclimated coral sampled after (timepoint) hours of ambient conditions	Control	24 hr	2
SAMN56252387	Successfully loaded	MON_R24_C3			Montipora capitata	not applicable	not applicable	not applicable	not applicable	2025-07-03	USA: Hawaii, Oahu, Kaneohe Bay	whole organism			Hollie Putnam	Zoe Dellaert		Adult							25 C	Nubbin of lab-acclimated coral sampled after (timepoint) hours of ambient conditions	Control	24 hr	3
SAMN56252388	Successfully loaded	MON_R24_H1			Montipora capitata	not applicable	not applicable	not applicable	not applicable	2025-07-03	USA: Hawaii, Oahu, Kaneohe Bay	whole organism			Hollie Putnam	Zoe Dellaert		Adult							32 C	Nubbin of lab-acclimated coral sampled after (timepoint) hours of acute thermal stress	Heat	24 hr	1
SAMN56252389	Successfully loaded	MON_R24_H2			Montipora capitata	not applicable	not applicable	not applicable	not applicable	2025-07-03	USA: Hawaii, Oahu, Kaneohe Bay	whole organism			Hollie Putnam	Zoe Dellaert		Adult							32 C	Nubbin of lab-acclimated coral sampled after (timepoint) hours of acute thermal stress	Heat	24 hr	2
SAMN56252390	Successfully loaded	MON_R24_H3			Montipora capitata	not applicable	not applicable	not applicable	not applicable	2025-07-03	USA: Hawaii, Oahu, Kaneohe Bay	whole organism			Hollie Putnam	Zoe Dellaert		Adult							32 C	Nubbin of lab-acclimated coral sampled after (timepoint) hours of acute thermal stress	Heat	24 hr	3
SAMN56252391	Successfully loaded	MON_R72_C1			Montipora capitata	not applicable	not applicable	not applicable	not applicable	2025-07-05	USA: Hawaii, Oahu, Kaneohe Bay	whole organism			Hollie Putnam	Zoe Dellaert		Adult							25 C	Nubbin of lab-acclimated coral sampled after (timepoint) hours of ambient conditions	Control	72 hr	1
SAMN56252392	Successfully loaded	MON_R72_C2			Montipora capitata	not applicable	not applicable	not applicable	not applicable	2025-07-05	USA: Hawaii, Oahu, Kaneohe Bay	whole organism			Hollie Putnam	Zoe Dellaert		Adult							25 C	Nubbin of lab-acclimated coral sampled after (timepoint) hours of ambient conditions	Control	72 hr	2
SAMN56252393	Successfully loaded	MON_R72_C3			Montipora capitata	not applicable	not applicable	not applicable	not applicable	2025-07-05	USA: Hawaii, Oahu, Kaneohe Bay	whole organism			Hollie Putnam	Zoe Dellaert		Adult							25 C	Nubbin of lab-acclimated coral sampled after (timepoint) hours of ambient conditions	Control	72 hr	3
SAMN56252394	Successfully loaded	MON_R72_H1			Montipora capitata	not applicable	not applicable	not applicable	not applicable	2025-07-05	USA: Hawaii, Oahu, Kaneohe Bay	whole organism			Hollie Putnam	Zoe Dellaert		Adult							32 C	Nubbin of lab-acclimated coral sampled after (timepoint) hours of acute thermal stress	Heat	72 hr	1
SAMN56252395	Successfully loaded	MON_R72_H2			Montipora capitata	not applicable	not applicable	not applicable	not applicable	2025-07-05	USA: Hawaii, Oahu, Kaneohe Bay	whole organism			Hollie Putnam	Zoe Dellaert		Adult							32 C	Nubbin of lab-acclimated coral sampled after (timepoint) hours of acute thermal stress	Heat	72 hr	2
SAMN56252396	Successfully loaded	MON_R72_H3			Montipora capitata	not applicable	not applicable	not applicable	not applicable	2025-07-05	USA: Hawaii, Oahu, Kaneohe Bay	whole organism			Hollie Putnam	Zoe Dellaert		Adult							32 C	Nubbin of lab-acclimated coral sampled after (timepoint) hours of acute thermal stress	Heat	72 hr	3
SAMN56252397	Successfully loaded	MON_R120_C1			Montipora capitata	not applicable	not applicable	not applicable	not applicable	2025-07-07	USA: Hawaii, Oahu, Kaneohe Bay	whole organism			Hollie Putnam	Zoe Dellaert		Adult							25 C	Nubbin of lab-acclimated coral sampled after (timepoint) hours of ambient conditions	Control	120 hr	1
SAMN56252398	Successfully loaded	MON_R120_C2			Montipora capitata	not applicable	not applicable	not applicable	not applicable	2025-07-07	USA: Hawaii, Oahu, Kaneohe Bay	whole organism			Hollie Putnam	Zoe Dellaert		Adult							25 C	Nubbin of lab-acclimated coral sampled after (timepoint) hours of ambient conditions	Control	120 hr	2
SAMN56252399	Successfully loaded	MON_R120_C3			Montipora capitata	not applicable	not applicable	not applicable	not applicable	2025-07-07	USA: Hawaii, Oahu, Kaneohe Bay	whole organism			Hollie Putnam	Zoe Dellaert		Adult							25 C	Nubbin of lab-acclimated coral sampled after (timepoint) hours of ambient conditions	Control	120 hr	3
SAMN56252400	Successfully loaded	MON_R120_H1			Montipora capitata	not applicable	not applicable	not applicable	not applicable	2025-07-07	USA: Hawaii, Oahu, Kaneohe Bay	whole organism			Hollie Putnam	Zoe Dellaert		Adult							32 C	Nubbin of lab-acclimated coral sampled after (timepoint) hours of acute thermal stress	Heat	120 hr	1
SAMN56252401	Successfully loaded	MON_R120_H2			Montipora capitata	not applicable	not applicable	not applicable	not applicable	2025-07-07	USA: Hawaii, Oahu, Kaneohe Bay	whole organism			Hollie Putnam	Zoe Dellaert		Adult							32 C	Nubbin of lab-acclimated coral sampled after (timepoint) hours of acute thermal stress	Heat	120 hr	2
SAMN56252402	Successfully loaded	MON_R120_H3			Montipora capitata	not applicable	not applicable	not applicable	not applicable	2025-07-07	USA: Hawaii, Oahu, Kaneohe Bay	whole organism			Hollie Putnam	Zoe Dellaert		Adult							32 C	Nubbin of lab-acclimated coral sampled after (timepoint) hours of acute thermal stress	Heat	120 hr	3
SAMN56252403	Successfully loaded	POR_R0_C1			Porites compressa	not applicable	not applicable	not applicable	not applicable	2025-06-25	USA: Hawaii, Oahu, Kaneohe Bay	whole organism			Hollie Putnam	Zoe Dellaert		Adult							25 C	Nubbin of lab-acclimated coral sampled after (timepoint) hours of ambient conditions	Control	0 hr	1
SAMN56252404	Successfully loaded	POR_R0_C2			Porites compressa	not applicable	not applicable	not applicable	not applicable	2025-06-25	USA: Hawaii, Oahu, Kaneohe Bay	whole organism			Hollie Putnam	Zoe Dellaert		Adult							25 C	Nubbin of lab-acclimated coral sampled after (timepoint) hours of ambient conditions	Control	0 hr	2
SAMN56252405	Successfully loaded	POR_R0_C3			Porites compressa	not applicable	not applicable	not applicable	not applicable	2025-06-25	USA: Hawaii, Oahu, Kaneohe Bay	whole organism			Hollie Putnam	Zoe Dellaert		Adult							25 C	Nubbin of lab-acclimated coral sampled after (timepoint) hours of ambient conditions	Control	0 hr	3
SAMN56252406	Successfully loaded	POR_R0_H1			Porites compressa	not applicable	not applicable	not applicable	not applicable	2025-06-25	USA: Hawaii, Oahu, Kaneohe Bay	whole organism			Hollie Putnam	Zoe Dellaert		Adult							25 C	Nubbin of lab-acclimated coral sampled after (timepoint) hours of acute thermal stress	Heat	0 hr	1
SAMN56252407	Successfully loaded	POR_R0_H2			Porites compressa	not applicable	not applicable	not applicable	not applicable	2025-06-25	USA: Hawaii, Oahu, Kaneohe Bay	whole organism			Hollie Putnam	Zoe Dellaert		Adult							25 C	Nubbin of lab-acclimated coral sampled after (timepoint) hours of acute thermal stress	Heat	0 hr	2
SAMN56252408	Successfully loaded	POR_R0_H3			Porites compressa	not applicable	not applicable	not applicable	not applicable	2025-06-25	USA: Hawaii, Oahu, Kaneohe Bay	whole organism			Hollie Putnam	Zoe Dellaert		Adult							25 C	Nubbin of lab-acclimated coral sampled after (timepoint) hours of acute thermal stress	Heat	0 hr	3
SAMN56252409	Successfully loaded	POR_R1_C1			Porites compressa	not applicable	not applicable	not applicable	not applicable	2025-06-25	USA: Hawaii, Oahu, Kaneohe Bay	whole organism			Hollie Putnam	Zoe Dellaert		Adult							25 C	Nubbin of lab-acclimated coral sampled after (timepoint) hours of ambient conditions	Control	1 hr	1
SAMN56252410	Successfully loaded	POR_R1_C2			Porites compressa	not applicable	not applicable	not applicable	not applicable	2025-06-25	USA: Hawaii, Oahu, Kaneohe Bay	whole organism			Hollie Putnam	Zoe Dellaert		Adult							25 C	Nubbin of lab-acclimated coral sampled after (timepoint) hours of ambient conditions	Control	1 hr	2
SAMN56252411	Successfully loaded	POR_R1_C3			Porites compressa	not applicable	not applicable	not applicable	not applicable	2025-06-25	USA: Hawaii, Oahu, Kaneohe Bay	whole organism			Hollie Putnam	Zoe Dellaert		Adult							25 C	Nubbin of lab-acclimated coral sampled after (timepoint) hours of ambient conditions	Control	1 hr	3
SAMN56252412	Successfully loaded	POR_R1_H1			Porites compressa	not applicable	not applicable	not applicable	not applicable	2025-06-25	USA: Hawaii, Oahu, Kaneohe Bay	whole organism			Hollie Putnam	Zoe Dellaert		Adult							32 C	Nubbin of lab-acclimated coral sampled after (timepoint) hours of acute thermal stress	Heat	1 hr	1
SAMN56252413	Successfully loaded	POR_R1_H2			Porites compressa	not applicable	not applicable	not applicable	not applicable	2025-06-25	USA: Hawaii, Oahu, Kaneohe Bay	whole organism			Hollie Putnam	Zoe Dellaert		Adult							32 C	Nubbin of lab-acclimated coral sampled after (timepoint) hours of acute thermal stress	Heat	1 hr	2
SAMN56252414	Successfully loaded	POR_R1_H3			Porites compressa	not applicable	not applicable	not applicable	not applicable	2025-06-25	USA: Hawaii, Oahu, Kaneohe Bay	whole organism			Hollie Putnam	Zoe Dellaert		Adult							32 C	Nubbin of lab-acclimated coral sampled after (timepoint) hours of acute thermal stress	Heat	1 hr	3
SAMN56252415	Successfully loaded	POR_R3_C1			Porites compressa	not applicable	not applicable	not applicable	not applicable	2025-06-25	USA: Hawaii, Oahu, Kaneohe Bay	whole organism			Hollie Putnam	Zoe Dellaert		Adult							25 C	Nubbin of lab-acclimated coral sampled after (timepoint) hours of ambient conditions	Control	3 hr	1
SAMN56252416	Successfully loaded	POR_R3_C2			Porites compressa	not applicable	not applicable	not applicable	not applicable	2025-06-25	USA: Hawaii, Oahu, Kaneohe Bay	whole organism			Hollie Putnam	Zoe Dellaert		Adult							25 C	Nubbin of lab-acclimated coral sampled after (timepoint) hours of ambient conditions	Control	3 hr	2
SAMN56252417	Successfully loaded	POR_R3_C3			Porites compressa	not applicable	not applicable	not applicable	not applicable	2025-06-25	USA: Hawaii, Oahu, Kaneohe Bay	whole organism			Hollie Putnam	Zoe Dellaert		Adult							25 C	Nubbin of lab-acclimated coral sampled after (timepoint) hours of ambient conditions	Control	3 hr	3
SAMN56252418	Successfully loaded	POR_R3_H1			Porites compressa	not applicable	not applicable	not applicable	not applicable	2025-06-25	USA: Hawaii, Oahu, Kaneohe Bay	whole organism			Hollie Putnam	Zoe Dellaert		Adult							32 C	Nubbin of lab-acclimated coral sampled after (timepoint) hours of acute thermal stress	Heat	3 hr	1
SAMN56252419	Successfully loaded	POR_R3_H2			Porites compressa	not applicable	not applicable	not applicable	not applicable	2025-06-25	USA: Hawaii, Oahu, Kaneohe Bay	whole organism			Hollie Putnam	Zoe Dellaert		Adult							32 C	Nubbin of lab-acclimated coral sampled after (timepoint) hours of acute thermal stress	Heat	3 hr	2
SAMN56252420	Successfully loaded	POR_R3_H3			Porites compressa	not applicable	not applicable	not applicable	not applicable	2025-06-25	USA: Hawaii, Oahu, Kaneohe Bay	whole organism			Hollie Putnam	Zoe Dellaert		Adult							32 C	Nubbin of lab-acclimated coral sampled after (timepoint) hours of acute thermal stress	Heat	3 hr	3
SAMN56252421	Successfully loaded	POR_R12_C1			Porites compressa	not applicable	not applicable	not applicable	not applicable	2025-06-25	USA: Hawaii, Oahu, Kaneohe Bay	whole organism			Hollie Putnam	Zoe Dellaert		Adult							25 C	Nubbin of lab-acclimated coral sampled after (timepoint) hours of ambient conditions	Control	12 hr	1
SAMN56252422	Successfully loaded	POR_R12_C2			Porites compressa	not applicable	not applicable	not applicable	not applicable	2025-06-25	USA: Hawaii, Oahu, Kaneohe Bay	whole organism			Hollie Putnam	Zoe Dellaert		Adult							25 C	Nubbin of lab-acclimated coral sampled after (timepoint) hours of ambient conditions	Control	12 hr	2
SAMN56252423	Successfully loaded	POR_R12_C3			Porites compressa	not applicable	not applicable	not applicable	not applicable	2025-06-25	USA: Hawaii, Oahu, Kaneohe Bay	whole organism			Hollie Putnam	Zoe Dellaert		Adult							25 C	Nubbin of lab-acclimated coral sampled after (timepoint) hours of ambient conditions	Control	12 hr	3
SAMN56252424	Successfully loaded	POR_R12_H1			Porites compressa	not applicable	not applicable	not applicable	not applicable	2025-06-25	USA: Hawaii, Oahu, Kaneohe Bay	whole organism			Hollie Putnam	Zoe Dellaert		Adult							32 C	Nubbin of lab-acclimated coral sampled after (timepoint) hours of acute thermal stress	Heat	12 hr	1
SAMN56252425	Successfully loaded	POR_R12_H2			Porites compressa	not applicable	not applicable	not applicable	not applicable	2025-06-25	USA: Hawaii, Oahu, Kaneohe Bay	whole organism			Hollie Putnam	Zoe Dellaert		Adult							32 C	Nubbin of lab-acclimated coral sampled after (timepoint) hours of acute thermal stress	Heat	12 hr	2
SAMN56252426	Successfully loaded	POR_R12_H3			Porites compressa	not applicable	not applicable	not applicable	not applicable	2025-06-25	USA: Hawaii, Oahu, Kaneohe Bay	whole organism			Hollie Putnam	Zoe Dellaert		Adult							32 C	Nubbin of lab-acclimated coral sampled after (timepoint) hours of acute thermal stress	Heat	12 hr	3
SAMN56252427	Successfully loaded	POR_R24_C1			Porites compressa	not applicable	not applicable	not applicable	not applicable	2025-06-26	USA: Hawaii, Oahu, Kaneohe Bay	whole organism			Hollie Putnam	Zoe Dellaert		Adult							25 C	Nubbin of lab-acclimated coral sampled after (timepoint) hours of ambient conditions	Control	24 hr	1
SAMN56252428	Successfully loaded	POR_R24_C2			Porites compressa	not applicable	not applicable	not applicable	not applicable	2025-06-26	USA: Hawaii, Oahu, Kaneohe Bay	whole organism			Hollie Putnam	Zoe Dellaert		Adult							25 C	Nubbin of lab-acclimated coral sampled after (timepoint) hours of ambient conditions	Control	24 hr	2
SAMN56252429	Successfully loaded	POR_R24_C3			Porites compressa	not applicable	not applicable	not applicable	not applicable	2025-06-26	USA: Hawaii, Oahu, Kaneohe Bay	whole organism			Hollie Putnam	Zoe Dellaert		Adult							25 C	Nubbin of lab-acclimated coral sampled after (timepoint) hours of ambient conditions	Control	24 hr	3
SAMN56252430	Successfully loaded	POR_R24_H1			Porites compressa	not applicable	not applicable	not applicable	not applicable	2025-06-26	USA: Hawaii, Oahu, Kaneohe Bay	whole organism			Hollie Putnam	Zoe Dellaert		Adult							32 C	Nubbin of lab-acclimated coral sampled after (timepoint) hours of acute thermal stress	Heat	24 hr	1
SAMN56252431	Successfully loaded	POR_R24_H2			Porites compressa	not applicable	not applicable	not applicable	not applicable	2025-06-26	USA: Hawaii, Oahu, Kaneohe Bay	whole organism			Hollie Putnam	Zoe Dellaert		Adult							32 C	Nubbin of lab-acclimated coral sampled after (timepoint) hours of acute thermal stress	Heat	24 hr	2
SAMN56252432	Successfully loaded	POR_R24_H3			Porites compressa	not applicable	not applicable	not applicable	not applicable	2025-06-26	USA: Hawaii, Oahu, Kaneohe Bay	whole organism			Hollie Putnam	Zoe Dellaert		Adult							32 C	Nubbin of lab-acclimated coral sampled after (timepoint) hours of acute thermal stress	Heat	24 hr	3
SAMN56252433	Successfully loaded	POR_R72_C1			Porites compressa	not applicable	not applicable	not applicable	not applicable	2025-06-28	USA: Hawaii, Oahu, Kaneohe Bay	whole organism			Hollie Putnam	Zoe Dellaert		Adult							25 C	Nubbin of lab-acclimated coral sampled after (timepoint) hours of ambient conditions	Control	72 hr	1
SAMN56252434	Successfully loaded	POR_R72_C2			Porites compressa	not applicable	not applicable	not applicable	not applicable	2025-06-28	USA: Hawaii, Oahu, Kaneohe Bay	whole organism			Hollie Putnam	Zoe Dellaert		Adult							25 C	Nubbin of lab-acclimated coral sampled after (timepoint) hours of ambient conditions	Control	72 hr	2
SAMN56252435	Successfully loaded	POR_R72_C3			Porites compressa	not applicable	not applicable	not applicable	not applicable	2025-06-28	USA: Hawaii, Oahu, Kaneohe Bay	whole organism			Hollie Putnam	Zoe Dellaert		Adult							25 C	Nubbin of lab-acclimated coral sampled after (timepoint) hours of ambient conditions	Control	72 hr	3
SAMN56252436	Successfully loaded	POR_R72_H1			Porites compressa	not applicable	not applicable	not applicable	not applicable	2025-06-28	USA: Hawaii, Oahu, Kaneohe Bay	whole organism			Hollie Putnam	Zoe Dellaert		Adult							32 C	Nubbin of lab-acclimated coral sampled after (timepoint) hours of acute thermal stress	Heat	72 hr	1
SAMN56252437	Successfully loaded	POR_R72_H2			Porites compressa	not applicable	not applicable	not applicable	not applicable	2025-06-28	USA: Hawaii, Oahu, Kaneohe Bay	whole organism			Hollie Putnam	Zoe Dellaert		Adult							32 C	Nubbin of lab-acclimated coral sampled after (timepoint) hours of acute thermal stress	Heat	72 hr	2
SAMN56252438	Successfully loaded	POR_R72_H3			Porites compressa	not applicable	not applicable	not applicable	not applicable	2025-06-28	USA: Hawaii, Oahu, Kaneohe Bay	whole organism			Hollie Putnam	Zoe Dellaert		Adult							32 C	Nubbin of lab-acclimated coral sampled after (timepoint) hours of acute thermal stress	Heat	72 hr	3
SAMN56252439	Successfully loaded	POR_R120_C1			Porites compressa	not applicable	not applicable	not applicable	not applicable	2025-06-30	USA: Hawaii, Oahu, Kaneohe Bay	whole organism			Hollie Putnam	Zoe Dellaert		Adult							25 C	Nubbin of lab-acclimated coral sampled after (timepoint) hours of ambient conditions	Control	120 hr	1
SAMN56252440	Successfully loaded	POR_R120_C2			Porites compressa	not applicable	not applicable	not applicable	not applicable	2025-06-30	USA: Hawaii, Oahu, Kaneohe Bay	whole organism			Hollie Putnam	Zoe Dellaert		Adult							25 C	Nubbin of lab-acclimated coral sampled after (timepoint) hours of ambient conditions	Control	120 hr	2
SAMN56252441	Successfully loaded	POR_R120_C3			Porites compressa	not applicable	not applicable	not applicable	not applicable	2025-06-30	USA: Hawaii, Oahu, Kaneohe Bay	whole organism			Hollie Putnam	Zoe Dellaert		Adult							25 C	Nubbin of lab-acclimated coral sampled after (timepoint) hours of ambient conditions	Control	120 hr	3
SAMN56252442	Successfully loaded	POR_R120_H1			Porites compressa	not applicable	not applicable	not applicable	not applicable	2025-06-30	USA: Hawaii, Oahu, Kaneohe Bay	whole organism			Hollie Putnam	Zoe Dellaert		Adult							32 C	Nubbin of lab-acclimated coral sampled after (timepoint) hours of acute thermal stress	Heat	120 hr	1
SAMN56252443	Successfully loaded	POR_R120_H2			Porites compressa	not applicable	not applicable	not applicable	not applicable	2025-06-30	USA: Hawaii, Oahu, Kaneohe Bay	whole organism			Hollie Putnam	Zoe Dellaert		Adult							32 C	Nubbin of lab-acclimated coral sampled after (timepoint) hours of acute thermal stress	Heat	120 hr	2
SAMN56252444	Successfully loaded	POR_R120_H3			Porites compressa	not applicable	not applicable	not applicable	not applicable	2025-06-30	USA: Hawaii, Oahu, Kaneohe Bay	whole organism			Hollie Putnam	Zoe Dellaert		Adult							32 C	Nubbin of lab-acclimated coral sampled after (timepoint) hours of acute thermal stress	Heat	120 hr	3
